# WaveFront *.obj file (generated by Autodesk ATF)

mtllib load.mtl

g Body1

v 280.737296 512.651043 -108.865044
v 279.299233 512.840368 -108.865044
v 277.959171 513.395440 -108.865044
v 276.808434 514.278431 -108.865044
v 275.925443 515.429168 -108.865044
v 275.370371 516.769230 -108.865044
v 275.181046 518.207293 -108.865044
v 275.370371 519.645357 -108.865044
v 275.925443 520.985418 -108.865044
v 276.808434 522.136155 -108.865044
v 277.959171 523.019147 -108.865044
v 279.299233 523.574219 -108.865044
v 280.737296 523.763543 -108.865044
v 282.175360 523.574219 -108.865044
v 283.515421 523.019147 -108.865044
v 284.666158 522.136155 -108.865044
v 285.549150 520.985418 -108.865044
v 286.104222 519.645357 -108.865044
v 286.293546 518.207293 -108.865044
v 286.104222 516.769230 -108.865044
v 285.549150 515.429168 -108.865044
v 284.666158 514.278431 -108.865044
v 283.515421 513.395440 -108.865044
v 282.175360 512.840368 -108.865044
v 280.737296 512.651043 -102.515044
v 282.175360 512.840368 -102.515044
v 283.515421 513.395440 -102.515044
v 284.666158 514.278431 -102.515044
v 285.549150 515.429168 -102.515044
v 286.104222 516.769230 -102.515044
v 286.293546 518.207293 -102.515044
v 286.104222 519.645357 -102.515044
v 285.549150 520.985418 -102.515044
v 284.666158 522.136155 -102.515044
v 283.515421 523.019147 -102.515044
v 282.175360 523.574219 -102.515044
v 280.737296 523.763543 -102.515044
v 279.299233 523.574219 -102.515044
v 277.959171 523.019147 -102.515044
v 276.808434 522.136155 -102.515044
v 275.925443 520.985418 -102.515044
v 275.370371 519.645357 -102.515044
v 275.181046 518.207293 -102.515044
v 275.370371 516.769230 -102.515044
v 275.925443 515.429168 -102.515044
v 276.808434 514.278431 -102.515044
v 277.959171 513.395440 -102.515044
v 279.299233 512.840368 -102.515044
v 280.737296 461.851043 -108.865044
v 279.299233 462.040368 -108.865044
v 277.959171 462.595440 -108.865044
v 276.808434 463.478431 -108.865044
v 275.925443 464.629168 -108.865044
v 275.370371 465.969230 -108.865044
v 275.181046 467.407293 -108.865044
v 275.370371 468.845357 -108.865044
v 275.925443 470.185418 -108.865044
v 276.808434 471.336155 -108.865044
v 277.959171 472.219147 -108.865044
v 279.299233 472.774219 -108.865044
v 280.737296 472.963543 -108.865044
v 282.175360 472.774219 -108.865044
v 283.515421 472.219147 -108.865044
v 284.666158 471.336155 -108.865044
v 285.549150 470.185418 -108.865044
v 286.104222 468.845357 -108.865044
v 286.293546 467.407293 -108.865044
v 286.104222 465.969230 -108.865044
v 285.549150 464.629168 -108.865044
v 284.666158 463.478431 -108.865044
v 283.515421 462.595440 -108.865044
v 282.175360 462.040368 -108.865044
v 280.737296 461.851043 -102.515044
v 282.175360 462.040368 -102.515044
v 283.515421 462.595440 -102.515044
v 284.666158 463.478431 -102.515044
v 285.549150 464.629168 -102.515044
v 286.104222 465.969230 -102.515044
v 286.293546 467.407293 -102.515044
v 286.104222 468.845357 -102.515044
v 285.549150 470.185418 -102.515044
v 284.666158 471.336155 -102.515044
v 283.515421 472.219147 -102.515044
v 282.175360 472.774219 -102.515044
v 280.737296 472.963543 -102.515044
v 279.299233 472.774219 -102.515044
v 277.959171 472.219147 -102.515044
v 276.808434 471.336155 -102.515044
v 275.925443 470.185418 -102.515044
v 275.370371 468.845357 -102.515044
v 275.181046 467.407293 -102.515044
v 275.370371 465.969230 -102.515044
v 275.925443 464.629168 -102.515044
v 276.808434 463.478431 -102.515044
v 277.959171 462.595440 -102.515044
v 279.299233 462.040368 -102.515044
v 242.637296 442.007293 -45.365044
v 242.637296 442.007293 -108.865044
v 318.837296 442.007293 -108.865044
v 318.837296 442.007293 -45.365044
v 242.637296 448.357293 -45.365044
v 318.837296 448.357293 -45.365044
v 242.637296 448.357293 -102.515044
v 318.837296 448.357293 -102.515044
v 242.637296 537.257293 -102.515044
v 318.837296 537.257293 -102.515044
v 242.637296 537.257293 -45.365044
v 318.837296 537.257293 -45.365044
v 242.637296 543.607293 -45.365044
v 318.837296 543.607293 -45.365044
v 242.637296 543.607293 -108.865044
v 318.837296 543.607293 -108.865044
vt 0.635000 -1.600085 0.000000
vt -0.000000 -1.600085 0.000000
vt 0.635000 -1.745547 0.000000
vt -0.000000 -1.745547 0.000000
vt 0.635000 1.745547 0.000000
vt -0.000000 1.745547 0.000000
vt 0.635000 1.600085 0.000000
vt 0.000000 1.600085 0.000000
vt 0.635000 1.454623 0.000000
vt 0.000000 1.454623 0.000000
vt 0.635000 1.309161 0.000000
vt 0.000000 1.309161 0.000000
vt 0.635000 1.163698 0.000000
vt 0.000000 1.163698 0.000000
vt 0.635000 1.018236 0.000000
vt 0.000000 1.018236 0.000000
vt 0.635000 0.872774 0.000000
vt 0.000000 0.872774 0.000000
vt 0.635000 0.727311 0.000000
vt 0.000000 0.727311 0.000000
vt 0.635000 0.581849 0.000000
vt 0.000000 0.581849 0.000000
vt 0.635000 0.436387 0.000000
vt 0.000000 0.436387 0.000000
vt 0.635000 0.290925 0.000000
vt 0.000000 0.290925 0.000000
vt 0.635000 0.145462 0.000000
vt 0.000000 0.145462 0.000000
vt 0.635000 0.000000 0.000000
vt 0.000000 0.000000 0.000000
vt 0.635000 -0.145462 0.000000
vt -0.000000 -0.145462 0.000000
vt 0.635000 -0.290925 0.000000
vt -0.000000 -0.290925 0.000000
vt 0.635000 -0.436387 0.000000
vt -0.000000 -0.436387 0.000000
vt 0.635000 -0.581849 0.000000
vt -0.000000 -0.581849 0.000000
vt 0.635000 -0.727311 0.000000
vt -0.000000 -0.727311 0.000000
vt 0.635000 -0.872774 0.000000
vt -0.000000 -0.872774 0.000000
vt 0.635000 -1.018236 0.000000
vt -0.000000 -1.018236 0.000000
vt 0.635000 -1.163698 0.000000
vt -0.000000 -1.163698 0.000000
vt 0.635000 -1.309161 0.000000
vt -0.000000 -1.309161 0.000000
vt 0.635000 -1.454623 0.000000
vt -0.000000 -1.454623 0.000000
vt 0.635000 -1.600085 0.000000
vt -0.000000 -1.600085 0.000000
vt 0.635000 -1.745547 0.000000
vt -0.000000 -1.745547 0.000000
vt 0.635000 1.745547 0.000000
vt -0.000000 1.745547 0.000000
vt 0.635000 1.600085 0.000000
vt 0.000000 1.600085 0.000000
vt 0.635000 1.454623 0.000000
vt 0.000000 1.454623 0.000000
vt 0.635000 1.309161 0.000000
vt 0.000000 1.309161 0.000000
vt 0.635000 1.163698 0.000000
vt 0.000000 1.163698 0.000000
vt 0.635000 1.018236 0.000000
vt 0.000000 1.018236 0.000000
vt 0.635000 0.872774 0.000000
vt 0.000000 0.872774 0.000000
vt 0.635000 0.727311 0.000000
vt 0.000000 0.727311 0.000000
vt 0.635000 0.581849 0.000000
vt 0.000000 0.581849 0.000000
vt 0.635000 0.436387 0.000000
vt 0.000000 0.436387 0.000000
vt 0.635000 0.290925 0.000000
vt 0.000000 0.290925 0.000000
vt 0.635000 0.145462 0.000000
vt 0.000000 0.145462 0.000000
vt 0.635000 0.000000 0.000000
vt 0.000000 0.000000 0.000000
vt 0.635000 -0.145462 0.000000
vt -0.000000 -0.145462 0.000000
vt 0.635000 -0.290925 0.000000
vt -0.000000 -0.290925 0.000000
vt 0.635000 -0.436387 0.000000
vt -0.000000 -0.436387 0.000000
vt 0.635000 -0.581849 0.000000
vt -0.000000 -0.581849 0.000000
vt 0.635000 -0.727311 0.000000
vt -0.000000 -0.727311 0.000000
vt 0.635000 -0.872774 0.000000
vt -0.000000 -0.872774 0.000000
vt 0.635000 -1.018236 0.000000
vt -0.000000 -1.018236 0.000000
vt 0.635000 -1.163698 0.000000
vt -0.000000 -1.163698 0.000000
vt 0.635000 -1.309161 0.000000
vt -0.000000 -1.309161 0.000000
vt 0.635000 -1.454623 0.000000
vt -0.000000 -1.454623 0.000000
vt 0.000000 0.000000 0.000000
vt 6.350000 -0.000000 0.000000
vt 0.000000 7.620000 0.000000
vt 6.350000 7.620000 0.000000
vt 0.000000 0.000000 0.000000
vt 0.635000 0.000000 0.000000
vt -0.000000 7.620000 0.000000
vt 0.635000 7.620000 0.000000
vt 0.000000 0.000000 0.000000
vt 5.715000 -0.000000 0.000000
vt 0.000000 7.620000 0.000000
vt 5.715000 7.620000 0.000000
vt 8.890000 -0.000000 0.000000
vt 2.182812 3.328815 0.000000
vt 0.000000 0.000000 0.000000
vt 2.048806 3.273307 0.000000
vt 1.905000 3.254375 0.000000
vt 8.890000 7.620000 0.000000
vt 7.540625 3.810000 0.000000
vt 7.521693 3.666194 0.000000
vt 7.466185 3.532188 0.000000
vt -0.000000 7.620000 0.000000
vt 6.707187 4.291185 0.000000
vt 6.841194 4.346693 0.000000
vt 6.985000 4.365625 0.000000
vt 1.349375 3.810000 0.000000
vt 1.368307 3.953806 0.000000
vt 1.423815 4.087813 0.000000
vt 2.441693 3.666194 0.000000
vt 6.448307 3.666194 0.000000
vt 2.460625 3.810000 0.000000
vt 6.429375 3.810000 0.000000
vt 2.441693 3.953806 0.000000
vt 6.448307 3.953806 0.000000
vt 2.386185 4.087813 0.000000
vt 6.503815 4.087813 0.000000
vt 2.297886 4.202886 0.000000
vt 6.592114 4.202886 0.000000
vt 2.182812 4.291185 0.000000
vt 6.503815 3.532188 0.000000
vt 2.386185 3.532188 0.000000
vt 6.592114 3.417114 0.000000
vt 2.297886 3.417114 0.000000
vt 6.707187 3.328815 0.000000
vt 1.761194 3.273307 0.000000
vt 1.627187 3.328815 0.000000
vt 1.512114 3.417114 0.000000
vt 1.423815 3.532188 0.000000
vt 1.368307 3.666194 0.000000
vt 1.512114 4.202886 0.000000
vt 1.627187 4.291185 0.000000
vt 1.761194 4.346693 0.000000
vt 1.905000 4.365625 0.000000
vt 2.048806 4.346693 0.000000
vt 7.377886 3.417114 0.000000
vt 7.262812 3.328815 0.000000
vt 7.128806 3.273307 0.000000
vt 6.985000 3.254375 0.000000
vt 6.841194 3.273307 0.000000
vt 7.128806 4.346693 0.000000
vt 7.262812 4.291185 0.000000
vt 7.377886 4.202886 0.000000
vt 7.466185 4.087813 0.000000
vt 7.521693 3.953806 0.000000
vt 0.000000 0.000000 0.000000
vt 5.715000 0.000000 0.000000
vt 0.000000 7.620000 0.000000
vt 5.715000 7.620000 0.000000
vt 0.000000 0.000000 0.000000
vt 0.635000 -0.000000 0.000000
vt -0.000000 7.620000 0.000000
vt 0.635000 7.620000 0.000000
vt 0.000000 0.000000 0.000000
vt 6.350000 0.000000 0.000000
vt 0.000000 7.620000 0.000000
vt 6.350000 7.620000 0.000000
vt 10.160000 -0.000000 0.000000
vt 2.683806 3.273307 0.000000
vt 0.000000 0.000000 0.000000
vt 2.540000 3.254375 0.000000
vt 2.396194 3.273307 0.000000
vt 10.160000 7.620000 0.000000
vt 8.175625 3.810000 0.000000
vt 8.156693 3.666194 0.000000
vt 8.101185 3.532188 0.000000
vt -0.000000 7.620000 0.000000
vt 7.476194 4.346693 0.000000
vt 7.620000 4.365625 0.000000
vt 7.763806 4.346693 0.000000
vt 1.984375 3.810000 0.000000
vt 2.003307 3.953806 0.000000
vt 2.058815 4.087813 0.000000
vt 7.083307 3.953806 0.000000
vt 3.076693 3.953806 0.000000
vt 7.064375 3.810000 0.000000
vt 3.095625 3.810000 0.000000
vt 7.083307 3.666194 0.000000
vt 3.076693 3.666194 0.000000
vt 7.138815 3.532188 0.000000
vt 3.021185 3.532188 0.000000
vt 7.227114 3.417114 0.000000
vt 2.932886 3.417114 0.000000
vt 7.342187 3.328815 0.000000
vt 2.817812 3.328815 0.000000
vt 7.476194 3.273307 0.000000
vt 3.021185 4.087813 0.000000
vt 7.138815 4.087813 0.000000
vt 2.932886 4.202886 0.000000
vt 7.227114 4.202886 0.000000
vt 2.817812 4.291185 0.000000
vt 7.342187 4.291185 0.000000
vt 2.683806 4.346693 0.000000
vt 7.897812 4.291185 0.000000
vt 8.012886 4.202886 0.000000
vt 8.101185 4.087813 0.000000
vt 8.156693 3.953806 0.000000
vt 8.012886 3.417114 0.000000
vt 7.897812 3.328815 0.000000
vt 7.763806 3.273307 0.000000
vt 7.620000 3.254375 0.000000
vt 2.147114 4.202886 0.000000
vt 2.262187 4.291185 0.000000
vt 2.396194 4.346693 0.000000
vt 2.540000 4.365625 0.000000
vt 2.262187 3.328815 0.000000
vt 2.147114 3.417114 0.000000
vt 2.058815 3.532188 0.000000
vt 2.003307 3.666194 0.000000
vt 5.080000 -4.236357 0.000000
vt 5.080000 2.113643 0.000000
vt 4.445000 1.478643 0.000000
vt -5.080000 2.113643 0.000000
vt -4.445000 1.478643 0.000000
vt -5.080000 -4.236357 0.000000
vt -4.445000 -4.236357 0.000000
vt 4.445000 -4.236357 0.000000
vt 5.080000 -4.236357 0.000000
vt 5.080000 2.113643 0.000000
vt 4.445000 1.478643 0.000000
vt -5.080000 2.113643 0.000000
vt -4.445000 1.478643 0.000000
vt -5.080000 -4.236357 0.000000
vt -4.445000 -4.236357 0.000000
vt 4.445000 -4.236357 0.000000
vn 0.025882 0.096593 0.000000
vn 0.025882 0.096593 0.000000
vn -0.000000 0.100000 0.000000
vn -0.000000 0.100000 0.000000
vn -0.025882 0.096593 -0.000000
vn -0.025882 0.096593 -0.000000
vn -0.050000 0.086603 -0.000000
vn -0.050000 0.086603 -0.000000
vn -0.070711 0.070711 -0.000000
vn -0.070711 0.070711 -0.000000
vn -0.086603 0.050000 -0.000000
vn -0.086603 0.050000 -0.000000
vn -0.096593 0.025882 -0.000000
vn -0.096593 0.025882 -0.000000
vn -0.100000 0.000000 -0.000000
vn -0.100000 -0.000000 -0.000000
vn -0.096593 -0.025882 -0.000000
vn -0.096593 -0.025882 -0.000000
vn -0.086603 -0.050000 -0.000000
vn -0.086603 -0.050000 -0.000000
vn -0.070711 -0.070711 -0.000000
vn -0.070711 -0.070711 -0.000000
vn -0.050000 -0.086603 -0.000000
vn -0.050000 -0.086603 -0.000000
vn -0.025882 -0.096593 -0.000000
vn -0.025882 -0.096593 -0.000000
vn 0.000000 -0.100000 -0.000000
vn 0.000000 -0.100000 -0.000000
vn 0.025882 -0.096593 0.000000
vn 0.025882 -0.096593 0.000000
vn 0.050000 -0.086603 0.000000
vn 0.050000 -0.086603 0.000000
vn 0.070711 -0.070711 0.000000
vn 0.070711 -0.070711 0.000000
vn 0.086603 -0.050000 0.000000
vn 0.086603 -0.050000 0.000000
vn 0.096593 -0.025882 0.000000
vn 0.096593 -0.025882 0.000000
vn 0.100000 0.000000 0.000000
vn 0.100000 -0.000000 0.000000
vn 0.096593 0.025882 0.000000
vn 0.096593 0.025882 0.000000
vn 0.086603 0.050000 0.000000
vn 0.086603 0.050000 0.000000
vn 0.070711 0.070711 0.000000
vn 0.070711 0.070711 0.000000
vn 0.050000 0.086603 0.000000
vn 0.050000 0.086603 0.000000
vn 0.025882 0.096593 0.000000
vn 0.025882 0.096593 0.000000
vn -0.000000 0.100000 0.000000
vn -0.000000 0.100000 0.000000
vn -0.025882 0.096593 -0.000000
vn -0.025882 0.096593 -0.000000
vn -0.050000 0.086603 -0.000000
vn -0.050000 0.086603 -0.000000
vn -0.070711 0.070711 -0.000000
vn -0.070711 0.070711 -0.000000
vn -0.086603 0.050000 -0.000000
vn -0.086603 0.050000 -0.000000
vn -0.096593 0.025882 -0.000000
vn -0.096593 0.025882 -0.000000
vn -0.100000 -0.000000 -0.000000
vn -0.100000 -0.000000 -0.000000
vn -0.096593 -0.025882 -0.000000
vn -0.096593 -0.025882 -0.000000
vn -0.086603 -0.050000 -0.000000
vn -0.086603 -0.050000 -0.000000
vn -0.070711 -0.070711 -0.000000
vn -0.070711 -0.070711 -0.000000
vn -0.050000 -0.086603 -0.000000
vn -0.050000 -0.086603 -0.000000
vn -0.025882 -0.096593 -0.000000
vn -0.025882 -0.096593 -0.000000
vn 0.000000 -0.100000 -0.000000
vn 0.000000 -0.100000 -0.000000
vn 0.025882 -0.096593 0.000000
vn 0.025882 -0.096593 0.000000
vn 0.050000 -0.086603 0.000000
vn 0.050000 -0.086603 0.000000
vn 0.070711 -0.070711 0.000000
vn 0.070711 -0.070711 0.000000
vn 0.086603 -0.050000 0.000000
vn 0.086603 -0.050000 0.000000
vn 0.096593 -0.025882 0.000000
vn 0.096593 -0.025882 0.000000
vn 0.100000 -0.000000 0.000000
vn 0.100000 -0.000000 0.000000
vn 0.096593 0.025882 0.000000
vn 0.096593 0.025882 0.000000
vn 0.086603 0.050000 0.000000
vn 0.086603 0.050000 0.000000
vn 0.070711 0.070711 0.000000
vn 0.070711 0.070711 0.000000
vn 0.050000 0.086603 0.000000
vn 0.050000 0.086603 0.000000
vn 0.000000 -0.100000 -0.000000
vn 0.000000 -0.100000 -0.000000
vn 0.000000 -0.100000 -0.000000
vn 0.000000 -0.100000 -0.000000
vn -0.000000 -0.000000 0.100000
vn -0.000000 -0.000000 0.100000
vn -0.000000 -0.000000 0.100000
vn -0.000000 -0.000000 0.100000
vn -0.000000 0.100000 0.000000
vn -0.000000 0.100000 0.000000
vn -0.000000 0.100000 0.000000
vn -0.000000 0.100000 0.000000
vn -0.000000 -0.000000 0.100000
vn -0.000000 -0.000000 0.100000
vn -0.000000 -0.000000 0.100000
vn -0.000000 -0.000000 0.100000
vn -0.000000 -0.000000 0.100000
vn -0.000000 -0.000000 0.100000
vn -0.000000 -0.000000 0.100000
vn -0.000000 -0.000000 0.100000
vn -0.000000 -0.000000 0.100000
vn -0.000000 -0.000000 0.100000
vn -0.000000 -0.000000 0.100000
vn -0.000000 -0.000000 0.100000
vn -0.000000 -0.000000 0.100000
vn -0.000000 -0.000000 0.100000
vn -0.000000 -0.000000 0.100000
vn -0.000000 -0.000000 0.100000
vn -0.000000 -0.000000 0.100000
vn -0.000000 -0.000000 0.100000
vn -0.000000 -0.000000 0.100000
vn -0.000000 -0.000000 0.100000
vn -0.000000 -0.000000 0.100000
vn -0.000000 -0.000000 0.100000
vn -0.000000 -0.000000 0.100000
vn -0.000000 -0.000000 0.100000
vn -0.000000 -0.000000 0.100000
vn -0.000000 -0.000000 0.100000
vn -0.000000 -0.000000 0.100000
vn -0.000000 -0.000000 0.100000
vn -0.000000 -0.000000 0.100000
vn -0.000000 -0.000000 0.100000
vn -0.000000 -0.000000 0.100000
vn -0.000000 -0.000000 0.100000
vn -0.000000 -0.000000 0.100000
vn -0.000000 -0.000000 0.100000
vn -0.000000 -0.000000 0.100000
vn -0.000000 -0.000000 0.100000
vn -0.000000 -0.000000 0.100000
vn -0.000000 -0.000000 0.100000
vn -0.000000 -0.000000 0.100000
vn -0.000000 -0.000000 0.100000
vn -0.000000 -0.000000 0.100000
vn -0.000000 -0.000000 0.100000
vn -0.000000 -0.000000 0.100000
vn -0.000000 -0.000000 0.100000
vn -0.000000 -0.000000 0.100000
vn -0.000000 -0.000000 0.100000
vn -0.000000 -0.000000 0.100000
vn -0.000000 -0.000000 0.100000
vn -0.000000 -0.000000 0.100000
vn -0.000000 -0.000000 0.100000
vn -0.000000 -0.000000 0.100000
vn -0.000000 -0.000000 0.100000
vn 0.000000 -0.100000 -0.000000
vn 0.000000 -0.100000 -0.000000
vn 0.000000 -0.100000 -0.000000
vn 0.000000 -0.100000 -0.000000
vn -0.000000 -0.000000 0.100000
vn -0.000000 -0.000000 0.100000
vn -0.000000 -0.000000 0.100000
vn -0.000000 -0.000000 0.100000
vn -0.000000 0.100000 0.000000
vn -0.000000 0.100000 0.000000
vn -0.000000 0.100000 0.000000
vn -0.000000 0.100000 0.000000
vn 0.000000 0.000000 -0.100000
vn 0.000000 0.000000 -0.100000
vn 0.000000 0.000000 -0.100000
vn 0.000000 0.000000 -0.100000
vn 0.000000 0.000000 -0.100000
vn 0.000000 0.000000 -0.100000
vn 0.000000 0.000000 -0.100000
vn 0.000000 0.000000 -0.100000
vn 0.000000 0.000000 -0.100000
vn 0.000000 0.000000 -0.100000
vn 0.000000 0.000000 -0.100000
vn 0.000000 0.000000 -0.100000
vn 0.000000 0.000000 -0.100000
vn 0.000000 0.000000 -0.100000
vn 0.000000 0.000000 -0.100000
vn 0.000000 0.000000 -0.100000
vn 0.000000 0.000000 -0.100000
vn 0.000000 0.000000 -0.100000
vn 0.000000 0.000000 -0.100000
vn 0.000000 0.000000 -0.100000
vn 0.000000 0.000000 -0.100000
vn 0.000000 0.000000 -0.100000
vn 0.000000 0.000000 -0.100000
vn 0.000000 0.000000 -0.100000
vn 0.000000 0.000000 -0.100000
vn 0.000000 0.000000 -0.100000
vn 0.000000 0.000000 -0.100000
vn 0.000000 0.000000 -0.100000
vn 0.000000 0.000000 -0.100000
vn 0.000000 0.000000 -0.100000
vn 0.000000 0.000000 -0.100000
vn 0.000000 0.000000 -0.100000
vn 0.000000 0.000000 -0.100000
vn 0.000000 0.000000 -0.100000
vn 0.000000 0.000000 -0.100000
vn 0.000000 0.000000 -0.100000
vn 0.000000 0.000000 -0.100000
vn 0.000000 0.000000 -0.100000
vn 0.000000 0.000000 -0.100000
vn 0.000000 0.000000 -0.100000
vn 0.000000 0.000000 -0.100000
vn 0.000000 0.000000 -0.100000
vn 0.000000 0.000000 -0.100000
vn 0.000000 0.000000 -0.100000
vn 0.000000 0.000000 -0.100000
vn 0.000000 0.000000 -0.100000
vn 0.000000 0.000000 -0.100000
vn 0.000000 0.000000 -0.100000
vn 0.000000 0.000000 -0.100000
vn 0.000000 0.000000 -0.100000
vn 0.000000 0.000000 -0.100000
vn 0.000000 0.000000 -0.100000
vn -0.100000 -0.000000 -0.000000
vn -0.100000 -0.000000 -0.000000
vn -0.100000 -0.000000 -0.000000
vn -0.100000 -0.000000 -0.000000
vn -0.100000 -0.000000 -0.000000
vn -0.100000 -0.000000 -0.000000
vn -0.100000 -0.000000 -0.000000
vn -0.100000 -0.000000 -0.000000
vn 0.100000 0.000000 0.000000
vn 0.100000 0.000000 0.000000
vn 0.100000 0.000000 0.000000
vn 0.100000 0.000000 0.000000
vn 0.100000 0.000000 0.000000
vn 0.100000 0.000000 0.000000
vn 0.100000 0.000000 0.000000
vn 0.100000 0.000000 0.000000
usemtl Aluminum_-_Anodized_Rough_(Grey)
f 2/1/1 48/2/2 1/3/3
f 1/3/3 48/2/2 25/4/4
f 1/5/3 25/6/4 24/7/5
f 24/7/5 25/6/4 26/8/6
f 24/7/5 26/8/6 23/9/7
f 23/9/7 26/8/6 27/10/8
f 23/9/7 27/10/8 22/11/9
f 22/11/9 27/10/8 28/12/10
f 22/11/9 28/12/10 21/13/11
f 21/13/11 28/12/10 29/14/12
f 21/13/11 29/14/12 20/15/13
f 20/15/13 29/14/12 30/16/14
f 20/15/13 30/16/14 19/17/15
f 19/17/15 30/16/14 31/18/16
f 19/17/15 31/18/16 18/19/17
f 18/19/17 31/18/16 32/20/18
f 18/19/17 32/20/18 17/21/19
f 17/21/19 32/20/18 33/22/20
f 17/21/19 33/22/20 16/23/21
f 16/23/21 33/22/20 34/24/22
f 16/23/21 34/24/22 15/25/23
f 15/25/23 34/24/22 35/26/24
f 15/25/23 35/26/24 14/27/25
f 14/27/25 35/26/24 36/28/26
f 14/27/25 36/28/26 13/29/27
f 13/29/27 36/28/26 37/30/28
f 13/29/27 37/30/28 12/31/29
f 12/31/29 37/30/28 38/32/30
f 12/31/29 38/32/30 11/33/31
f 11/33/31 38/32/30 39/34/32
f 11/33/31 39/34/32 10/35/33
f 10/35/33 39/34/32 40/36/34
f 10/35/33 40/36/34 9/37/35
f 9/37/35 40/36/34 41/38/36
f 9/37/35 41/38/36 8/39/37
f 8/39/37 41/38/36 42/40/38
f 8/39/37 42/40/38 7/41/39
f 7/41/39 42/40/38 43/42/40
f 7/41/39 43/42/40 6/43/41
f 6/43/41 43/42/40 44/44/42
f 6/43/41 44/44/42 5/45/43
f 5/45/43 44/44/42 45/46/44
f 5/45/43 45/46/44 4/47/45
f 4/47/45 45/46/44 46/48/46
f 4/47/45 46/48/46 3/49/47
f 3/49/47 46/48/46 47/50/48
f 3/49/47 47/50/48 2/1/1
f 2/1/1 47/50/48 48/2/2
f 50/51/49 96/52/50 49/53/51
f 49/53/51 96/52/50 73/54/52
f 49/55/51 73/56/52 72/57/53
f 72/57/53 73/56/52 74/58/54
f 72/57/53 74/58/54 71/59/55
f 71/59/55 74/58/54 75/60/56
f 71/59/55 75/60/56 70/61/57
f 70/61/57 75/60/56 76/62/58
f 70/61/57 76/62/58 69/63/59
f 69/63/59 76/62/58 77/64/60
f 69/63/59 77/64/60 68/65/61
f 68/65/61 77/64/60 78/66/62
f 68/65/61 78/66/62 67/67/63
f 67/67/63 78/66/62 79/68/64
f 67/67/63 79/68/64 66/69/65
f 66/69/65 79/68/64 80/70/66
f 66/69/65 80/70/66 65/71/67
f 65/71/67 80/70/66 81/72/68
f 65/71/67 81/72/68 64/73/69
f 64/73/69 81/72/68 82/74/70
f 64/73/69 82/74/70 63/75/71
f 63/75/71 82/74/70 83/76/72
f 63/75/71 83/76/72 62/77/73
f 62/77/73 83/76/72 84/78/74
f 62/77/73 84/78/74 61/79/75
f 61/79/75 84/78/74 85/80/76
f 61/79/75 85/80/76 60/81/77
f 60/81/77 85/80/76 86/82/78
f 60/81/77 86/82/78 59/83/79
f 59/83/79 86/82/78 87/84/80
f 59/83/79 87/84/80 58/85/81
f 58/85/81 87/84/80 88/86/82
f 58/85/81 88/86/82 57/87/83
f 57/87/83 88/86/82 89/88/84
f 57/87/83 89/88/84 56/89/85
f 56/89/85 89/88/84 90/90/86
f 56/89/85 90/90/86 55/91/87
f 55/91/87 90/90/86 91/92/88
f 55/91/87 91/92/88 54/93/89
f 54/93/89 91/92/88 92/94/90
f 54/93/89 92/94/90 53/95/91
f 53/95/91 92/94/90 93/96/92
f 53/95/91 93/96/92 52/97/93
f 52/97/93 93/96/92 94/98/94
f 52/97/93 94/98/94 51/99/95
f 51/99/95 94/98/94 95/100/96
f 51/99/95 95/100/96 50/51/49
f 50/51/49 95/100/96 96/52/50
f 97/101/97 98/102/98 100/103/99
f 100/103/99 98/102/98 99/104/100
f 101/105/101 97/106/102 102/107/103
f 102/107/103 97/106/102 100/108/104
f 103/109/105 101/110/106 104/111/107
f 104/111/107 101/110/106 102/112/108
f 103/113/109 45/114/110 105/115/111
f 105/115/111 45/114/110 44/116/112
f 105/115/111 44/116/112 43/117/113
f 104/118/114 73/119/115 103/113/109
f 103/113/109 73/119/115 96/120/116
f 103/113/109 96/120/116 95/121/117
f 106/122/118 81/123/119 104/118/114
f 104/118/114 81/123/119 80/124/120
f 104/118/114 80/124/120 79/125/121
f 105/115/111 37/126/122 106/122/118
f 106/122/118 37/126/122 36/127/123
f 106/122/118 36/127/123 35/128/124
f 48/129/125 86/130/126 25/131/127
f 25/131/127 86/130/126 85/132/128
f 25/131/127 85/132/128 26/133/129
f 26/133/129 85/132/128 84/134/130
f 26/133/129 84/134/130 27/135/131
f 27/135/131 84/134/130 83/136/132
f 27/135/131 83/136/132 28/137/133
f 28/137/133 83/136/132 82/138/134
f 28/137/133 82/138/134 29/139/135
f 29/139/135 82/138/134 81/123/119
f 29/139/135 81/123/119 106/122/118
f 86/130/126 48/129/125 87/140/136
f 87/140/136 48/129/125 47/141/137
f 87/140/136 47/141/137 88/142/138
f 88/142/138 47/141/137 46/143/139
f 88/142/138 46/143/139 89/144/140
f 89/144/140 46/143/139 45/114/110
f 89/144/140 45/114/110 103/113/109
f 43/117/113 42/145/141 105/115/111
f 105/115/111 42/145/141 41/146/142
f 105/115/111 41/146/142 40/147/143
f 40/147/143 39/148/144 105/115/111
f 105/115/111 39/148/144 38/149/145
f 105/115/111 38/149/145 37/126/122
f 35/128/124 34/150/146 106/122/118
f 106/122/118 34/150/146 33/151/147
f 106/122/118 33/151/147 32/152/148
f 32/152/148 31/153/149 106/122/118
f 106/122/118 31/153/149 30/154/150
f 106/122/118 30/154/150 29/139/135
f 95/121/117 94/155/151 103/113/109
f 103/113/109 94/155/151 93/156/152
f 103/113/109 93/156/152 92/157/153
f 92/157/153 91/158/154 103/113/109
f 103/113/109 91/158/154 90/159/155
f 103/113/109 90/159/155 89/144/140
f 79/125/121 78/160/156 104/118/114
f 104/118/114 78/160/156 77/161/157
f 104/118/114 77/161/157 76/162/158
f 76/162/158 75/163/159 104/118/114
f 104/118/114 75/163/159 74/164/160
f 104/118/114 74/164/160 73/119/115
f 107/165/161 105/166/162 108/167/163
f 108/167/163 105/166/162 106/168/164
f 109/169/165 107/170/166 110/171/167
f 110/171/167 107/170/166 108/172/168
f 111/173/169 109/174/170 112/175/171
f 112/175/171 109/174/170 110/176/172
f 111/177/173 56/178/174 98/179/175
f 98/179/175 56/178/174 55/180/176
f 98/179/175 55/180/176 54/181/177
f 112/182/178 13/183/179 111/177/173
f 111/177/173 13/183/179 12/184/180
f 111/177/173 12/184/180 11/185/181
f 99/186/182 20/187/183 112/182/178
f 112/182/178 20/187/183 19/188/184
f 112/182/178 19/188/184 18/189/185
f 98/179/175 49/190/186 99/186/182
f 99/186/182 49/190/186 72/191/187
f 99/186/182 72/191/187 71/192/188
f 24/193/189 62/194/190 1/195/191
f 1/195/191 62/194/190 61/196/192
f 1/195/191 61/196/192 2/197/193
f 2/197/193 61/196/192 60/198/194
f 2/197/193 60/198/194 3/199/195
f 3/199/195 60/198/194 59/200/196
f 3/199/195 59/200/196 4/201/197
f 4/201/197 59/200/196 58/202/198
f 4/201/197 58/202/198 5/203/199
f 5/203/199 58/202/198 57/204/200
f 5/203/199 57/204/200 6/205/201
f 6/205/201 57/204/200 56/178/174
f 6/205/201 56/178/174 111/177/173
f 62/194/190 24/193/189 63/206/202
f 63/206/202 24/193/189 23/207/203
f 63/206/202 23/207/203 64/208/204
f 64/208/204 23/207/203 22/209/205
f 64/208/204 22/209/205 65/210/206
f 65/210/206 22/209/205 21/211/207
f 65/210/206 21/211/207 66/212/208
f 66/212/208 21/211/207 20/187/183
f 66/212/208 20/187/183 99/186/182
f 18/189/185 17/213/209 112/182/178
f 112/182/178 17/213/209 16/214/210
f 112/182/178 16/214/210 15/215/211
f 15/215/211 14/216/212 112/182/178
f 112/182/178 14/216/212 13/183/179
f 11/185/181 10/217/213 111/177/173
f 111/177/173 10/217/213 9/218/214
f 111/177/173 9/218/214 8/219/215
f 8/219/215 7/220/216 111/177/173
f 111/177/173 7/220/216 6/205/201
f 71/192/188 70/221/217 99/186/182
f 99/186/182 70/221/217 69/222/218
f 99/186/182 69/222/218 68/223/219
f 68/223/219 67/224/220 99/186/182
f 99/186/182 67/224/220 66/212/208
f 54/181/177 53/225/221 98/179/175
f 98/179/175 53/225/221 52/226/222
f 98/179/175 52/226/222 51/227/223
f 51/227/223 50/228/224 98/179/175
f 98/179/175 50/228/224 49/190/186
f 109/229/225 111/230/226 105/231/227
f 105/231/227 111/230/226 98/232/228
f 105/231/227 98/232/228 103/233/229
f 103/233/229 98/232/228 97/234/230
f 103/233/229 97/234/230 101/235/231
f 105/231/227 107/236/232 109/229/225
f 100/237/233 99/238/234 104/239/235
f 104/239/235 99/238/234 112/240/236
f 104/239/235 112/240/236 106/241/237
f 106/241/237 112/240/236 110/242/238
f 106/241/237 110/242/238 108/243/239
f 104/239/235 102/244/240 100/237/233
g Body2

v 826.837296 524.557293 -87.006112
v 826.837296 524.785717 -86.096930
v 826.837296 524.923663 -85.169696
v 826.837296 524.969793 -84.233394
v 826.837296 524.969793 -45.365044
v 826.837296 530.907293 -45.365044
v 826.837296 530.907293 -108.865044
v 826.837296 429.307293 -108.865044
v 826.837296 429.307293 -45.365044
v 826.837296 435.657293 -45.365044
v 826.837296 435.657293 -102.515044
v 826.837296 524.557293 -102.515044
v 903.037296 524.969793 -45.365044
v 903.037296 530.907293 -45.365044
v 864.937296 499.951043 -108.865044
v 863.499233 500.140368 -108.865044
v 862.159171 500.695440 -108.865044
v 861.008434 501.578431 -108.865044
v 860.125443 502.729168 -108.865044
v 859.570371 504.069230 -108.865044
v 859.381046 505.507293 -108.865044
v 859.570371 506.945357 -108.865044
v 860.125443 508.285418 -108.865044
v 861.008434 509.436155 -108.865044
v 862.159171 510.319147 -108.865044
v 863.499233 510.874219 -108.865044
v 864.937296 511.063543 -108.865044
v 866.375360 510.874219 -108.865044
v 867.715421 510.319147 -108.865044
v 868.866158 509.436155 -108.865044
v 869.749150 508.285418 -108.865044
v 870.304222 506.945357 -108.865044
v 870.493546 505.507293 -108.865044
v 870.304222 504.069230 -108.865044
v 869.749150 502.729168 -108.865044
v 868.866158 501.578431 -108.865044
v 867.715421 500.695440 -108.865044
v 866.375360 500.140368 -108.865044
v 864.937296 499.951043 -102.515044
v 866.375360 500.140368 -102.515044
v 867.715421 500.695440 -102.515044
v 868.866158 501.578431 -102.515044
v 869.749150 502.729168 -102.515044
v 870.304222 504.069230 -102.515044
v 870.493546 505.507293 -102.515044
v 870.304222 506.945357 -102.515044
v 869.749150 508.285418 -102.515044
v 868.866158 509.436155 -102.515044
v 867.715421 510.319147 -102.515044
v 866.375360 510.874219 -102.515044
v 864.937296 511.063543 -102.515044
v 863.499233 510.874219 -102.515044
v 862.159171 510.319147 -102.515044
v 861.008434 509.436155 -102.515044
v 860.125443 508.285418 -102.515044
v 859.570371 506.945357 -102.515044
v 859.381046 505.507293 -102.515044
v 859.570371 504.069230 -102.515044
v 860.125443 502.729168 -102.515044
v 861.008434 501.578431 -102.515044
v 862.159171 500.695440 -102.515044
v 863.499233 500.140368 -102.515044
v 864.937296 449.151043 -108.865044
v 863.499233 449.340368 -108.865044
v 862.159171 449.895440 -108.865044
v 861.008434 450.778431 -108.865044
v 860.125443 451.929168 -108.865044
v 859.570371 453.269230 -108.865044
v 859.381046 454.707293 -108.865044
v 859.570371 456.145357 -108.865044
v 860.125443 457.485418 -108.865044
v 861.008434 458.636155 -108.865044
v 862.159171 459.519147 -108.865044
v 863.499233 460.074219 -108.865044
v 864.937296 460.263543 -108.865044
v 866.375360 460.074219 -108.865044
v 867.715421 459.519147 -108.865044
v 868.866158 458.636155 -108.865044
v 869.749150 457.485418 -108.865044
v 870.304222 456.145357 -108.865044
v 870.493546 454.707293 -108.865044
v 870.304222 453.269230 -108.865044
v 869.749150 451.929168 -108.865044
v 868.866158 450.778431 -108.865044
v 867.715421 449.895440 -108.865044
v 866.375360 449.340368 -108.865044
v 864.937296 449.151043 -102.515044
v 866.375360 449.340368 -102.515044
v 867.715421 449.895440 -102.515044
v 868.866158 450.778431 -102.515044
v 869.749150 451.929168 -102.515044
v 870.304222 453.269230 -102.515044
v 870.493546 454.707293 -102.515044
v 870.304222 456.145357 -102.515044
v 869.749150 457.485418 -102.515044
v 868.866158 458.636155 -102.515044
v 867.715421 459.519147 -102.515044
v 866.375360 460.074219 -102.515044
v 864.937296 460.263543 -102.515044
v 863.499233 460.074219 -102.515044
v 862.159171 459.519147 -102.515044
v 861.008434 458.636155 -102.515044
v 860.125443 457.485418 -102.515044
v 859.570371 456.145357 -102.515044
v 859.381046 454.707293 -102.515044
v 859.570371 453.269230 -102.515044
v 860.125443 451.929168 -102.515044
v 861.008434 450.778431 -102.515044
v 862.159171 449.895440 -102.515044
v 863.499233 449.340368 -102.515044
v 903.037296 429.307293 -108.865044
v 903.037296 429.307293 -45.365044
v 903.037296 435.657293 -45.365044
v 903.037296 435.657293 -102.515044
v 903.037296 524.557293 -102.515044
v 903.037296 524.557293 -87.006112
v 903.037296 530.907293 -108.865044
v 903.037296 524.969793 -84.233394
v 903.037296 524.923663 -85.169696
v 903.037296 524.785717 -86.096930
v 1042.737296 524.969793 -84.233394
v 1042.737296 524.645237 -86.698645
v 1042.737296 523.693685 -88.995894
v 1042.737296 522.179985 -90.968586
v 1042.737296 520.207293 -92.482286
v 1042.737296 517.910045 -93.433837
v 1042.737296 515.444793 -93.758394
v -151.062704 515.444793 -93.758394
v -151.062704 517.910045 -93.433837
v -151.062704 520.207293 -92.482286
v -151.062704 522.179985 -90.968586
v -151.062704 523.693685 -88.995894
v -151.062704 524.645237 -86.698645
v -151.062704 524.969793 -84.233394
v 783.215557 524.645237 -86.698645
v 731.311209 524.645237 -86.698645
v 679.406861 524.645237 -86.698645
v 627.502514 524.645237 -86.698645
v 575.598166 524.645237 -86.698645
v 523.693818 524.645237 -86.698645
v 471.789470 524.645237 -86.698645
v 419.885122 524.645237 -86.698645
v 367.980774 524.645237 -86.698645
v 316.076427 524.645237 -86.698645
v 264.172079 524.645237 -86.698645
v 212.267731 524.645237 -86.698645
v 160.363383 524.645237 -86.698645
v 108.459035 524.645237 -86.698645
v 56.554688 524.645237 -86.698645
v 4.650340 524.645237 -86.698645
v -47.254008 524.645237 -86.698645
v -99.158356 524.645237 -86.698645
v 938.928601 524.645237 -86.698645
v 990.832948 524.645237 -86.698645
v 990.832948 523.693685 -88.995894
v 938.928601 523.693685 -88.995894
v 887.024253 523.693685 -88.995894
v 835.119905 523.693685 -88.995894
v 783.215557 523.693685 -88.995894
v 731.311209 523.693685 -88.995894
v 679.406861 523.693685 -88.995894
v 627.502514 523.693685 -88.995894
v 575.598166 523.693685 -88.995894
v 523.693818 523.693685 -88.995894
v 471.789470 523.693685 -88.995894
v 419.885122 523.693685 -88.995894
v 367.980774 523.693685 -88.995894
v 316.076427 523.693685 -88.995894
v 264.172079 523.693685 -88.995894
v 212.267731 523.693685 -88.995894
v 160.363383 523.693685 -88.995894
v 108.459035 523.693685 -88.995894
v 56.554688 523.693685 -88.995894
v 4.650340 523.693685 -88.995894
v -47.254008 523.693685 -88.995894
v -99.158356 523.693685 -88.995894
v 990.832948 522.179985 -90.968586
v 938.928601 522.179985 -90.968586
v 887.024253 522.179985 -90.968586
v 835.119905 522.179985 -90.968586
v 783.215557 522.179985 -90.968586
v 731.311209 522.179985 -90.968586
v 679.406861 522.179985 -90.968586
v 627.502514 522.179985 -90.968586
v 575.598166 522.179985 -90.968586
v 523.693818 522.179985 -90.968586
v 471.789470 522.179985 -90.968586
v 419.885122 522.179985 -90.968586
v 367.980774 522.179985 -90.968586
v 316.076427 522.179985 -90.968586
v 264.172079 522.179985 -90.968586
v 212.267731 522.179985 -90.968586
v 160.363383 522.179985 -90.968586
v 108.459035 522.179985 -90.968586
v 56.554688 522.179985 -90.968586
v 4.650340 522.179985 -90.968586
v -47.254008 522.179985 -90.968586
v -99.158356 522.179985 -90.968586
v 990.832948 520.207293 -92.482286
v 938.928601 520.207293 -92.482286
v 887.024253 520.207293 -92.482286
v 835.119905 520.207293 -92.482286
v 783.215557 520.207293 -92.482286
v 731.311209 520.207293 -92.482286
v 679.406861 520.207293 -92.482286
v 627.502514 520.207293 -92.482286
v 575.598166 520.207293 -92.482286
v 523.693818 520.207293 -92.482286
v 471.789470 520.207293 -92.482286
v 419.885122 520.207293 -92.482286
v 367.980774 520.207293 -92.482286
v 316.076427 520.207293 -92.482286
v 264.172079 520.207293 -92.482286
v 212.267731 520.207293 -92.482286
v 160.363383 520.207293 -92.482286
v 108.459035 520.207293 -92.482286
v 56.554688 520.207293 -92.482286
v 4.650340 520.207293 -92.482286
v -47.254008 520.207293 -92.482286
v -99.158356 520.207293 -92.482286
v 990.832948 517.910045 -93.433837
v 938.928601 517.910045 -93.433837
v 887.024253 517.910045 -93.433837
v 835.119905 517.910045 -93.433837
v 783.215557 517.910045 -93.433837
v 731.311209 517.910045 -93.433837
v 679.406861 517.910045 -93.433837
v 627.502514 517.910045 -93.433837
v 575.598166 517.910045 -93.433837
v 523.693818 517.910045 -93.433837
v 471.789470 517.910045 -93.433837
v 419.885122 517.910045 -93.433837
v 367.980774 517.910045 -93.433837
v 316.076427 517.910045 -93.433837
v 264.172079 517.910045 -93.433837
v 212.267731 517.910045 -93.433837
v 160.363383 517.910045 -93.433837
v 108.459035 517.910045 -93.433837
v 56.554688 517.910045 -93.433837
v 4.650340 517.910045 -93.433837
v -47.254008 517.910045 -93.433837
v -99.158356 517.910045 -93.433837
v -151.062704 458.294793 -88.995894
v -151.062704 457.062168 -88.833615
v -151.062704 455.913543 -88.357840
v -151.062704 454.927197 -87.600990
v -151.062704 454.170347 -86.614644
v -151.062704 453.694572 -85.466019
v -151.062704 453.532293 -84.233394
v 1042.737296 453.532293 -84.233394
v 1042.737296 453.694572 -85.466019
v 1042.737296 454.170347 -86.614644
v 1042.737296 454.927197 -87.600990
v 1042.737296 455.913543 -88.357840
v 1042.737296 457.062168 -88.833615
v 1042.737296 458.294793 -88.995894
v -124.533815 457.062168 -88.833615
v -98.004926 457.062168 -88.833615
v -71.476037 457.062168 -88.833615
v -44.947148 457.062168 -88.833615
v -18.418259 457.062168 -88.833615
v 8.110630 457.062168 -88.833615
v 34.639518 457.062168 -88.833615
v 61.168407 457.062168 -88.833615
v 87.697296 457.062168 -88.833615
v 114.226185 457.062168 -88.833615
v 140.755074 457.062168 -88.833615
v 167.283963 457.062168 -88.833615
v 193.812852 457.062168 -88.833615
v 220.341741 457.062168 -88.833615
v 246.870630 457.062168 -88.833615
v 273.399518 457.062168 -88.833615
v 299.928407 457.062168 -88.833615
v 326.457296 457.062168 -88.833615
v 352.986185 457.062168 -88.833615
v 379.515074 457.062168 -88.833615
v 406.043963 457.062168 -88.833615
v 432.572852 457.062168 -88.833615
v 459.101741 457.062168 -88.833615
v 485.630630 457.062168 -88.833615
v 512.159518 457.062168 -88.833615
v 538.688407 457.062168 -88.833615
v 565.217296 457.062168 -88.833615
v 591.746185 457.062168 -88.833615
v 618.275074 457.062168 -88.833615
v 644.803963 457.062168 -88.833615
v 671.332852 457.062168 -88.833615
v 697.861741 457.062168 -88.833615
v 724.390630 457.062168 -88.833615
v 750.919518 457.062168 -88.833615
v 777.448407 457.062168 -88.833615
v 803.977296 457.062168 -88.833615
v 830.506185 457.062168 -88.833615
v 857.035074 457.062168 -88.833615
v 883.563963 457.062168 -88.833615
v 910.092852 457.062168 -88.833615
v 936.621741 457.062168 -88.833615
v 963.150630 457.062168 -88.833615
v 989.679518 457.062168 -88.833615
v 1016.208407 457.062168 -88.833615
v -124.533815 455.913543 -88.357840
v -98.004926 455.913543 -88.357840
v -71.476037 455.913543 -88.357840
v -44.947148 455.913543 -88.357840
v -18.418259 455.913543 -88.357840
v 8.110630 455.913543 -88.357840
v 34.639518 455.913543 -88.357840
v 61.168407 455.913543 -88.357840
v 87.697296 455.913543 -88.357840
v 114.226185 455.913543 -88.357840
v 140.755074 455.913543 -88.357840
v 167.283963 455.913543 -88.357840
v 193.812852 455.913543 -88.357840
v 220.341741 455.913543 -88.357840
v 246.870630 455.913543 -88.357840
v 273.399518 455.913543 -88.357840
v 299.928407 455.913543 -88.357840
v 326.457296 455.913543 -88.357840
v 352.986185 455.913543 -88.357840
v 379.515074 455.913543 -88.357840
v 406.043963 455.913543 -88.357840
v 432.572852 455.913543 -88.357840
v 459.101741 455.913543 -88.357840
v 485.630630 455.913543 -88.357840
v 512.159518 455.913543 -88.357840
v 538.688407 455.913543 -88.357840
v 565.217296 455.913543 -88.357840
v 591.746185 455.913543 -88.357840
v 618.275074 455.913543 -88.357840
v 644.803963 455.913543 -88.357840
v 671.332852 455.913543 -88.357840
v 697.861741 455.913543 -88.357840
v 724.390630 455.913543 -88.357840
v 750.919518 455.913543 -88.357840
v 777.448407 455.913543 -88.357840
v 803.977296 455.913543 -88.357840
v 830.506185 455.913543 -88.357840
v 857.035074 455.913543 -88.357840
v 883.563963 455.913543 -88.357840
v 910.092852 455.913543 -88.357840
v 936.621741 455.913543 -88.357840
v 963.150630 455.913543 -88.357840
v 989.679518 455.913543 -88.357840
v 1016.208407 455.913543 -88.357840
v -124.533815 454.927197 -87.600990
v -98.004926 454.927197 -87.600990
v -71.476037 454.927197 -87.600990
v -44.947148 454.927197 -87.600990
v -18.418259 454.927197 -87.600990
v 8.110630 454.927197 -87.600990
v 34.639518 454.927197 -87.600990
v 61.168407 454.927197 -87.600990
v 87.697296 454.927197 -87.600990
v 114.226185 454.927197 -87.600990
v 140.755074 454.927197 -87.600990
v 167.283963 454.927197 -87.600990
v 193.812852 454.927197 -87.600990
v 220.341741 454.927197 -87.600990
v 246.870630 454.927197 -87.600990
v 273.399518 454.927197 -87.600990
v 299.928407 454.927197 -87.600990
v 326.457296 454.927197 -87.600990
v 352.986185 454.927197 -87.600990
v 379.515074 454.927197 -87.600990
v 406.043963 454.927197 -87.600990
v 432.572852 454.927197 -87.600990
v 459.101741 454.927197 -87.600990
v 485.630630 454.927197 -87.600990
v 512.159518 454.927197 -87.600990
v 538.688407 454.927197 -87.600990
v 565.217296 454.927197 -87.600990
v 591.746185 454.927197 -87.600990
v 618.275074 454.927197 -87.600990
v 644.803963 454.927197 -87.600990
v 671.332852 454.927197 -87.600990
v 697.861741 454.927197 -87.600990
v 724.390630 454.927197 -87.600990
v 750.919518 454.927197 -87.600990
v 777.448407 454.927197 -87.600990
v 803.977296 454.927197 -87.600990
v 830.506185 454.927197 -87.600990
v 857.035074 454.927197 -87.600990
v 883.563963 454.927197 -87.600990
v 910.092852 454.927197 -87.600990
v 936.621741 454.927197 -87.600990
v 963.150630 454.927197 -87.600990
v 989.679518 454.927197 -87.600990
v 1016.208407 454.927197 -87.600990
v -124.533815 454.170347 -86.614644
v -98.004926 454.170347 -86.614644
v -71.476037 454.170347 -86.614644
v -44.947148 454.170347 -86.614644
v -18.418259 454.170347 -86.614644
v 8.110630 454.170347 -86.614644
v 34.639518 454.170347 -86.614644
v 61.168407 454.170347 -86.614644
v 87.697296 454.170347 -86.614644
v 114.226185 454.170347 -86.614644
v 140.755074 454.170347 -86.614644
v 167.283963 454.170347 -86.614644
v 193.812852 454.170347 -86.614644
v 220.341741 454.170347 -86.614644
v 246.870630 454.170347 -86.614644
v 273.399518 454.170347 -86.614644
v 299.928407 454.170347 -86.614644
v 326.457296 454.170347 -86.614644
v 352.986185 454.170347 -86.614644
v 379.515074 454.170347 -86.614644
v 406.043963 454.170347 -86.614644
v 432.572852 454.170347 -86.614644
v 459.101741 454.170347 -86.614644
v 485.630630 454.170347 -86.614644
v 512.159518 454.170347 -86.614644
v 538.688407 454.170347 -86.614644
v 565.217296 454.170347 -86.614644
v 591.746185 454.170347 -86.614644
v 618.275074 454.170347 -86.614644
v 644.803963 454.170347 -86.614644
v 671.332852 454.170347 -86.614644
v 697.861741 454.170347 -86.614644
v 724.390630 454.170347 -86.614644
v 750.919518 454.170347 -86.614644
v 777.448407 454.170347 -86.614644
v 803.977296 454.170347 -86.614644
v 830.506185 454.170347 -86.614644
v 857.035074 454.170347 -86.614644
v 883.563963 454.170347 -86.614644
v 910.092852 454.170347 -86.614644
v 936.621741 454.170347 -86.614644
v 963.150630 454.170347 -86.614644
v 989.679518 454.170347 -86.614644
v 1016.208407 454.170347 -86.614644
v -124.533815 453.694572 -85.466019
v -98.004926 453.694572 -85.466019
v -71.476037 453.694572 -85.466019
v -44.947148 453.694572 -85.466019
v -18.418259 453.694572 -85.466019
v 8.110630 453.694572 -85.466019
v 34.639518 453.694572 -85.466019
v 61.168407 453.694572 -85.466019
v 87.697296 453.694572 -85.466019
v 114.226185 453.694572 -85.466019
v 140.755074 453.694572 -85.466019
v 167.283963 453.694572 -85.466019
v 193.812852 453.694572 -85.466019
v 220.341741 453.694572 -85.466019
v 246.870630 453.694572 -85.466019
v 273.399518 453.694572 -85.466019
v 299.928407 453.694572 -85.466019
v 326.457296 453.694572 -85.466019
v 352.986185 453.694572 -85.466019
v 379.515074 453.694572 -85.466019
v 406.043963 453.694572 -85.466019
v 432.572852 453.694572 -85.466019
v 459.101741 453.694572 -85.466019
v 485.630630 453.694572 -85.466019
v 512.159518 453.694572 -85.466019
v 538.688407 453.694572 -85.466019
v 565.217296 453.694572 -85.466019
v 591.746185 453.694572 -85.466019
v 618.275074 453.694572 -85.466019
v 644.803963 453.694572 -85.466019
v 671.332852 453.694572 -85.466019
v 697.861741 453.694572 -85.466019
v 724.390630 453.694572 -85.466019
v 750.919518 453.694572 -85.466019
v 777.448407 453.694572 -85.466019
v 803.977296 453.694572 -85.466019
v 830.506185 453.694572 -85.466019
v 857.035074 453.694572 -85.466019
v 883.563963 453.694572 -85.466019
v 910.092852 453.694572 -85.466019
v 936.621741 453.694572 -85.466019
v 963.150630 453.694572 -85.466019
v 989.679518 453.694572 -85.466019
v 1016.208407 453.694572 -85.466019
v -151.062704 453.532293 49.116606
v 1.337296 453.532293 49.116606
v 1.337296 453.532293 -23.908394
v 14.037296 453.532293 -36.608394
v 407.737296 453.532293 -36.608394
v 420.437296 453.532293 -23.908394
v 420.437296 453.532293 49.116606
v 471.237296 453.532293 49.116606
v 471.237296 453.532293 -23.908394
v 483.937296 453.532293 -36.608394
v 877.637296 453.532293 -36.608394
v 890.337296 453.532293 -23.908394
v 890.337296 453.532293 49.116606
v 1042.737296 453.532293 49.116606
v 1042.737296 458.294793 -93.758394
v 1042.737296 455.829542 -93.433837
v 1042.737296 453.532293 -92.482286
v 1042.737296 451.559601 -90.968586
v 1042.737296 450.045901 -88.995894
v 1042.737296 449.094350 -86.698645
v 1042.737296 448.769793 -84.233394
v -151.062704 448.769793 -84.233394
v -151.062704 449.094350 -86.698645
v -151.062704 450.045901 -88.995894
v -151.062704 451.559601 -90.968586
v -151.062704 453.532293 -92.482286
v -151.062704 455.829542 -93.433837
v -151.062704 458.294793 -93.758394
v 990.832948 455.829542 -93.433837
v 938.928601 455.829542 -93.433837
v 887.024253 455.829542 -93.433837
v 835.119905 455.829542 -93.433837
v 783.215557 455.829542 -93.433837
v 731.311209 455.829542 -93.433837
v 679.406861 455.829542 -93.433837
v 627.502514 455.829542 -93.433837
v 575.598166 455.829542 -93.433837
v 523.693818 455.829542 -93.433837
v 471.789470 455.829542 -93.433837
v 419.885122 455.829542 -93.433837
v 367.980774 455.829542 -93.433837
v 316.076427 455.829542 -93.433837
v 264.172079 455.829542 -93.433837
v 212.267731 455.829542 -93.433837
v 160.363383 455.829542 -93.433837
v 108.459035 455.829542 -93.433837
v 56.554688 455.829542 -93.433837
v 4.650340 455.829542 -93.433837
v -47.254008 455.829542 -93.433837
v -99.158356 455.829542 -93.433837
v 990.832948 453.532293 -92.482286
v 938.928601 453.532293 -92.482286
v 887.024253 453.532293 -92.482286
v 835.119905 453.532293 -92.482286
v 783.215557 453.532293 -92.482286
v 731.311209 453.532293 -92.482286
v 679.406861 453.532293 -92.482286
v 627.502514 453.532293 -92.482286
v 575.598166 453.532293 -92.482286
v 523.693818 453.532293 -92.482286
v 471.789470 453.532293 -92.482286
v 419.885122 453.532293 -92.482286
v 367.980774 453.532293 -92.482286
v 316.076427 453.532293 -92.482286
v 264.172079 453.532293 -92.482286
v 212.267731 453.532293 -92.482286
v 160.363383 453.532293 -92.482286
v 108.459035 453.532293 -92.482286
v 56.554688 453.532293 -92.482286
v 4.650340 453.532293 -92.482286
v -47.254008 453.532293 -92.482286
v -99.158356 453.532293 -92.482286
v 990.832948 451.559601 -90.968586
v 938.928601 451.559601 -90.968586
v 887.024253 451.559601 -90.968586
v 835.119905 451.559601 -90.968586
v 783.215557 451.559601 -90.968586
v 731.311209 451.559601 -90.968586
v 679.406861 451.559601 -90.968586
v 627.502514 451.559601 -90.968586
v 575.598166 451.559601 -90.968586
v 523.693818 451.559601 -90.968586
v 471.789470 451.559601 -90.968586
v 419.885122 451.559601 -90.968586
v 367.980774 451.559601 -90.968586
v 316.076427 451.559601 -90.968586
v 264.172079 451.559601 -90.968586
v 212.267731 451.559601 -90.968586
v 160.363383 451.559601 -90.968586
v 108.459035 451.559601 -90.968586
v 56.554688 451.559601 -90.968586
v 4.650340 451.559601 -90.968586
v -47.254008 451.559601 -90.968586
v -99.158356 451.559601 -90.968586
v 990.832948 450.045901 -88.995894
v 938.928601 450.045901 -88.995894
v 887.024253 450.045901 -88.995894
v 835.119905 450.045901 -88.995894
v 783.215557 450.045901 -88.995894
v 731.311209 450.045901 -88.995894
v 679.406861 450.045901 -88.995894
v 627.502514 450.045901 -88.995894
v 575.598166 450.045901 -88.995894
v 523.693818 450.045901 -88.995894
v 471.789470 450.045901 -88.995894
v 419.885122 450.045901 -88.995894
v 367.980774 450.045901 -88.995894
v 316.076427 450.045901 -88.995894
v 264.172079 450.045901 -88.995894
v 212.267731 450.045901 -88.995894
v 160.363383 450.045901 -88.995894
v 108.459035 450.045901 -88.995894
v 56.554688 450.045901 -88.995894
v 4.650340 450.045901 -88.995894
v -47.254008 450.045901 -88.995894
v -99.158356 450.045901 -88.995894
v 990.832948 449.094350 -86.698645
v 938.928601 449.094350 -86.698645
v 887.024253 449.094350 -86.698645
v 835.119905 449.094350 -86.698645
v 783.215557 449.094350 -86.698645
v 731.311209 449.094350 -86.698645
v 679.406861 449.094350 -86.698645
v 627.502514 449.094350 -86.698645
v 575.598166 449.094350 -86.698645
v 523.693818 449.094350 -86.698645
v 471.789470 449.094350 -86.698645
v 419.885122 449.094350 -86.698645
v 367.980774 449.094350 -86.698645
v 316.076427 449.094350 -86.698645
v 264.172079 449.094350 -86.698645
v 212.267731 449.094350 -86.698645
v 160.363383 449.094350 -86.698645
v 108.459035 449.094350 -86.698645
v 56.554688 449.094350 -86.698645
v 4.650340 449.094350 -86.698645
v -47.254008 449.094350 -86.698645
v -99.158356 449.094350 -86.698645
v -151.062704 448.769793 49.116606
v -151.062704 449.094350 51.581858
v -151.062704 450.045901 53.879106
v -151.062704 451.559601 55.851799
v -151.062704 453.532293 57.365498
v -151.062704 455.829542 58.317050
v -151.062704 458.294793 58.641606
v -151.062704 515.444793 58.641606
v -151.062704 517.910045 58.317050
v -151.062704 520.207293 57.365498
v -151.062704 522.179985 55.851799
v -151.062704 523.693685 53.879106
v -151.062704 524.645237 51.581858
v -151.062704 524.969793 49.116606
v -151.062704 515.444793 -88.995894
v -151.062704 516.677419 -88.833615
v -151.062704 517.826043 -88.357840
v -151.062704 518.812389 -87.600990
v -151.062704 519.569239 -86.614644
v -151.062704 520.045015 -85.466019
v -151.062704 520.207293 -84.233394
v -151.062704 520.207293 49.116606
v -151.062704 520.045015 50.349232
v -151.062704 519.569239 51.497856
v -151.062704 518.812389 52.484203
v -151.062704 517.826043 53.241052
v -151.062704 516.677419 53.716828
v -151.062704 515.444793 53.879106
v -151.062704 458.294793 53.879106
v -151.062704 457.062168 53.716828
v -151.062704 455.913543 53.241052
v -151.062704 454.927197 52.484203
v -151.062704 454.170347 51.497856
v -151.062704 453.694572 50.349232
v 1042.737296 448.769793 49.116606
v 890.337296 448.769793 49.116606
v 890.337296 448.769793 -23.908394
v 877.637296 448.769793 -36.608394
v 483.937296 448.769793 -36.608394
v 471.237296 448.769793 -23.908394
v 471.237296 448.769793 49.116606
v 420.437296 448.769793 49.116606
v 420.437296 448.769793 -23.908394
v 407.737296 448.769793 -36.608394
v 14.037296 448.769793 -36.608394
v 1.337296 448.769793 -23.908394
v 1.337296 448.769793 49.116606
v 1.337296 458.294793 53.879106
v 1.337296 457.062168 53.716828
v 1.337296 455.913543 53.241052
v 1.337296 454.927197 52.484203
v 1.337296 454.170347 51.497856
v 1.337296 453.694572 50.349232
v -24.062704 457.062168 53.716828
v -49.462704 457.062168 53.716828
v -74.862704 457.062168 53.716828
v -100.262704 457.062168 53.716828
v -125.662704 457.062168 53.716828
v -24.062704 455.913543 53.241052
v -49.462704 455.913543 53.241052
v -74.862704 455.913543 53.241052
v -100.262704 455.913543 53.241052
v -125.662704 455.913543 53.241052
v -24.062704 454.927197 52.484203
v -49.462704 454.927197 52.484203
v -74.862704 454.927197 52.484203
v -100.262704 454.927197 52.484203
v -125.662704 454.927197 52.484203
v -24.062704 454.170347 51.497856
v -49.462704 454.170347 51.497856
v -74.862704 454.170347 51.497856
v -100.262704 454.170347 51.497856
v -125.662704 454.170347 51.497856
v -24.062704 453.694572 50.349232
v -49.462704 453.694572 50.349232
v -74.862704 453.694572 50.349232
v -100.262704 453.694572 50.349232
v -125.662704 453.694572 50.349232
v 890.337296 453.694572 50.349232
v 890.337296 454.170347 51.497856
v 890.337296 454.927197 52.484203
v 890.337296 455.913543 53.241052
v 890.337296 457.062168 53.716828
v 890.337296 458.294793 53.879106
v 1042.737296 458.294793 53.879106
v 1042.737296 457.062168 53.716828
v 1042.737296 455.913543 53.241052
v 1042.737296 454.927197 52.484203
v 1042.737296 454.170347 51.497856
v 1042.737296 453.694572 50.349232
v 915.737296 453.694572 50.349232
v 941.137296 453.694572 50.349232
v 966.537296 453.694572 50.349232
v 991.937296 453.694572 50.349232
v 1017.337296 453.694572 50.349232
v 915.737296 454.170347 51.497856
v 941.137296 454.170347 51.497856
v 966.537296 454.170347 51.497856
v 991.937296 454.170347 51.497856
v 1017.337296 454.170347 51.497856
v 915.737296 454.927197 52.484203
v 941.137296 454.927197 52.484203
v 966.537296 454.927197 52.484203
v 991.937296 454.927197 52.484203
v 1017.337296 454.927197 52.484203
v 915.737296 455.913543 53.241052
v 941.137296 455.913543 53.241052
v 966.537296 455.913543 53.241052
v 991.937296 455.913543 53.241052
v 1017.337296 455.913543 53.241052
v 915.737296 457.062168 53.716828
v 941.137296 457.062168 53.716828
v 966.537296 457.062168 53.716828
v 991.937296 457.062168 53.716828
v 1017.337296 457.062168 53.716828
v 890.337296 515.444793 53.879106
v 1042.737296 515.444793 53.879106
v 1014.162296 478.932293 53.879106
v 1016.216672 479.202757 53.879106
v 1018.131046 479.995717 53.879106
v 1019.774956 481.257133 53.879106
v 1021.036373 482.901043 53.879106
v 1021.829332 484.815417 53.879106
v 1022.099796 486.869793 53.879106
v 1021.829332 488.924169 53.879106
v 1021.036373 490.838543 53.879106
v 1019.774956 492.482453 53.879106
v 1018.131046 493.743870 53.879106
v 1016.216672 494.536830 53.879106
v 1014.162296 494.807293 53.879106
v 1012.107920 494.536830 53.879106
v 1010.193546 493.743870 53.879106
v 1008.549636 492.482453 53.879106
v 1007.288220 490.838543 53.879106
v 1006.495260 488.924169 53.879106
v 1006.224796 486.869793 53.879106
v 1006.495260 484.815417 53.879106
v 1007.288220 482.901043 53.879106
v 1008.549636 481.257133 53.879106
v 1010.193546 479.995717 53.879106
v 1012.107920 479.202757 53.879106
v 915.737296 494.807293 53.879106
v 913.682920 494.536830 53.879106
v 911.768546 493.743870 53.879106
v 910.124636 492.482453 53.879106
v 908.863220 490.838543 53.879106
v 908.070260 488.924169 53.879106
v 907.799796 486.869793 53.879106
v 908.070260 484.815417 53.879106
v 908.863220 482.901043 53.879106
v 910.124636 481.257133 53.879106
v 911.768546 479.995717 53.879106
v 913.682920 479.202757 53.879106
v 915.737296 478.932293 53.879106
v 917.791672 479.202757 53.879106
v 919.706046 479.995717 53.879106
v 921.349956 481.257133 53.879106
v 922.611373 482.901043 53.879106
v 923.404332 484.815417 53.879106
v 923.674796 486.869793 53.879106
v 923.404332 488.924169 53.879106
v 922.611373 490.838543 53.879106
v 921.349956 492.482453 53.879106
v 919.706046 493.743870 53.879106
v 917.791672 494.536830 53.879106
v 420.437296 453.694572 50.349232
v 420.437296 454.170347 51.497856
v 420.437296 454.927197 52.484203
v 420.437296 455.913543 53.241052
v 420.437296 457.062168 53.716828
v 420.437296 458.294793 53.879106
v 471.237296 458.294793 53.879106
v 471.237296 457.062168 53.716828
v 471.237296 455.913543 53.241052
v 471.237296 454.927197 52.484203
v 471.237296 454.170347 51.497856
v 471.237296 453.694572 50.349232
v 445.837296 453.694572 50.349232
v 445.837296 454.170347 51.497856
v 445.837296 454.927197 52.484203
v 445.837296 455.913543 53.241052
v 445.837296 457.062168 53.716828
v 420.437296 515.444793 53.879106
v 471.237296 515.444793 53.879106
v 471.237296 449.094350 51.581858
v 471.237296 450.045901 53.879106
v 471.237296 451.559601 55.851799
v 471.237296 453.532293 57.365498
v 471.237296 455.829542 58.317050
v 471.237296 458.294793 58.641606
v 420.437296 458.294793 58.641606
v 420.437296 455.829542 58.317050
v 420.437296 453.532293 57.365498
v 420.437296 451.559601 55.851799
v 420.437296 450.045901 53.879106
v 420.437296 449.094350 51.581858
v 471.237296 516.677419 53.716828
v 471.237296 517.826043 53.241052
v 471.237296 518.812389 52.484203
v 471.237296 519.569239 51.497856
v 471.237296 520.045015 50.349232
v 471.237296 520.207293 49.116606
v 471.237296 520.207293 -23.908394
v 471.237296 524.969793 -23.908394
v 471.237296 524.969793 49.116606
v 471.237296 524.645237 51.581858
v 471.237296 523.693685 53.879106
v 471.237296 522.179985 55.851799
v 471.237296 520.207293 57.365498
v 471.237296 517.910045 58.317050
v 471.237296 515.444793 58.641606
v 1042.737296 449.094350 51.581858
v 1042.737296 450.045901 53.879106
v 1042.737296 451.559601 55.851799
v 1042.737296 453.532293 57.365498
v 1042.737296 455.829542 58.317050
v 1042.737296 458.294793 58.641606
v 890.337296 458.294793 58.641606
v 890.337296 455.829542 58.317050
v 890.337296 453.532293 57.365498
v 890.337296 451.559601 55.851799
v 890.337296 450.045901 53.879106
v 890.337296 449.094350 51.581858
v 991.937296 449.094350 51.581858
v 941.137296 449.094350 51.581858
v 991.937296 450.045901 53.879106
v 941.137296 450.045901 53.879106
v 991.937296 451.559601 55.851799
v 941.137296 451.559601 55.851799
v 991.937296 453.532293 57.365498
v 941.137296 453.532293 57.365498
v 991.937296 455.829542 58.317050
v 941.137296 455.829542 58.317050
v 1042.737296 524.969793 49.116606
v 1042.737296 524.645237 51.581858
v 1042.737296 523.693685 53.879106
v 1042.737296 522.179985 55.851799
v 1042.737296 520.207293 57.365498
v 1042.737296 517.910045 58.317050
v 1042.737296 515.444793 58.641606
v 1042.737296 516.677419 53.716828
v 1042.737296 517.826043 53.241052
v 1042.737296 518.812389 52.484203
v 1042.737296 519.569239 51.497856
v 1042.737296 520.045015 50.349232
v 1042.737296 520.207293 49.116606
v 1042.737296 520.207293 -84.233394
v 1042.737296 520.045015 -85.466019
v 1042.737296 519.569239 -86.614644
v 1042.737296 518.812389 -87.600990
v 1042.737296 517.826043 -88.357840
v 1042.737296 516.677419 -88.833615
v 1042.737296 515.444793 -88.995894
v 1.337296 449.094350 51.581858
v 1.337296 450.045901 53.879106
v 1.337296 451.559601 55.851799
v 1.337296 453.532293 57.365498
v 1.337296 455.829542 58.317050
v 1.337296 458.294793 58.641606
v -100.262704 455.829542 58.317050
v -49.462704 455.829542 58.317050
v -100.262704 453.532293 57.365498
v -49.462704 453.532293 57.365498
v -100.262704 451.559601 55.851799
v -49.462704 451.559601 55.851799
v -100.262704 450.045901 53.879106
v -49.462704 450.045901 53.879106
v -100.262704 449.094350 51.581858
v -49.462704 449.094350 51.581858
v 1.337296 515.444793 53.879106
v 1.337296 516.677419 53.716828
v 1.337296 517.826043 53.241052
v 1.337296 518.812389 52.484203
v 1.337296 519.569239 51.497856
v 1.337296 520.045015 50.349232
v 1.337296 520.207293 49.116606
v 1.337296 520.207293 -23.908394
v 1.337296 524.969793 -23.908394
v 1.337296 524.969793 49.116606
v 1.337296 524.645237 51.581858
v 1.337296 523.693685 53.879106
v 1.337296 522.179985 55.851799
v 1.337296 520.207293 57.365498
v 1.337296 517.910045 58.317050
v 1.337296 515.444793 58.641606
v 420.437296 515.444793 58.641606
v 420.437296 517.910045 58.317050
v 420.437296 520.207293 57.365498
v 420.437296 522.179985 55.851799
v 420.437296 523.693685 53.879106
v 420.437296 524.645237 51.581858
v 420.437296 524.969793 49.116606
v 420.437296 524.969793 -23.908394
v 420.437296 520.207293 -23.908394
v 420.437296 520.207293 49.116606
v 420.437296 520.045015 50.349232
v 420.437296 519.569239 51.497856
v 420.437296 518.812389 52.484203
v 420.437296 517.826043 53.241052
v 420.437296 516.677419 53.716828
v 890.337296 515.444793 58.641606
v 890.337296 517.910045 58.317050
v 890.337296 520.207293 57.365498
v 890.337296 522.179985 55.851799
v 890.337296 523.693685 53.879106
v 890.337296 524.645237 51.581858
v 890.337296 524.969793 49.116606
v 890.337296 524.969793 -23.908394
v 890.337296 520.207293 -23.908394
v 890.337296 520.207293 49.116606
v 890.337296 520.045015 50.349232
v 890.337296 519.569239 51.497856
v 890.337296 518.812389 52.484203
v 890.337296 517.826043 53.241052
v 890.337296 516.677419 53.716828
v 50.549796 507.507293 -88.995894
v 206.124796 507.507293 -88.995894
v 206.124796 466.232293 -88.995894
v 50.549796 466.232293 -88.995894
v 685.549796 507.507293 -88.995894
v 841.124796 507.507293 -88.995894
v 841.124796 466.232293 -88.995894
v 685.549796 466.232293 -88.995894
v 841.124796 507.507293 -93.758394
v 685.549796 507.507293 -93.758394
v 685.549796 466.232293 -93.758394
v 841.124796 466.232293 -93.758394
v 206.124796 507.507293 -93.758394
v 50.549796 507.507293 -93.758394
v 50.549796 466.232293 -93.758394
v 206.124796 466.232293 -93.758394
v 14.037296 524.969793 -36.608394
v 407.737296 524.969793 -36.608394
v 483.937296 524.969793 -36.608394
v 877.637296 524.969793 -36.608394
v 1016.208407 516.677419 -88.833615
v 989.679518 516.677419 -88.833615
v 963.150630 516.677419 -88.833615
v 936.621741 516.677419 -88.833615
v 910.092852 516.677419 -88.833615
v 883.563963 516.677419 -88.833615
v 857.035074 516.677419 -88.833615
v 830.506185 516.677419 -88.833615
v 803.977296 516.677419 -88.833615
v 777.448407 516.677419 -88.833615
v 750.919518 516.677419 -88.833615
v 724.390630 516.677419 -88.833615
v 697.861741 516.677419 -88.833615
v 671.332852 516.677419 -88.833615
v 644.803963 516.677419 -88.833615
v 618.275074 516.677419 -88.833615
v 591.746185 516.677419 -88.833615
v 565.217296 516.677419 -88.833615
v 538.688407 516.677419 -88.833615
v 512.159518 516.677419 -88.833615
v 485.630630 516.677419 -88.833615
v 459.101741 516.677419 -88.833615
v 432.572852 516.677419 -88.833615
v 406.043963 516.677419 -88.833615
v 379.515074 516.677419 -88.833615
v 352.986185 516.677419 -88.833615
v 326.457296 516.677419 -88.833615
v 299.928407 516.677419 -88.833615
v 273.399518 516.677419 -88.833615
v 246.870630 516.677419 -88.833615
v 220.341741 516.677419 -88.833615
v 193.812852 516.677419 -88.833615
v 167.283963 516.677419 -88.833615
v 140.755074 516.677419 -88.833615
v 114.226185 516.677419 -88.833615
v 87.697296 516.677419 -88.833615
v 61.168407 516.677419 -88.833615
v 34.639518 516.677419 -88.833615
v 8.110630 516.677419 -88.833615
v -18.418259 516.677419 -88.833615
v -44.947148 516.677419 -88.833615
v -71.476037 516.677419 -88.833615
v -98.004926 516.677419 -88.833615
v -124.533815 516.677419 -88.833615
v 1016.208407 517.826043 -88.357840
v 989.679518 517.826043 -88.357840
v 963.150630 517.826043 -88.357840
v 936.621741 517.826043 -88.357840
v 910.092852 517.826043 -88.357840
v 883.563963 517.826043 -88.357840
v 857.035074 517.826043 -88.357840
v 830.506185 517.826043 -88.357840
v 803.977296 517.826043 -88.357840
v 777.448407 517.826043 -88.357840
v 750.919518 517.826043 -88.357840
v 724.390630 517.826043 -88.357840
v 697.861741 517.826043 -88.357840
v 671.332852 517.826043 -88.357840
v 644.803963 517.826043 -88.357840
v 618.275074 517.826043 -88.357840
v 591.746185 517.826043 -88.357840
v 565.217296 517.826043 -88.357840
v 538.688407 517.826043 -88.357840
v 512.159518 517.826043 -88.357840
v 485.630630 517.826043 -88.357840
v 459.101741 517.826043 -88.357840
v 432.572852 517.826043 -88.357840
v 406.043963 517.826043 -88.357840
v 379.515074 517.826043 -88.357840
v 352.986185 517.826043 -88.357840
v 326.457296 517.826043 -88.357840
v 299.928407 517.826043 -88.357840
v 273.399518 517.826043 -88.357840
v 246.870630 517.826043 -88.357840
v 220.341741 517.826043 -88.357840
v 193.812852 517.826043 -88.357840
v 167.283963 517.826043 -88.357840
v 140.755074 517.826043 -88.357840
v 114.226185 517.826043 -88.357840
v 87.697296 517.826043 -88.357840
v 61.168407 517.826043 -88.357840
v 34.639518 517.826043 -88.357840
v 8.110630 517.826043 -88.357840
v -18.418259 517.826043 -88.357840
v -44.947148 517.826043 -88.357840
v -71.476037 517.826043 -88.357840
v -98.004926 517.826043 -88.357840
v -124.533815 517.826043 -88.357840
v 1016.208407 518.812389 -87.600990
v 989.679518 518.812389 -87.600990
v 963.150630 518.812389 -87.600990
v 936.621741 518.812389 -87.600990
v 910.092852 518.812389 -87.600990
v 883.563963 518.812389 -87.600990
v 857.035074 518.812389 -87.600990
v 830.506185 518.812389 -87.600990
v 803.977296 518.812389 -87.600990
v 777.448407 518.812389 -87.600990
v 750.919518 518.812389 -87.600990
v 724.390630 518.812389 -87.600990
v 697.861741 518.812389 -87.600990
v 671.332852 518.812389 -87.600990
v 644.803963 518.812389 -87.600990
v 618.275074 518.812389 -87.600990
v 591.746185 518.812389 -87.600990
v 565.217296 518.812389 -87.600990
v 538.688407 518.812389 -87.600990
v 512.159518 518.812389 -87.600990
v 485.630630 518.812389 -87.600990
v 459.101741 518.812389 -87.600990
v 432.572852 518.812389 -87.600990
v 406.043963 518.812389 -87.600990
v 379.515074 518.812389 -87.600990
v 352.986185 518.812389 -87.600990
v 326.457296 518.812389 -87.600990
v 299.928407 518.812389 -87.600990
v 273.399518 518.812389 -87.600990
v 246.870630 518.812389 -87.600990
v 220.341741 518.812389 -87.600990
v 193.812852 518.812389 -87.600990
v 167.283963 518.812389 -87.600990
v 140.755074 518.812389 -87.600990
v 114.226185 518.812389 -87.600990
v 87.697296 518.812389 -87.600990
v 61.168407 518.812389 -87.600990
v 34.639518 518.812389 -87.600990
v 8.110630 518.812389 -87.600990
v -18.418259 518.812389 -87.600990
v -44.947148 518.812389 -87.600990
v -71.476037 518.812389 -87.600990
v -98.004926 518.812389 -87.600990
v -124.533815 518.812389 -87.600990
v 1016.208407 519.569239 -86.614644
v 989.679518 519.569239 -86.614644
v 963.150630 519.569239 -86.614644
v 936.621741 519.569239 -86.614644
v 910.092852 519.569239 -86.614644
v 883.563963 519.569239 -86.614644
v 857.035074 519.569239 -86.614644
v 830.506185 519.569239 -86.614644
v 803.977296 519.569239 -86.614644
v 777.448407 519.569239 -86.614644
v 750.919518 519.569239 -86.614644
v 724.390630 519.569239 -86.614644
v 697.861741 519.569239 -86.614644
v 671.332852 519.569239 -86.614644
v 644.803963 519.569239 -86.614644
v 618.275074 519.569239 -86.614644
v 591.746185 519.569239 -86.614644
v 565.217296 519.569239 -86.614644
v 538.688407 519.569239 -86.614644
v 512.159518 519.569239 -86.614644
v 485.630630 519.569239 -86.614644
v 459.101741 519.569239 -86.614644
v 432.572852 519.569239 -86.614644
v 406.043963 519.569239 -86.614644
v 379.515074 519.569239 -86.614644
v 352.986185 519.569239 -86.614644
v 326.457296 519.569239 -86.614644
v 299.928407 519.569239 -86.614644
v 273.399518 519.569239 -86.614644
v 246.870630 519.569239 -86.614644
v 220.341741 519.569239 -86.614644
v 193.812852 519.569239 -86.614644
v 167.283963 519.569239 -86.614644
v 140.755074 519.569239 -86.614644
v 114.226185 519.569239 -86.614644
v 87.697296 519.569239 -86.614644
v 61.168407 519.569239 -86.614644
v 34.639518 519.569239 -86.614644
v 8.110630 519.569239 -86.614644
v -18.418259 519.569239 -86.614644
v -44.947148 519.569239 -86.614644
v -71.476037 519.569239 -86.614644
v -98.004926 519.569239 -86.614644
v -124.533815 519.569239 -86.614644
v 1016.208407 520.045015 -85.466019
v 989.679518 520.045015 -85.466019
v 963.150630 520.045015 -85.466019
v 936.621741 520.045015 -85.466019
v 910.092852 520.045015 -85.466019
v 883.563963 520.045015 -85.466019
v 857.035074 520.045015 -85.466019
v 830.506185 520.045015 -85.466019
v 803.977296 520.045015 -85.466019
v 777.448407 520.045015 -85.466019
v 750.919518 520.045015 -85.466019
v 724.390630 520.045015 -85.466019
v 697.861741 520.045015 -85.466019
v 671.332852 520.045015 -85.466019
v 644.803963 520.045015 -85.466019
v 618.275074 520.045015 -85.466019
v 591.746185 520.045015 -85.466019
v 565.217296 520.045015 -85.466019
v 538.688407 520.045015 -85.466019
v 512.159518 520.045015 -85.466019
v 485.630630 520.045015 -85.466019
v 459.101741 520.045015 -85.466019
v 432.572852 520.045015 -85.466019
v 406.043963 520.045015 -85.466019
v 379.515074 520.045015 -85.466019
v 352.986185 520.045015 -85.466019
v 326.457296 520.045015 -85.466019
v 299.928407 520.045015 -85.466019
v 273.399518 520.045015 -85.466019
v 246.870630 520.045015 -85.466019
v 220.341741 520.045015 -85.466019
v 193.812852 520.045015 -85.466019
v 167.283963 520.045015 -85.466019
v 140.755074 520.045015 -85.466019
v 114.226185 520.045015 -85.466019
v 87.697296 520.045015 -85.466019
v 61.168407 520.045015 -85.466019
v 34.639518 520.045015 -85.466019
v 8.110630 520.045015 -85.466019
v -18.418259 520.045015 -85.466019
v -44.947148 520.045015 -85.466019
v -71.476037 520.045015 -85.466019
v -98.004926 520.045015 -85.466019
v -124.533815 520.045015 -85.466019
v 877.637296 520.207293 -36.608394
v 483.937296 520.207293 -36.608394
v 407.737296 520.207293 -36.608394
v 14.037296 520.207293 -36.608394
v -100.262704 524.645237 51.581858
v -49.462704 524.645237 51.581858
v -100.262704 523.693685 53.879106
v -49.462704 523.693685 53.879106
v -100.262704 522.179985 55.851799
v -49.462704 522.179985 55.851799
v -100.262704 520.207293 57.365498
v -49.462704 520.207293 57.365498
v -100.262704 517.910045 58.317050
v -49.462704 517.910045 58.317050
v 991.937296 517.910045 58.317050
v 941.137296 517.910045 58.317050
v 991.937296 520.207293 57.365498
v 941.137296 520.207293 57.365498
v 991.937296 522.179985 55.851799
v 941.137296 522.179985 55.851799
v 991.937296 523.693685 53.879106
v 941.137296 523.693685 53.879106
v 991.937296 524.645237 51.581858
v 941.137296 524.645237 51.581858
v 445.837296 520.045015 50.349232
v 445.837296 519.569239 51.497856
v 445.837296 518.812389 52.484203
v 445.837296 517.826043 53.241052
v 445.837296 516.677419 53.716828
v 915.737296 516.677419 53.716828
v 941.137296 516.677419 53.716828
v 966.537296 516.677419 53.716828
v 991.937296 516.677419 53.716828
v 1017.337296 516.677419 53.716828
v 915.737296 517.826043 53.241052
v 941.137296 517.826043 53.241052
v 966.537296 517.826043 53.241052
v 991.937296 517.826043 53.241052
v 1017.337296 517.826043 53.241052
v 915.737296 518.812389 52.484203
v 941.137296 518.812389 52.484203
v 966.537296 518.812389 52.484203
v 991.937296 518.812389 52.484203
v 1017.337296 518.812389 52.484203
v 915.737296 519.569239 51.497856
v 941.137296 519.569239 51.497856
v 966.537296 519.569239 51.497856
v 991.937296 519.569239 51.497856
v 1017.337296 519.569239 51.497856
v 915.737296 520.045015 50.349232
v 941.137296 520.045015 50.349232
v 966.537296 520.045015 50.349232
v 991.937296 520.045015 50.349232
v 1017.337296 520.045015 50.349232
v -24.062704 520.045015 50.349232
v -49.462704 520.045015 50.349232
v -74.862704 520.045015 50.349232
v -100.262704 520.045015 50.349232
v -125.662704 520.045015 50.349232
v -24.062704 519.569239 51.497856
v -49.462704 519.569239 51.497856
v -74.862704 519.569239 51.497856
v -100.262704 519.569239 51.497856
v -125.662704 519.569239 51.497856
v -24.062704 518.812389 52.484203
v -49.462704 518.812389 52.484203
v -74.862704 518.812389 52.484203
v -100.262704 518.812389 52.484203
v -125.662704 518.812389 52.484203
v -24.062704 517.826043 53.241052
v -49.462704 517.826043 53.241052
v -74.862704 517.826043 53.241052
v -100.262704 517.826043 53.241052
v -125.662704 517.826043 53.241052
v -24.062704 516.677419 53.716828
v -49.462704 516.677419 53.716828
v -74.862704 516.677419 53.716828
v -100.262704 516.677419 53.716828
v -125.662704 516.677419 53.716828
v -122.487704 478.932293 53.879106
v -120.433328 479.202757 53.879106
v -118.518954 479.995717 53.879106
v -116.875044 481.257133 53.879106
v -115.613627 482.901043 53.879106
v -114.820668 484.815417 53.879106
v -114.550204 486.869793 53.879106
v -114.820668 488.924169 53.879106
v -115.613627 490.838543 53.879106
v -116.875044 492.482453 53.879106
v -118.518954 493.743870 53.879106
v -120.433328 494.536830 53.879106
v -122.487704 494.807293 53.879106
v -124.542080 494.536830 53.879106
v -126.456454 493.743870 53.879106
v -128.100364 492.482453 53.879106
v -129.361780 490.838543 53.879106
v -130.154740 488.924169 53.879106
v -130.425204 486.869793 53.879106
v -130.154740 484.815417 53.879106
v -129.361780 482.901043 53.879106
v -128.100364 481.257133 53.879106
v -126.456454 479.995717 53.879106
v -124.542080 479.202757 53.879106
v -24.062704 494.807293 53.879106
v -26.117080 494.536830 53.879106
v -28.031454 493.743870 53.879106
v -29.675364 492.482453 53.879106
v -30.936780 490.838543 53.879106
v -31.729740 488.924169 53.879106
v -32.000204 486.869793 53.879106
v -31.729740 484.815417 53.879106
v -30.936780 482.901043 53.879106
v -29.675364 481.257133 53.879106
v -28.031454 479.995717 53.879106
v -26.117080 479.202757 53.879106
v -24.062704 478.932293 53.879106
v -22.008328 479.202757 53.879106
v -20.093954 479.995717 53.879106
v -18.450044 481.257133 53.879106
v -17.188627 482.901043 53.879106
v -16.395668 484.815417 53.879106
v -16.125204 486.869793 53.879106
v -16.395668 488.924169 53.879106
v -17.188627 490.838543 53.879106
v -18.450044 492.482453 53.879106
v -20.093954 493.743870 53.879106
v -22.008328 494.536830 53.879106
v 915.737296 494.807293 58.641606
v 913.682920 494.536830 58.641606
v 911.768546 493.743870 58.641606
v 910.124636 492.482453 58.641606
v 908.863220 490.838543 58.641606
v 908.070260 488.924169 58.641606
v 907.799796 486.869793 58.641606
v 908.070260 484.815417 58.641606
v 908.863220 482.901043 58.641606
v 910.124636 481.257133 58.641606
v 911.768546 479.995717 58.641606
v 913.682920 479.202757 58.641606
v 915.737296 478.932293 58.641606
v 917.791672 479.202757 58.641606
v 919.706046 479.995717 58.641606
v 921.349956 481.257133 58.641606
v 922.611373 482.901043 58.641606
v 923.404332 484.815417 58.641606
v 923.674796 486.869793 58.641606
v 923.404332 488.924169 58.641606
v 922.611373 490.838543 58.641606
v 921.349956 492.482453 58.641606
v 919.706046 493.743870 58.641606
v 917.791672 494.536830 58.641606
v -24.062704 494.807293 58.641606
v -26.117080 494.536830 58.641606
v -28.031454 493.743870 58.641606
v -29.675364 492.482453 58.641606
v -30.936780 490.838543 58.641606
v -31.729740 488.924169 58.641606
v -32.000204 486.869793 58.641606
v -31.729740 484.815417 58.641606
v -30.936780 482.901043 58.641606
v -29.675364 481.257133 58.641606
v -28.031454 479.995717 58.641606
v -26.117080 479.202757 58.641606
v -24.062704 478.932293 58.641606
v -22.008328 479.202757 58.641606
v -20.093954 479.995717 58.641606
v -18.450044 481.257133 58.641606
v -17.188627 482.901043 58.641606
v -16.395668 484.815417 58.641606
v -16.125204 486.869793 58.641606
v -16.395668 488.924169 58.641606
v -17.188627 490.838543 58.641606
v -18.450044 492.482453 58.641606
v -20.093954 493.743870 58.641606
v -22.008328 494.536830 58.641606
v -122.487704 478.932293 58.641606
v -120.433328 479.202757 58.641606
v -118.518954 479.995717 58.641606
v -116.875044 481.257133 58.641606
v -115.613627 482.901043 58.641606
v -114.820668 484.815417 58.641606
v -114.550204 486.869793 58.641606
v -114.820668 488.924169 58.641606
v -115.613627 490.838543 58.641606
v -116.875044 492.482453 58.641606
v -118.518954 493.743870 58.641606
v -120.433328 494.536830 58.641606
v -122.487704 494.807293 58.641606
v -124.542080 494.536830 58.641606
v -126.456454 493.743870 58.641606
v -128.100364 492.482453 58.641606
v -129.361780 490.838543 58.641606
v -130.154740 488.924169 58.641606
v -130.425204 486.869793 58.641606
v -130.154740 484.815417 58.641606
v -129.361780 482.901043 58.641606
v -128.100364 481.257133 58.641606
v -126.456454 479.995717 58.641606
v -124.542080 479.202757 58.641606
v 1014.162296 478.932293 58.641606
v 1016.216672 479.202757 58.641606
v 1018.131046 479.995717 58.641606
v 1019.774956 481.257133 58.641606
v 1021.036373 482.901043 58.641606
v 1021.829332 484.815417 58.641606
v 1022.099796 486.869793 58.641606
v 1021.829332 488.924169 58.641606
v 1021.036373 490.838543 58.641606
v 1019.774956 492.482453 58.641606
v 1018.131046 493.743870 58.641606
v 1016.216672 494.536830 58.641606
v 1014.162296 494.807293 58.641606
v 1012.107920 494.536830 58.641606
v 1010.193546 493.743870 58.641606
v 1008.549636 492.482453 58.641606
v 1007.288220 490.838543 58.641606
v 1006.495260 488.924169 58.641606
v 1006.224796 486.869793 58.641606
v 1006.495260 484.815417 58.641606
v 1007.288220 482.901043 58.641606
v 1008.549636 481.257133 58.641606
v 1010.193546 479.995717 58.641606
v 1012.107920 479.202757 58.641606
vt 4.445000 1.478643 0.000000
vt 4.445000 -0.072250 0.000000
vt 5.080000 2.113643 0.000000
vt 4.467842 -0.163169 0.000000
vt 4.481637 -0.255892 0.000000
vt 4.486250 -0.349522 0.000000
vt 5.080000 -4.236357 0.000000
vt 4.486250 -4.236357 0.000000
vt -5.080000 2.113643 0.000000
vt -4.445000 1.478643 0.000000
vt -5.080000 -4.236357 0.000000
vt -4.445000 -4.236357 0.000000
vt 0.593750 7.620000 0.000000
vt 0.000000 7.620000 0.000000
vt 0.593750 -0.000000 0.000000
vt 0.000000 0.000000 0.000000
vt 0.635000 -1.600085 0.000000
vt 0.000000 -1.600085 0.000000
vt 0.635000 -1.745547 0.000000
vt -0.000000 -1.745547 0.000000
vt 0.635000 1.745547 0.000000
vt -0.000000 1.745547 0.000000
vt 0.635000 1.600085 0.000000
vt 0.000000 1.600085 0.000000
vt 0.635000 1.454623 0.000000
vt -0.000000 1.454623 0.000000
vt 0.635000 1.309161 0.000000
vt -0.000000 1.309161 0.000000
vt 0.635000 1.163698 0.000000
vt 0.000000 1.163698 0.000000
vt 0.635000 1.018236 0.000000
vt -0.000000 1.018236 0.000000
vt 0.635000 0.872774 0.000000
vt 0.000000 0.872774 0.000000
vt 0.635000 0.727311 0.000000
vt 0.000000 0.727311 0.000000
vt 0.635000 0.581849 0.000000
vt 0.000000 0.581849 0.000000
vt 0.635000 0.436387 0.000000
vt 0.000000 0.436387 0.000000
vt 0.635000 0.290925 0.000000
vt 0.000000 0.290925 0.000000
vt 0.635000 0.145462 0.000000
vt -0.000000 0.145462 0.000000
vt 0.635000 0.000000 0.000000
vt 0.000000 0.000000 0.000000
vt 0.635000 -0.145462 0.000000
vt -0.000000 -0.145462 0.000000
vt 0.635000 -0.290925 0.000000
vt 0.000000 -0.290925 0.000000
vt 0.635000 -0.436387 0.000000
vt 0.000000 -0.436387 0.000000
vt 0.635000 -0.581849 0.000000
vt -0.000000 -0.581849 0.000000
vt 0.635000 -0.727311 0.000000
vt 0.000000 -0.727311 0.000000
vt 0.635000 -0.872774 0.000000
vt -0.000000 -0.872774 0.000000
vt 0.635000 -1.018236 0.000000
vt -0.000000 -1.018236 0.000000
vt 0.635000 -1.163698 0.000000
vt -0.000000 -1.163698 0.000000
vt 0.635000 -1.309161 0.000000
vt -0.000000 -1.309161 0.000000
vt 0.635000 -1.454623 0.000000
vt -0.000000 -1.454623 0.000000
vt 0.635000 -1.600085 0.000000
vt 0.000000 -1.600085 0.000000
vt 0.635000 -1.745547 0.000000
vt 0.000000 -1.745547 0.000000
vt 0.635000 1.745547 0.000000
vt 0.000000 1.745547 0.000000
vt 0.635000 1.600085 0.000000
vt 0.000000 1.600085 0.000000
vt 0.635000 1.454623 0.000000
vt -0.000000 1.454623 0.000000
vt 0.635000 1.309161 0.000000
vt -0.000000 1.309161 0.000000
vt 0.635000 1.163698 0.000000
vt 0.000000 1.163698 0.000000
vt 0.635000 1.018236 0.000000
vt -0.000000 1.018236 0.000000
vt 0.635000 0.872774 0.000000
vt 0.000000 0.872774 0.000000
vt 0.635000 0.727311 0.000000
vt 0.000000 0.727311 0.000000
vt 0.635000 0.581849 0.000000
vt 0.000000 0.581849 0.000000
vt 0.635000 0.436387 0.000000
vt 0.000000 0.436387 0.000000
vt 0.635000 0.290925 0.000000
vt 0.000000 0.290925 0.000000
vt 0.635000 0.145462 0.000000
vt -0.000000 0.145462 0.000000
vt 0.635000 0.000000 0.000000
vt 0.000000 0.000000 0.000000
vt 0.635000 -0.145462 0.000000
vt -0.000000 -0.145462 0.000000
vt 0.635000 -0.290925 0.000000
vt 0.000000 -0.290925 0.000000
vt 0.635000 -0.436387 0.000000
vt 0.000000 -0.436387 0.000000
vt 0.635000 -0.581849 0.000000
vt -0.000000 -0.581849 0.000000
vt 0.635000 -0.727311 0.000000
vt 0.000000 -0.727311 0.000000
vt 0.635000 -0.872774 0.000000
vt -0.000000 -0.872774 0.000000
vt 0.635000 -1.018236 0.000000
vt -0.000000 -1.018236 0.000000
vt 0.635000 -1.163698 0.000000
vt -0.000000 -1.163698 0.000000
vt 0.635000 -1.309161 0.000000
vt -0.000000 -1.309161 0.000000
vt 0.635000 -1.454623 0.000000
vt -0.000000 -1.454623 0.000000
vt 0.000000 0.000000 0.000000
vt 6.350000 -0.000000 0.000000
vt 0.000000 7.620000 0.000000
vt 6.350000 7.620000 0.000000
vt 0.000000 0.000000 0.000000
vt 0.635000 -0.000000 0.000000
vt 0.000000 7.620000 0.000000
vt 0.635000 7.620000 0.000000
vt 0.000000 0.000000 0.000000
vt 5.715000 0.000000 0.000000
vt -0.000000 7.620000 0.000000
vt 5.715000 7.620000 0.000000
vt 8.890000 -0.000000 0.000000
vt 2.182812 3.328815 0.000000
vt 0.000000 0.000000 0.000000
vt 2.048806 3.273307 0.000000
vt 1.905000 3.254375 0.000000
vt 8.890000 7.620000 0.000000
vt 7.540625 3.810000 0.000000
vt 7.521693 3.666194 0.000000
vt 7.466185 3.532187 0.000000
vt 0.000000 7.620000 0.000000
vt 6.707187 4.291185 0.000000
vt 6.841194 4.346693 0.000000
vt 6.985000 4.365625 0.000000
vt 1.349375 3.810000 0.000000
vt 1.368307 3.953806 0.000000
vt 1.423815 4.087812 0.000000
vt 2.441693 3.666194 0.000000
vt 6.448307 3.666194 0.000000
vt 2.460625 3.810000 0.000000
vt 6.429375 3.810000 0.000000
vt 2.441693 3.953806 0.000000
vt 6.448307 3.953806 0.000000
vt 2.386185 4.087812 0.000000
vt 6.503815 4.087812 0.000000
vt 2.297886 4.202886 0.000000
vt 6.592114 4.202886 0.000000
vt 2.182812 4.291185 0.000000
vt 6.503815 3.532187 0.000000
vt 2.386185 3.532187 0.000000
vt 6.592114 3.417114 0.000000
vt 2.297886 3.417114 0.000000
vt 6.707187 3.328815 0.000000
vt 1.761194 3.273307 0.000000
vt 1.627187 3.328815 0.000000
vt 1.512114 3.417114 0.000000
vt 1.423815 3.532187 0.000000
vt 1.368307 3.666194 0.000000
vt 1.512114 4.202886 0.000000
vt 1.627187 4.291185 0.000000
vt 1.761194 4.346693 0.000000
vt 1.905000 4.365625 0.000000
vt 2.048806 4.346693 0.000000
vt 7.377886 3.417114 0.000000
vt 7.262812 3.328815 0.000000
vt 7.128806 3.273307 0.000000
vt 6.985000 3.254375 0.000000
vt 6.841194 3.273307 0.000000
vt 7.128806 4.346693 0.000000
vt 7.262812 4.291185 0.000000
vt 7.377886 4.202886 0.000000
vt 7.466185 4.087812 0.000000
vt 7.521693 3.953806 0.000000
vt 4.164107 -0.000000 0.000000
vt 5.715000 -0.000000 0.000000
vt 4.164107 7.620000 0.000000
vt 5.715000 7.620000 0.000000
vt 0.000000 0.000000 0.000000
vt 6.350000 0.000000 0.000000
vt 0.000000 7.620000 0.000000
vt 6.350000 7.620000 0.000000
vt 10.160000 0.000000 0.000000
vt 2.683806 3.273307 0.000000
vt 0.000000 0.000000 0.000000
vt 2.540000 3.254375 0.000000
vt 2.396194 3.273307 0.000000
vt 10.160000 7.620000 0.000000
vt 8.175625 3.810000 0.000000
vt 8.156693 3.666194 0.000000
vt 8.101185 3.532187 0.000000
vt -0.000000 7.620000 0.000000
vt 7.476194 4.346693 0.000000
vt 7.620000 4.365625 0.000000
vt 7.763806 4.346693 0.000000
vt 1.984375 3.810000 0.000000
vt 2.003307 3.953806 0.000000
vt 2.058815 4.087812 0.000000
vt 7.083307 3.953806 0.000000
vt 3.076693 3.953806 0.000000
vt 7.064375 3.810000 0.000000
vt 3.095625 3.810000 0.000000
vt 7.083307 3.666194 0.000000
vt 3.076693 3.666194 0.000000
vt 7.138815 3.532187 0.000000
vt 3.021185 3.532187 0.000000
vt 7.227114 3.417114 0.000000
vt 2.932886 3.417114 0.000000
vt 7.342187 3.328815 0.000000
vt 2.817812 3.328815 0.000000
vt 7.476194 3.273307 0.000000
vt 3.021185 4.087812 0.000000
vt 7.138815 4.087812 0.000000
vt 2.932886 4.202886 0.000000
vt 7.227114 4.202886 0.000000
vt 2.817812 4.291185 0.000000
vt 7.342187 4.291185 0.000000
vt 2.683806 4.346693 0.000000
vt 7.897812 4.291185 0.000000
vt 8.012886 4.202886 0.000000
vt 8.101185 4.087812 0.000000
vt 8.156693 3.953806 0.000000
vt 8.012886 3.417114 0.000000
vt 7.897812 3.328815 0.000000
vt 7.763806 3.273307 0.000000
vt 7.620000 3.254375 0.000000
vt 2.147114 4.202886 0.000000
vt 2.262187 4.291185 0.000000
vt 2.396194 4.346693 0.000000
vt 2.540000 4.365625 0.000000
vt 2.262187 3.328815 0.000000
vt 2.147114 3.417114 0.000000
vt 2.058815 3.532187 0.000000
vt 2.003307 3.666194 0.000000
vt -4.481637 -0.255892 0.000000
vt -5.080000 2.113643 0.000000
vt -4.486250 -0.349522 0.000000
vt -5.080000 -4.236357 0.000000
vt -4.486250 -4.236357 0.000000
vt -4.467842 -0.163169 0.000000
vt -4.445000 -0.072250 0.000000
vt -4.445000 1.478643 0.000000
vt 4.445000 1.478643 0.000000
vt 5.080000 2.113643 0.000000
vt 5.080000 -4.236357 0.000000
vt 4.445000 -4.236357 0.000000
vt 97.790000 -0.748092 0.000000
vt 97.790000 -0.654310 0.000000
vt 0.000000 -0.748092 0.000000
vt 0.000000 -0.498728 0.000000
vt 5.190435 -0.498728 0.000000
vt 0.000000 -0.249364 0.000000
vt 5.190435 -0.249364 0.000000
vt -0.000000 0.000000 0.000000
vt 5.190435 0.000000 0.000000
vt 0.000000 0.249364 0.000000
vt 5.190435 0.249364 0.000000
vt -0.000000 0.498728 0.000000
vt 5.190435 0.498728 0.000000
vt -0.000000 0.748092 0.000000
vt 10.380870 0.498728 0.000000
vt 15.571304 0.498728 0.000000
vt 15.571304 0.249364 0.000000
vt 20.761739 0.249364 0.000000
vt 20.761739 0.000000 0.000000
vt 25.952174 0.000000 0.000000
vt 25.952174 -0.249364 0.000000
vt 31.142609 -0.249364 0.000000
vt 31.142609 -0.498728 0.000000
vt 36.333043 -0.498728 0.000000
vt 41.523478 -0.498728 0.000000
vt 46.713913 -0.498728 0.000000
vt 41.523478 -0.249364 0.000000
vt 46.713913 -0.249364 0.000000
vt 41.523478 0.000000 0.000000
vt 46.713913 0.000000 0.000000
vt 41.523478 0.249364 0.000000
vt 46.713913 0.249364 0.000000
vt 41.523478 0.498728 0.000000
vt 46.713913 0.498728 0.000000
vt 51.904348 0.498728 0.000000
vt 57.094783 0.498728 0.000000
vt 57.094783 0.249364 0.000000
vt 62.285217 0.249364 0.000000
vt 62.285217 0.000000 0.000000
vt 67.475652 0.000000 0.000000
vt 67.475652 -0.249364 0.000000
vt 72.666087 -0.249364 0.000000
vt 72.666087 -0.498728 0.000000
vt 77.856522 -0.498728 0.000000
vt 83.046957 -0.498728 0.000000
vt 88.237391 -0.498728 0.000000
vt 83.046957 -0.249364 0.000000
vt 88.237391 -0.249364 0.000000
vt 83.046957 0.000000 0.000000
vt 88.237391 0.000000 0.000000
vt 83.046957 0.249364 0.000000
vt 88.237391 0.249364 0.000000
vt 83.046957 0.498728 0.000000
vt 88.237391 0.498728 0.000000
vt 119.380000 0.748092 0.000000
vt 93.427826 0.498728 0.000000
vt 98.618261 0.498728 0.000000
vt 98.618261 0.249364 0.000000
vt 103.808696 0.249364 0.000000
vt 103.808696 0.000000 0.000000
vt 108.999130 0.000000 0.000000
vt 108.999130 -0.249364 0.000000
vt 114.189565 -0.249364 0.000000
vt 114.189565 -0.498728 0.000000
vt 119.380000 -0.498728 0.000000
vt 119.380000 -0.748092 0.000000
vt 108.999130 -0.498728 0.000000
vt 105.410000 -0.654310 0.000000
vt 105.410000 -0.560528 0.000000
vt 105.410000 -0.466747 0.000000
vt 103.808696 -0.249364 0.000000
vt 98.618261 0.000000 0.000000
vt 93.427826 0.249364 0.000000
vt 93.427826 -0.498728 0.000000
vt 97.790000 -0.560528 0.000000
vt 97.790000 -0.466747 0.000000
vt 98.618261 -0.249364 0.000000
vt 93.427826 -0.249364 0.000000
vt 93.427826 0.000000 0.000000
vt 105.410000 -0.748092 0.000000
vt 119.380000 -0.249364 0.000000
vt 114.189565 0.000000 0.000000
vt 108.999130 0.249364 0.000000
vt 103.808696 0.498728 0.000000
vt 119.380000 0.000000 0.000000
vt 114.189565 0.249364 0.000000
vt 108.999130 0.498728 0.000000
vt 119.380000 0.249364 0.000000
vt 114.189565 0.498728 0.000000
vt 119.380000 0.498728 0.000000
vt 62.285217 0.498728 0.000000
vt 67.475652 0.498728 0.000000
vt 72.666087 0.498728 0.000000
vt 72.666087 0.249364 0.000000
vt 77.856522 0.249364 0.000000
vt 77.856522 0.000000 0.000000
vt 77.856522 -0.249364 0.000000
vt 67.475652 -0.498728 0.000000
vt 62.285217 -0.498728 0.000000
vt 57.094783 -0.498728 0.000000
vt 57.094783 -0.249364 0.000000
vt 51.904348 -0.249364 0.000000
vt 51.904348 0.000000 0.000000
vt 62.285217 -0.249364 0.000000
vt 51.904348 -0.498728 0.000000
vt 36.333043 -0.249364 0.000000
vt 36.333043 0.000000 0.000000
vt 36.333043 0.249364 0.000000
vt 36.333043 0.498728 0.000000
vt 25.952174 -0.498728 0.000000
vt 20.761739 -0.498728 0.000000
vt 15.571304 -0.498728 0.000000
vt 15.571304 -0.249364 0.000000
vt 10.380870 -0.249364 0.000000
vt 10.380870 0.000000 0.000000
vt 20.761739 -0.249364 0.000000
vt 10.380870 -0.498728 0.000000
vt 72.666087 0.000000 0.000000
vt 67.475652 0.249364 0.000000
vt 57.094783 0.000000 0.000000
vt 31.142609 0.000000 0.000000
vt 25.952174 0.249364 0.000000
vt 20.761739 0.498728 0.000000
vt 15.571304 0.000000 0.000000
vt 51.904348 0.249364 0.000000
vt 31.142609 0.249364 0.000000
vt 31.142609 0.498728 0.000000
vt 10.380870 0.249364 0.000000
vt 77.856522 0.498728 0.000000
vt 25.952174 0.498728 0.000000
vt -0.000000 0.249364 0.000000
vt 2.652889 0.249364 0.000000
vt -0.000000 0.374046 0.000000
vt 5.305778 0.249364 0.000000
vt 7.958667 0.249364 0.000000
vt 7.958667 0.124682 0.000000
vt 10.611556 0.124682 0.000000
vt 10.611556 0.000000 0.000000
vt 13.264444 0.000000 0.000000
vt 13.264444 -0.124682 0.000000
vt 15.917333 -0.124682 0.000000
vt 15.917333 -0.249364 0.000000
vt 18.570222 -0.249364 0.000000
vt 0.000000 -0.374046 0.000000
vt 21.223111 -0.249364 0.000000
vt 23.876000 -0.249364 0.000000
vt 21.223111 -0.124682 0.000000
vt 23.876000 -0.124682 0.000000
vt 21.223111 0.000000 0.000000
vt 23.876000 0.000000 0.000000
vt 21.223111 0.124682 0.000000
vt 23.876000 0.124682 0.000000
vt 21.223111 0.249364 0.000000
vt 23.876000 0.249364 0.000000
vt 26.528889 0.249364 0.000000
vt 29.181778 0.249364 0.000000
vt 29.181778 0.124682 0.000000
vt 31.834667 0.124682 0.000000
vt 31.834667 0.000000 0.000000
vt 34.487556 0.000000 0.000000
vt 34.487556 -0.124682 0.000000
vt 37.140444 -0.124682 0.000000
vt 37.140444 -0.249364 0.000000
vt 39.793333 -0.249364 0.000000
vt 42.446222 -0.249364 0.000000
vt 45.099111 -0.249364 0.000000
vt 42.446222 -0.124682 0.000000
vt 45.099111 -0.124682 0.000000
vt 42.446222 0.000000 0.000000
vt 45.099111 0.000000 0.000000
vt 42.446222 0.124682 0.000000
vt 45.099111 0.124682 0.000000
vt 42.446222 0.249364 0.000000
vt 45.099111 0.249364 0.000000
vt 47.752000 0.249364 0.000000
vt 50.404889 0.249364 0.000000
vt 50.404889 0.124682 0.000000
vt 53.057778 0.124682 0.000000
vt 53.057778 0.000000 0.000000
vt 55.710667 0.000000 0.000000
vt 55.710667 -0.124682 0.000000
vt 58.363556 -0.124682 0.000000
vt 58.363556 -0.249364 0.000000
vt 61.016444 -0.249364 0.000000
vt 119.380000 -0.374046 0.000000
vt 63.669333 -0.249364 0.000000
vt 66.322222 -0.249364 0.000000
vt 63.669333 -0.124682 0.000000
vt 66.322222 -0.124682 0.000000
vt 63.669333 0.000000 0.000000
vt 66.322222 0.000000 0.000000
vt 63.669333 0.124682 0.000000
vt 66.322222 0.124682 0.000000
vt 63.669333 0.249364 0.000000
vt 66.322222 0.249364 0.000000
vt 119.380000 0.374046 0.000000
vt 68.975111 0.249364 0.000000
vt 71.628000 0.249364 0.000000
vt 71.628000 0.124682 0.000000
vt 74.280889 0.124682 0.000000
vt 74.280889 0.000000 0.000000
vt 76.933778 0.000000 0.000000
vt 76.933778 -0.124682 0.000000
vt 79.586667 -0.124682 0.000000
vt 79.586667 -0.249364 0.000000
vt 82.239556 -0.249364 0.000000
vt 84.892444 -0.249364 0.000000
vt 87.545333 -0.249364 0.000000
vt 84.892444 -0.124682 0.000000
vt 87.545333 -0.124682 0.000000
vt 84.892444 0.000000 0.000000
vt 87.545333 0.000000 0.000000
vt 84.892444 0.124682 0.000000
vt 87.545333 0.124682 0.000000
vt 84.892444 0.249364 0.000000
vt 87.545333 0.249364 0.000000
vt 90.198222 0.249364 0.000000
vt 92.851111 0.249364 0.000000
vt 92.851111 0.124682 0.000000
vt 95.504000 0.124682 0.000000
vt 95.504000 0.000000 0.000000
vt 98.156889 0.000000 0.000000
vt 98.156889 -0.124682 0.000000
vt 100.809778 -0.124682 0.000000
vt 100.809778 -0.249364 0.000000
vt 103.462667 -0.249364 0.000000
vt 106.115556 -0.249364 0.000000
vt 108.768444 -0.249364 0.000000
vt 106.115556 -0.124682 0.000000
vt 108.768444 -0.124682 0.000000
vt 106.115556 0.000000 0.000000
vt 108.768444 0.000000 0.000000
vt 106.115556 0.124682 0.000000
vt 108.768444 0.124682 0.000000
vt 106.115556 0.249364 0.000000
vt 108.768444 0.249364 0.000000
vt 111.421333 0.249364 0.000000
vt 114.074222 0.249364 0.000000
vt 114.074222 0.124682 0.000000
vt 116.727111 0.124682 0.000000
vt 116.727111 0.000000 0.000000
vt 119.380000 0.000000 0.000000
vt 119.380000 -0.124682 0.000000
vt 116.727111 -0.124682 0.000000
vt 119.380000 -0.249364 0.000000
vt 116.727111 -0.249364 0.000000
vt 114.074222 -0.249364 0.000000
vt 111.421333 -0.249364 0.000000
vt 111.421333 -0.124682 0.000000
vt 2.652889 0.124682 0.000000
vt -0.000000 0.124682 0.000000
vt 2.652889 0.000000 0.000000
vt -0.000000 0.000000 0.000000
vt 2.652889 -0.124682 0.000000
vt -0.000000 -0.124682 0.000000
vt 2.652889 -0.249364 0.000000
vt -0.000000 -0.249364 0.000000
vt 55.710667 -0.249364 0.000000
vt 53.057778 -0.249364 0.000000
vt 53.057778 -0.124682 0.000000
vt 50.404889 -0.124682 0.000000
vt 50.404889 0.000000 0.000000
vt 47.752000 0.000000 0.000000
vt 47.752000 0.124682 0.000000
vt 119.380000 0.124682 0.000000
vt 116.727111 0.249364 0.000000
vt 119.380000 0.249364 0.000000
vt 61.016444 0.249364 0.000000
vt 58.363556 0.249364 0.000000
vt 55.710667 0.249364 0.000000
vt 58.363556 0.124682 0.000000
vt 55.710667 0.124682 0.000000
vt 58.363556 0.000000 0.000000
vt 5.305778 0.124682 0.000000
vt 5.305778 0.000000 0.000000
vt 5.305778 -0.124682 0.000000
vt 5.305778 -0.249364 0.000000
vt 10.611556 0.249364 0.000000
vt 13.264444 0.249364 0.000000
vt 15.917333 0.249364 0.000000
vt 15.917333 0.124682 0.000000
vt 18.570222 0.124682 0.000000
vt 18.570222 0.000000 0.000000
vt 13.264444 0.124682 0.000000
vt 18.570222 0.249364 0.000000
vt 26.528889 0.124682 0.000000
vt 26.528889 0.000000 0.000000
vt 26.528889 -0.124682 0.000000
vt 26.528889 -0.249364 0.000000
vt 31.834667 0.249364 0.000000
vt 34.487556 0.249364 0.000000
vt 37.140444 0.249364 0.000000
vt 37.140444 0.124682 0.000000
vt 39.793333 0.124682 0.000000
vt 39.793333 0.000000 0.000000
vt 34.487556 0.124682 0.000000
vt 39.793333 0.249364 0.000000
vt 53.057778 0.249364 0.000000
vt 61.016444 0.124682 0.000000
vt 61.016444 0.000000 0.000000
vt 61.016444 -0.124682 0.000000
vt 68.975111 0.124682 0.000000
vt 68.975111 0.000000 0.000000
vt 68.975111 -0.124682 0.000000
vt 68.975111 -0.249364 0.000000
vt 74.280889 0.249364 0.000000
vt 76.933778 0.249364 0.000000
vt 79.586667 0.249364 0.000000
vt 79.586667 0.124682 0.000000
vt 82.239556 0.124682 0.000000
vt 82.239556 0.000000 0.000000
vt 76.933778 0.124682 0.000000
vt 82.239556 0.249364 0.000000
vt 90.198222 0.124682 0.000000
vt 90.198222 0.000000 0.000000
vt 90.198222 -0.124682 0.000000
vt 90.198222 -0.249364 0.000000
vt 95.504000 0.249364 0.000000
vt 98.156889 0.249364 0.000000
vt 100.809778 0.249364 0.000000
vt 100.809778 0.124682 0.000000
vt 103.462667 0.124682 0.000000
vt 103.462667 0.000000 0.000000
vt 98.156889 0.124682 0.000000
vt 103.462667 0.249364 0.000000
vt 111.421333 0.124682 0.000000
vt 111.421333 0.000000 0.000000
vt 7.958667 0.000000 0.000000
vt 10.611556 -0.124682 0.000000
vt 13.264444 -0.249364 0.000000
vt 15.917333 0.000000 0.000000
vt 29.181778 0.000000 0.000000
vt 31.834667 -0.124682 0.000000
vt 34.487556 -0.249364 0.000000
vt 37.140444 0.000000 0.000000
vt 71.628000 0.000000 0.000000
vt 74.280889 -0.124682 0.000000
vt 76.933778 -0.249364 0.000000
vt 79.586667 0.000000 0.000000
vt 92.851111 0.000000 0.000000
vt 95.504000 -0.124682 0.000000
vt 98.156889 -0.249364 0.000000
vt 100.809778 0.000000 0.000000
vt 114.074222 0.000000 0.000000
vt 7.958667 -0.124682 0.000000
vt 7.958667 -0.249364 0.000000
vt 18.570222 -0.124682 0.000000
vt 29.181778 -0.124682 0.000000
vt 29.181778 -0.249364 0.000000
vt 39.793333 -0.124682 0.000000
vt 47.752000 -0.124682 0.000000
vt 47.752000 -0.249364 0.000000
vt 71.628000 -0.124682 0.000000
vt 71.628000 -0.249364 0.000000
vt 82.239556 -0.124682 0.000000
vt 92.851111 -0.124682 0.000000
vt 92.851111 -0.249364 0.000000
vt 103.462667 -0.124682 0.000000
vt 114.074222 -0.124682 0.000000
vt 10.611556 -0.249364 0.000000
vt 31.834667 -0.249364 0.000000
vt 50.404889 -0.249364 0.000000
vt 74.280889 -0.249364 0.000000
vt 95.504000 -0.249364 0.000000
vt -13.335000 0.000000 0.000000
vt -8.572500 63.500000 0.000000
vt -13.335000 119.380000 0.000000
vt -8.572500 102.870000 0.000000
vt -7.302500 104.140000 0.000000
vt 0.000000 0.000000 0.000000
vt -7.302500 15.240000 0.000000
vt -8.572500 16.510000 0.000000
vt -8.572500 55.880000 0.000000
vt 0.000000 15.240000 0.000000
vt -7.302500 57.150000 0.000000
vt -7.302500 62.230000 0.000000
vt 0.000000 57.150000 0.000000
vt 0.000000 62.230000 0.000000
vt 0.000000 104.140000 0.000000
vt 0.000000 119.380000 0.000000
vt -119.380000 0.498728 0.000000
vt -114.189565 0.498728 0.000000
vt -119.380000 0.748092 0.000000
vt -108.999130 0.498728 0.000000
vt -103.808696 0.498728 0.000000
vt -103.808696 0.249364 0.000000
vt -98.618261 0.249364 0.000000
vt -98.618261 0.000000 0.000000
vt -93.427826 0.000000 0.000000
vt -93.427826 -0.249364 0.000000
vt -88.237391 -0.249364 0.000000
vt -88.237391 -0.498728 0.000000
vt -83.046957 -0.498728 0.000000
vt -119.380000 -0.748092 0.000000
vt -77.856522 -0.498728 0.000000
vt -72.666087 -0.498728 0.000000
vt -77.856522 -0.249364 0.000000
vt -72.666087 -0.249364 0.000000
vt -77.856522 0.000000 0.000000
vt -72.666087 0.000000 0.000000
vt -77.856522 0.249364 0.000000
vt -72.666087 0.249364 0.000000
vt -77.856522 0.498728 0.000000
vt -72.666087 0.498728 0.000000
vt -67.475652 0.498728 0.000000
vt -62.285217 0.498728 0.000000
vt -62.285217 0.249364 0.000000
vt -57.094783 0.249364 0.000000
vt -57.094783 0.000000 0.000000
vt -51.904348 0.000000 0.000000
vt -51.904348 -0.249364 0.000000
vt -46.713913 -0.249364 0.000000
vt -46.713913 -0.498728 0.000000
vt -41.523478 -0.498728 0.000000
vt 0.000000 -0.748092 0.000000
vt -36.333043 -0.498728 0.000000
vt -31.142609 -0.498728 0.000000
vt -36.333043 -0.249364 0.000000
vt -31.142609 -0.249364 0.000000
vt -36.333043 0.000000 0.000000
vt -31.142609 0.000000 0.000000
vt -36.333043 0.249364 0.000000
vt -31.142609 0.249364 0.000000
vt -36.333043 0.498728 0.000000
vt -31.142609 0.498728 0.000000
vt 0.000000 0.748092 0.000000
vt -25.952174 0.498728 0.000000
vt -20.761739 0.498728 0.000000
vt -20.761739 0.249364 0.000000
vt -15.571304 0.249364 0.000000
vt -15.571304 0.000000 0.000000
vt -10.380870 0.000000 0.000000
vt -10.380870 -0.249364 0.000000
vt -5.190435 -0.249364 0.000000
vt -5.190435 -0.498728 0.000000
vt 0.000000 -0.498728 0.000000
vt -10.380870 -0.498728 0.000000
vt -15.571304 -0.498728 0.000000
vt -15.571304 -0.249364 0.000000
vt -20.761739 -0.249364 0.000000
vt -20.761739 0.000000 0.000000
vt -25.952174 0.000000 0.000000
vt -25.952174 0.249364 0.000000
vt -114.189565 0.249364 0.000000
vt -119.380000 0.249364 0.000000
vt -114.189565 0.000000 0.000000
vt -119.380000 0.000000 0.000000
vt -114.189565 -0.249364 0.000000
vt -119.380000 -0.249364 0.000000
vt -114.189565 -0.498728 0.000000
vt -119.380000 -0.498728 0.000000
vt -62.285217 -0.498728 0.000000
vt -67.475652 -0.498728 0.000000
vt 0.000000 -0.249364 0.000000
vt -5.190435 0.000000 0.000000
vt -10.380870 0.249364 0.000000
vt -15.571304 0.498728 0.000000
vt -0.000000 0.000000 0.000000
vt -5.190435 0.249364 0.000000
vt -10.380870 0.498728 0.000000
vt -0.000000 0.249364 0.000000
vt -5.190435 0.498728 0.000000
vt -0.000000 0.498728 0.000000
vt -57.094783 0.498728 0.000000
vt -51.904348 0.498728 0.000000
vt -46.713913 0.498728 0.000000
vt -46.713913 0.249364 0.000000
vt -41.523478 0.249364 0.000000
vt -41.523478 0.000000 0.000000
vt -108.999130 0.249364 0.000000
vt -108.999130 0.000000 0.000000
vt -108.999130 -0.249364 0.000000
vt -108.999130 -0.498728 0.000000
vt -98.618261 0.498728 0.000000
vt -93.427826 0.498728 0.000000
vt -88.237391 0.498728 0.000000
vt -88.237391 0.249364 0.000000
vt -83.046957 0.249364 0.000000
vt -83.046957 0.000000 0.000000
vt -93.427826 0.249364 0.000000
vt -83.046957 0.498728 0.000000
vt -67.475652 0.249364 0.000000
vt -67.475652 0.000000 0.000000
vt -67.475652 -0.249364 0.000000
vt -51.904348 0.249364 0.000000
vt -41.523478 0.498728 0.000000
vt -103.808696 0.000000 0.000000
vt -98.618261 -0.249364 0.000000
vt -93.427826 -0.498728 0.000000
vt -88.237391 0.000000 0.000000
vt -62.285217 0.000000 0.000000
vt -57.094783 -0.249364 0.000000
vt -51.904348 -0.498728 0.000000
vt -46.713913 0.000000 0.000000
vt -103.808696 -0.249364 0.000000
vt -103.808696 -0.498728 0.000000
vt -83.046957 -0.249364 0.000000
vt -62.285217 -0.249364 0.000000
vt -41.523478 -0.249364 0.000000
vt -25.952174 -0.249364 0.000000
vt -25.952174 -0.498728 0.000000
vt -98.618261 -0.498728 0.000000
vt -57.094783 -0.498728 0.000000
vt -20.761739 -0.498728 0.000000
vt -3.104025 7.587544 0.000000
vt -2.980763 7.127522 0.000000
vt -2.857500 7.620000 0.000000
vt -2.857500 7.143750 0.000000
vt 2.857500 7.143750 0.000000
vt -3.095625 7.079945 0.000000
vt -3.333750 7.492389 0.000000
vt -3.194260 7.004260 0.000000
vt -3.269945 6.905625 0.000000
vt -3.531019 7.341019 0.000000
vt -3.317522 6.790763 0.000000
vt -3.682389 7.143750 0.000000
vt -3.333750 6.667500 0.000000
vt -3.777544 6.914025 0.000000
vt -3.810000 6.667500 0.000000
vt -3.333750 -6.667500 0.000000
vt -3.810000 -6.667500 0.000000
vt -3.777544 -6.914025 0.000000
vt -3.682389 -7.143750 0.000000
vt -3.317522 -6.790763 0.000000
vt -3.531019 -7.341019 0.000000
vt -3.269945 -6.905625 0.000000
vt -3.333750 -7.492389 0.000000
vt -3.194260 -7.004260 0.000000
vt -3.095625 -7.079945 0.000000
vt -3.104025 -7.587544 0.000000
vt -2.980763 -7.127522 0.000000
vt -2.857500 -7.620000 0.000000
vt -2.857500 -7.143750 0.000000
vt 2.857500 -7.620000 0.000000
vt 2.857500 -7.143750 0.000000
vt 2.980763 -7.127522 0.000000
vt 3.104025 -7.587544 0.000000
vt 3.095625 -7.079945 0.000000
vt 3.333750 -7.492389 0.000000
vt 3.194260 -7.004260 0.000000
vt 3.269945 -6.905625 0.000000
vt 3.531019 -7.341019 0.000000
vt 3.317522 -6.790763 0.000000
vt 3.682389 -7.143750 0.000000
vt 3.333750 -6.667500 0.000000
vt 3.777544 -6.914025 0.000000
vt 3.810000 -6.667500 0.000000
vt 3.333750 6.667500 0.000000
vt 3.810000 6.667500 0.000000
vt 3.777544 6.914025 0.000000
vt 3.682389 7.143750 0.000000
vt 3.317522 6.790763 0.000000
vt 3.531019 7.341019 0.000000
vt 3.269945 6.905625 0.000000
vt 3.333750 7.492389 0.000000
vt 3.194260 7.004260 0.000000
vt 3.095625 7.079945 0.000000
vt 3.104025 7.587544 0.000000
vt 2.980763 7.127522 0.000000
vt 2.857500 7.620000 0.000000
vt 13.335000 119.380000 0.000000
vt 8.572500 63.500000 0.000000
vt 13.335000 -0.000000 0.000000
vt 8.572500 55.880000 0.000000
vt 8.572500 16.510000 0.000000
vt -0.000000 119.380000 0.000000
vt 7.302500 104.140000 0.000000
vt 8.572500 102.870000 0.000000
vt -0.000000 104.140000 0.000000
vt 7.302500 62.230000 0.000000
vt 7.302500 57.150000 0.000000
vt -0.000000 62.230000 0.000000
vt -0.000000 57.150000 0.000000
vt 7.302500 15.240000 0.000000
vt -0.000000 0.000000 0.000000
vt -0.000000 15.240000 0.000000
vt 15.240000 -0.249364 0.000000
vt 12.700000 -0.249364 0.000000
vt 15.240000 -0.374046 0.000000
vt 10.160000 -0.249364 0.000000
vt 7.620000 -0.249364 0.000000
vt 7.620000 -0.124682 0.000000
vt 5.080000 -0.124682 0.000000
vt 5.080000 0.000000 0.000000
vt 2.540000 -0.000000 0.000000
vt 2.540000 0.124682 0.000000
vt -0.000000 0.124682 0.000000
vt -0.000000 0.249364 0.000000
vt 2.540000 0.249364 0.000000
vt -0.000000 0.374046 0.000000
vt 5.080000 0.249364 0.000000
vt 7.620000 0.249364 0.000000
vt 7.620000 0.124682 0.000000
vt 10.160000 0.124682 0.000000
vt 10.160000 0.000000 0.000000
vt 12.700000 0.000000 0.000000
vt 12.700000 -0.124682 0.000000
vt 15.240000 -0.124682 0.000000
vt 15.240000 0.000000 0.000000
vt 12.700000 0.124682 0.000000
vt 10.160000 0.249364 0.000000
vt 15.240000 0.374046 0.000000
vt 15.240000 0.124682 0.000000
vt 12.700000 0.249364 0.000000
vt 15.240000 0.249364 0.000000
vt -0.000000 -0.000000 0.000000
vt 2.540000 -0.124682 0.000000
vt 5.080000 -0.249364 0.000000
vt 0.000000 -0.374046 0.000000
vt -0.000000 -0.124682 0.000000
vt 2.540000 -0.249364 0.000000
vt 0.000000 -0.249364 0.000000
vt 10.160000 -0.124682 0.000000
vt 7.620000 0.000000 0.000000
vt 5.080000 0.124682 0.000000
vt 104.140000 0.249364 0.000000
vt 106.680000 0.249364 0.000000
vt 104.140000 0.374046 0.000000
vt 109.220000 0.249364 0.000000
vt 111.760000 0.249364 0.000000
vt 111.760000 0.124682 0.000000
vt 114.300000 0.124682 0.000000
vt 114.300000 0.000000 0.000000
vt 116.840000 0.000000 0.000000
vt 116.840000 -0.124682 0.000000
vt 119.380000 -0.124682 0.000000
vt 119.380000 -0.249364 0.000000
vt 116.840000 -0.249364 0.000000
vt 119.380000 -0.374046 0.000000
vt 114.300000 -0.249364 0.000000
vt 111.760000 -0.249364 0.000000
vt 111.760000 -0.124682 0.000000
vt 109.220000 -0.124682 0.000000
vt 109.220000 0.000000 0.000000
vt 106.680000 0.000000 0.000000
vt 106.680000 0.124682 0.000000
vt 104.140000 0.124682 0.000000
vt 104.140000 0.000000 0.000000
vt 106.680000 -0.124682 0.000000
vt 109.220000 -0.249364 0.000000
vt 104.140000 -0.374046 0.000000
vt 104.140000 -0.124682 0.000000
vt 106.680000 -0.249364 0.000000
vt 104.140000 -0.249364 0.000000
vt 119.380000 0.000000 0.000000
vt 116.840000 0.124682 0.000000
vt 114.300000 0.249364 0.000000
vt 119.380000 0.374046 0.000000
vt 119.380000 0.124682 0.000000
vt 116.840000 0.249364 0.000000
vt 119.380000 0.249364 0.000000
vt 109.220000 0.124682 0.000000
vt 111.760000 0.000000 0.000000
vt 114.300000 -0.124682 0.000000
vt -6.985000 104.140000 0.000000
vt -4.894204 116.317062 0.000000
vt -6.985000 119.380000 0.000000
vt -4.921250 116.522500 0.000000
vt -4.894204 116.727938 0.000000
vt -1.270000 104.140000 0.000000
vt -4.127500 105.886250 0.000000
vt -4.332938 105.913296 0.000000
vt -4.524375 105.992592 0.000000
vt -1.270000 119.380000 0.000000
vt -3.360796 116.317062 0.000000
vt -3.360796 106.885438 0.000000
vt -3.333750 106.680000 0.000000
vt -4.127500 117.316250 0.000000
vt -3.922062 117.289204 0.000000
vt -3.730625 117.209908 0.000000
vt -4.814908 116.919375 0.000000
vt -4.688766 117.083766 0.000000
vt -4.524375 117.209908 0.000000
vt -4.332938 117.289204 0.000000
vt -3.566234 117.083766 0.000000
vt -3.440092 116.919375 0.000000
vt -3.360796 116.727938 0.000000
vt -3.333750 116.522500 0.000000
vt -3.440092 107.076875 0.000000
vt -3.440092 116.125625 0.000000
vt -3.566234 115.961234 0.000000
vt -3.566234 107.241266 0.000000
vt -3.730625 115.835092 0.000000
vt -3.730625 107.367408 0.000000
vt -3.922062 115.755796 0.000000
vt -3.922062 107.446704 0.000000
vt -4.127500 115.728750 0.000000
vt -4.127500 107.473750 0.000000
vt -4.332938 107.446704 0.000000
vt -4.332938 115.755796 0.000000
vt -4.524375 107.367408 0.000000
vt -4.524375 115.835092 0.000000
vt -4.688766 107.241266 0.000000
vt -4.688766 115.961234 0.000000
vt -4.814908 107.076875 0.000000
vt -4.814908 116.125625 0.000000
vt -3.360796 106.474562 0.000000
vt -3.440092 106.283125 0.000000
vt -3.566234 106.118734 0.000000
vt -3.730625 105.992592 0.000000
vt -3.922062 105.913296 0.000000
vt -4.688766 106.118734 0.000000
vt -4.814908 106.283125 0.000000
vt -4.894204 106.474562 0.000000
vt -4.921250 106.680000 0.000000
vt -4.894204 106.885438 0.000000
vt 62.230000 0.374046 0.000000
vt 57.150000 0.374046 0.000000
vt 59.690000 0.249364 0.000000
vt 57.150000 0.249364 0.000000
vt 59.690000 0.124682 0.000000
vt 57.150000 0.124682 0.000000
vt 59.690000 -0.000000 0.000000
vt 57.150000 -0.000000 0.000000
vt 59.690000 -0.124682 0.000000
vt 57.150000 -0.124682 0.000000
vt 59.690000 -0.249364 0.000000
vt 57.150000 -0.249364 0.000000
vt 57.150000 -0.374046 0.000000
vt 62.230000 -0.374046 0.000000
vt 62.230000 -0.249364 0.000000
vt 62.230000 -0.124682 0.000000
vt 62.230000 0.000000 0.000000
vt 62.230000 0.124682 0.000000
vt 62.230000 0.249364 0.000000
vt -6.985000 57.150000 0.000000
vt -1.270000 57.150000 0.000000
vt -6.985000 62.230000 0.000000
vt -1.270000 62.230000 0.000000
vt -57.150000 0.748092 0.000000
vt -62.230000 0.748092 0.000000
vt -57.150000 0.498728 0.000000
vt -62.230000 0.498728 0.000000
vt -57.150000 0.249364 0.000000
vt -62.230000 0.249364 0.000000
vt -57.150000 -0.000000 0.000000
vt -62.230000 0.000000 0.000000
vt -57.150000 -0.249364 0.000000
vt -62.230000 -0.249364 0.000000
vt -57.150000 -0.498728 0.000000
vt -62.230000 -0.498728 0.000000
vt -57.150000 -0.748092 0.000000
vt -62.230000 -0.748092 0.000000
vt 4.302333 1.975975 0.000000
vt 4.762355 2.099237 0.000000
vt 4.269877 2.222500 0.000000
vt 4.746127 2.222500 0.000000
vt 4.269877 7.937500 0.000000
vt 4.746127 7.937500 0.000000
vt 4.762355 8.060763 0.000000
vt 4.809933 1.984375 0.000000
vt 4.397488 1.746250 0.000000
vt 4.885618 1.885740 0.000000
vt 4.548858 1.548981 0.000000
vt 4.984252 1.810055 0.000000
vt 4.746127 1.397611 0.000000
vt 5.099115 1.762478 0.000000
vt 4.975852 1.302456 0.000000
vt 5.222377 1.746250 0.000000
vt 5.222377 1.270000 0.000000
vt 12.524877 1.270000 0.000000
vt 12.524877 1.746250 0.000000
vt 4.302333 8.184025 0.000000
vt 4.809933 8.175625 0.000000
vt 4.397488 8.413750 0.000000
vt 4.885618 8.274260 0.000000
vt 4.548858 8.611019 0.000000
vt 4.984252 8.349945 0.000000
vt 4.746127 8.762389 0.000000
vt 5.099115 8.397522 0.000000
vt 4.975852 8.857544 0.000000
vt 5.222377 8.413750 0.000000
vt 5.222377 8.890000 0.000000
vt 12.524877 8.413750 0.000000
vt 12.524877 8.890000 0.000000
vt -119.380000 0.498728 0.000000
vt -114.300000 0.498728 0.000000
vt -119.380000 0.748092 0.000000
vt -109.220000 0.498728 0.000000
vt -104.140000 0.748092 0.000000
vt -104.140000 0.498728 0.000000
vt -104.140000 0.249364 0.000000
vt -109.220000 0.249364 0.000000
vt -104.140000 0.000000 0.000000
vt -109.220000 0.000000 0.000000
vt -104.140000 -0.249364 0.000000
vt -109.220000 -0.249364 0.000000
vt -104.140000 -0.498728 0.000000
vt -109.220000 -0.498728 0.000000
vt -104.140000 -0.748092 0.000000
vt -114.300000 -0.498728 0.000000
vt -119.380000 -0.748092 0.000000
vt -119.380000 -0.498728 0.000000
vt -119.380000 -0.249364 0.000000
vt -114.300000 -0.249364 0.000000
vt -119.380000 0.000000 0.000000
vt -114.300000 0.000000 0.000000
vt -119.380000 0.249364 0.000000
vt -114.300000 0.249364 0.000000
vt 3.810000 -6.667500 0.000000
vt 3.810000 6.667500 0.000000
vt 3.333750 6.667500 0.000000
vt 3.777544 6.914025 0.000000
vt 3.682389 7.143750 0.000000
vt 3.317522 6.790763 0.000000
vt 3.531019 7.341019 0.000000
vt 3.269945 6.905625 0.000000
vt 3.333750 7.492389 0.000000
vt 3.194260 7.004260 0.000000
vt 3.095625 7.079945 0.000000
vt 3.104025 7.587544 0.000000
vt 2.980763 7.127522 0.000000
vt 2.857500 7.620000 0.000000
vt 2.857500 7.143750 0.000000
vt -2.857500 7.620000 0.000000
vt -2.857500 7.143750 0.000000
vt -2.980763 7.127522 0.000000
vt -3.104025 7.587544 0.000000
vt -3.095625 7.079945 0.000000
vt -3.333750 7.492389 0.000000
vt -3.194260 7.004260 0.000000
vt -3.269945 6.905625 0.000000
vt -3.531019 7.341019 0.000000
vt -3.317522 6.790763 0.000000
vt -3.682389 7.143750 0.000000
vt -3.333750 6.667500 0.000000
vt -3.777544 6.914025 0.000000
vt -3.810000 6.667500 0.000000
vt -3.333750 -6.667500 0.000000
vt -3.810000 -6.667500 0.000000
vt -3.777544 -6.914025 0.000000
vt -3.682389 -7.143750 0.000000
vt -3.317522 -6.790763 0.000000
vt -3.531019 -7.341019 0.000000
vt -3.269945 -6.905625 0.000000
vt -3.333750 -7.492389 0.000000
vt -3.194260 -7.004260 0.000000
vt -3.095625 -7.079945 0.000000
vt -3.104025 -7.587544 0.000000
vt -2.980763 -7.127522 0.000000
vt -2.857500 -7.620000 0.000000
vt -2.857500 -7.143750 0.000000
vt 2.857500 -7.620000 0.000000
vt 2.857500 -7.143750 0.000000
vt 2.980763 -7.127522 0.000000
vt 3.104025 -7.587544 0.000000
vt 3.095625 -7.079945 0.000000
vt 3.333750 -7.492389 0.000000
vt 3.194260 -7.004260 0.000000
vt 3.269945 -6.905625 0.000000
vt 3.531019 -7.341019 0.000000
vt 3.317522 -6.790763 0.000000
vt 3.682389 -7.143750 0.000000
vt 3.333750 -6.667500 0.000000
vt 3.777544 -6.914025 0.000000
vt -0.000000 -0.498728 0.000000
vt -5.080000 -0.498728 0.000000
vt 0.000000 -0.748092 0.000000
vt -10.160000 -0.498728 0.000000
vt -15.240000 -0.748092 0.000000
vt -15.240000 -0.498728 0.000000
vt -15.240000 -0.249364 0.000000
vt -10.160000 -0.249364 0.000000
vt -15.240000 -0.000000 0.000000
vt -10.160000 -0.000000 0.000000
vt -15.240000 0.249364 0.000000
vt -10.160000 0.249364 0.000000
vt -15.240000 0.498728 0.000000
vt -10.160000 0.498728 0.000000
vt -15.240000 0.748092 0.000000
vt -5.080000 0.498728 0.000000
vt 0.000000 0.748092 0.000000
vt 0.000000 0.498728 0.000000
vt 0.000000 0.249364 0.000000
vt -5.080000 0.249364 0.000000
vt -0.000000 -0.000000 0.000000
vt -5.080000 -0.000000 0.000000
vt 0.000000 -0.249364 0.000000
vt -5.080000 -0.249364 0.000000
vt -11.397544 1.975975 0.000000
vt -10.937522 2.099237 0.000000
vt -11.430000 2.222500 0.000000
vt -10.953750 2.222500 0.000000
vt -11.430000 7.937500 0.000000
vt -10.953750 7.937500 0.000000
vt -10.937522 8.060763 0.000000
vt -10.889945 1.984375 0.000000
vt -11.302389 1.746250 0.000000
vt -10.814260 1.885740 0.000000
vt -11.151019 1.548981 0.000000
vt -10.715625 1.810055 0.000000
vt -10.953750 1.397611 0.000000
vt -10.600763 1.762478 0.000000
vt -10.724025 1.302456 0.000000
vt -10.477500 1.746250 0.000000
vt -10.477500 1.270000 0.000000
vt -3.175000 1.270000 0.000000
vt -3.175000 1.746250 0.000000
vt -11.397544 8.184025 0.000000
vt -10.889945 8.175625 0.000000
vt -11.302389 8.413750 0.000000
vt -10.814260 8.274260 0.000000
vt -11.151019 8.611019 0.000000
vt -10.715625 8.349945 0.000000
vt -10.953750 8.762389 0.000000
vt -10.600763 8.397522 0.000000
vt -10.724025 8.857544 0.000000
vt -10.477500 8.413750 0.000000
vt -10.477500 8.890000 0.000000
vt -3.175000 8.413750 0.000000
vt -3.175000 8.890000 0.000000
vt 3.175000 1.270000 0.000000
vt 10.477500 1.270000 0.000000
vt 10.477500 1.746250 0.000000
vt 10.724025 1.302456 0.000000
vt 10.600763 1.762478 0.000000
vt 10.953750 1.397611 0.000000
vt 10.715625 1.810055 0.000000
vt 11.151019 1.548981 0.000000
vt 10.814260 1.885740 0.000000
vt 11.302389 1.746250 0.000000
vt 10.889945 1.984375 0.000000
vt 11.397544 1.975975 0.000000
vt 10.937522 2.099237 0.000000
vt 11.430000 2.222500 0.000000
vt 10.953750 2.222500 0.000000
vt 10.953750 7.937500 0.000000
vt 11.430000 7.937500 0.000000
vt 10.937522 8.060763 0.000000
vt 11.397544 8.184025 0.000000
vt 10.889945 8.175625 0.000000
vt 11.302389 8.413750 0.000000
vt 10.814260 8.274260 0.000000
vt 11.151019 8.611019 0.000000
vt 10.715625 8.349945 0.000000
vt 10.953750 8.762389 0.000000
vt 10.600763 8.397522 0.000000
vt 10.724025 8.857544 0.000000
vt 10.477500 8.413750 0.000000
vt 10.477500 8.890000 0.000000
vt 3.175000 8.413750 0.000000
vt 3.175000 8.890000 0.000000
vt 3.175000 1.746250 0.000000
vt -12.524877 1.270000 0.000000
vt -5.222377 1.270000 0.000000
vt -5.222377 1.746250 0.000000
vt -4.975852 1.302456 0.000000
vt -5.099115 1.762478 0.000000
vt -4.746127 1.397611 0.000000
vt -4.984252 1.810055 0.000000
vt -4.548858 1.548981 0.000000
vt -4.885618 1.885740 0.000000
vt -4.397488 1.746250 0.000000
vt -4.809933 1.984375 0.000000
vt -4.302333 1.975975 0.000000
vt -4.762355 2.099237 0.000000
vt -4.269877 2.222500 0.000000
vt -4.746127 2.222500 0.000000
vt -4.746127 7.937500 0.000000
vt -4.269877 7.937500 0.000000
vt -4.762355 8.060763 0.000000
vt -4.302333 8.184025 0.000000
vt -4.809933 8.175625 0.000000
vt -4.397488 8.413750 0.000000
vt -4.885618 8.274260 0.000000
vt -4.548858 8.611019 0.000000
vt -4.984252 8.349945 0.000000
vt -4.746127 8.762389 0.000000
vt -5.099115 8.397522 0.000000
vt -4.975852 8.857544 0.000000
vt -5.222377 8.413750 0.000000
vt -5.222377 8.890000 0.000000
vt -12.524877 8.413750 0.000000
vt -12.524877 8.890000 0.000000
vt -12.524877 1.746250 0.000000
vt -1.270000 119.380000 0.000000
vt -2.063750 83.661250 0.000000
vt -1.270000 -0.000000 0.000000
vt -2.063750 35.718750 0.000000
vt -2.063750 20.161250 0.000000
vt -2.063750 99.218750 0.000000
vt -6.985000 119.380000 0.000000
vt -6.191250 99.218750 0.000000
vt -6.191250 83.661250 0.000000
vt -6.985000 -0.000000 0.000000
vt -6.191250 35.718750 0.000000
vt -6.191250 20.161250 0.000000
vt 1.270000 -0.000000 0.000000
vt 2.063750 83.661250 0.000000
vt 1.270000 119.380000 0.000000
vt 2.063750 99.218750 0.000000
vt 6.191250 99.218750 0.000000
vt 6.985000 -0.000000 0.000000
vt 2.063750 20.161250 0.000000
vt 2.063750 35.718750 0.000000
vt 6.191250 35.718750 0.000000
vt 6.191250 83.661250 0.000000
vt 6.985000 119.380000 0.000000
vt 6.191250 20.161250 0.000000
vt 0.000000 97.790000 0.000000
vt 4.762500 63.500000 0.000000
vt 3.886835 97.790000 0.000000
vt 4.762500 102.870000 0.000000
vt 3.886835 105.410000 0.000000
vt 6.032500 104.140000 0.000000
vt 0.000000 119.380000 0.000000
vt 13.335000 119.380000 0.000000
vt 13.335000 104.140000 0.000000
vt 4.762500 55.880000 0.000000
vt 0.000000 0.000000 0.000000
vt 4.762500 16.510000 0.000000
vt 6.032500 15.240000 0.000000
vt 13.335000 -0.000000 0.000000
vt 13.335000 15.240000 0.000000
vt 6.032500 62.230000 0.000000
vt 6.032500 57.150000 0.000000
vt 13.335000 57.150000 0.000000
vt 13.335000 62.230000 0.000000
vt -0.000000 105.410000 0.000000
vt -119.380000 0.249364 0.000000
vt -116.727111 0.249364 0.000000
vt -119.380000 0.374046 0.000000
vt -114.074222 0.249364 0.000000
vt -111.421333 0.249364 0.000000
vt -111.421333 0.124682 0.000000
vt -108.768444 0.124682 0.000000
vt -108.768444 0.000000 0.000000
vt -106.115556 0.000000 0.000000
vt -106.115556 -0.124682 0.000000
vt -103.462667 -0.124682 0.000000
vt -103.462667 -0.249364 0.000000
vt -100.809778 -0.249364 0.000000
vt -119.380000 -0.374046 0.000000
vt -98.156889 -0.249364 0.000000
vt -95.504000 -0.249364 0.000000
vt -98.156889 -0.124682 0.000000
vt -95.504000 -0.124682 0.000000
vt -98.156889 0.000000 0.000000
vt -95.504000 0.000000 0.000000
vt -98.156889 0.124682 0.000000
vt -95.504000 0.124682 0.000000
vt -98.156889 0.249364 0.000000
vt -95.504000 0.249364 0.000000
vt -92.851111 0.249364 0.000000
vt -90.198222 0.249364 0.000000
vt -90.198222 0.124682 0.000000
vt -87.545333 0.124682 0.000000
vt -87.545333 0.000000 0.000000
vt -84.892444 0.000000 0.000000
vt -84.892444 -0.124682 0.000000
vt -82.239556 -0.124682 0.000000
vt -82.239556 -0.249364 0.000000
vt -79.586667 -0.249364 0.000000
vt -76.933778 -0.249364 0.000000
vt -74.280889 -0.249364 0.000000
vt -76.933778 -0.124682 0.000000
vt -74.280889 -0.124682 0.000000
vt -76.933778 0.000000 0.000000
vt -74.280889 0.000000 0.000000
vt -76.933778 0.124682 0.000000
vt -74.280889 0.124682 0.000000
vt -76.933778 0.249364 0.000000
vt -74.280889 0.249364 0.000000
vt -71.628000 0.249364 0.000000
vt -68.975111 0.249364 0.000000
vt -68.975111 0.124682 0.000000
vt -66.322222 0.124682 0.000000
vt -66.322222 0.000000 0.000000
vt -63.669333 0.000000 0.000000
vt -63.669333 -0.124682 0.000000
vt -61.016444 -0.124682 0.000000
vt -61.016444 -0.249364 0.000000
vt -58.363556 -0.249364 0.000000
vt 0.000000 -0.374046 0.000000
vt -55.710667 -0.249364 0.000000
vt -53.057778 -0.249364 0.000000
vt -55.710667 -0.124682 0.000000
vt -53.057778 -0.124682 0.000000
vt -55.710667 0.000000 0.000000
vt -53.057778 0.000000 0.000000
vt -55.710667 0.124682 0.000000
vt -53.057778 0.124682 0.000000
vt -55.710667 0.249364 0.000000
vt -53.057778 0.249364 0.000000
vt 0.000000 0.374046 0.000000
vt -50.404889 0.249364 0.000000
vt -47.752000 0.249364 0.000000
vt -47.752000 0.124682 0.000000
vt -45.099111 0.124682 0.000000
vt -45.099111 0.000000 0.000000
vt -42.446222 0.000000 0.000000
vt -42.446222 -0.124682 0.000000
vt -39.793333 -0.124682 0.000000
vt -39.793333 -0.249364 0.000000
vt -37.140444 -0.249364 0.000000
vt -34.487556 -0.249364 0.000000
vt -31.834667 -0.249364 0.000000
vt -34.487556 -0.124682 0.000000
vt -31.834667 -0.124682 0.000000
vt -34.487556 0.000000 0.000000
vt -31.834667 0.000000 0.000000
vt -34.487556 0.124682 0.000000
vt -31.834667 0.124682 0.000000
vt -34.487556 0.249364 0.000000
vt -31.834667 0.249364 0.000000
vt -29.181778 0.249364 0.000000
vt -26.528889 0.249364 0.000000
vt -26.528889 0.124682 0.000000
vt -23.876000 0.124682 0.000000
vt -23.876000 0.000000 0.000000
vt -21.223111 0.000000 0.000000
vt -21.223111 -0.124682 0.000000
vt -18.570222 -0.124682 0.000000
vt -18.570222 -0.249364 0.000000
vt -15.917333 -0.249364 0.000000
vt -13.264444 -0.249364 0.000000
vt -10.611556 -0.249364 0.000000
vt -13.264444 -0.124682 0.000000
vt -10.611556 -0.124682 0.000000
vt -13.264444 0.000000 0.000000
vt -10.611556 0.000000 0.000000
vt -13.264444 0.124682 0.000000
vt -10.611556 0.124682 0.000000
vt -13.264444 0.249364 0.000000
vt -10.611556 0.249364 0.000000
vt -7.958667 0.249364 0.000000
vt -5.305778 0.249364 0.000000
vt -5.305778 0.124682 0.000000
vt -2.652889 0.124682 0.000000
vt -2.652889 0.000000 0.000000
vt -0.000000 0.000000 0.000000
vt -0.000000 -0.124682 0.000000
vt -2.652889 -0.124682 0.000000
vt -0.000000 -0.249364 0.000000
vt -2.652889 -0.249364 0.000000
vt -5.305778 -0.249364 0.000000
vt -7.958667 -0.249364 0.000000
vt -7.958667 -0.124682 0.000000
vt -116.727111 0.124682 0.000000
vt -119.380000 0.124682 0.000000
vt -116.727111 0.000000 0.000000
vt -119.380000 0.000000 0.000000
vt -116.727111 -0.124682 0.000000
vt -119.380000 -0.124682 0.000000
vt -116.727111 -0.249364 0.000000
vt -119.380000 -0.249364 0.000000
vt -63.669333 -0.249364 0.000000
vt -66.322222 -0.249364 0.000000
vt -66.322222 -0.124682 0.000000
vt -68.975111 -0.124682 0.000000
vt -68.975111 0.000000 0.000000
vt -71.628000 0.000000 0.000000
vt -71.628000 0.124682 0.000000
vt -0.000000 0.124682 0.000000
vt -2.652889 0.249364 0.000000
vt 0.000000 0.249364 0.000000
vt -58.363556 0.249364 0.000000
vt -61.016444 0.249364 0.000000
vt -63.669333 0.249364 0.000000
vt -61.016444 0.124682 0.000000
vt -63.669333 0.124682 0.000000
vt -61.016444 0.000000 0.000000
vt -114.074222 0.124682 0.000000
vt -114.074222 0.000000 0.000000
vt -114.074222 -0.124682 0.000000
vt -114.074222 -0.249364 0.000000
vt -108.768444 0.249364 0.000000
vt -106.115556 0.249364 0.000000
vt -103.462667 0.249364 0.000000
vt -103.462667 0.124682 0.000000
vt -100.809778 0.124682 0.000000
vt -100.809778 0.000000 0.000000
vt -106.115556 0.124682 0.000000
vt -100.809778 0.249364 0.000000
vt -92.851111 0.124682 0.000000
vt -92.851111 0.000000 0.000000
vt -92.851111 -0.124682 0.000000
vt -92.851111 -0.249364 0.000000
vt -87.545333 0.249364 0.000000
vt -84.892444 0.249364 0.000000
vt -82.239556 0.249364 0.000000
vt -82.239556 0.124682 0.000000
vt -79.586667 0.124682 0.000000
vt -79.586667 0.000000 0.000000
vt -84.892444 0.124682 0.000000
vt -79.586667 0.249364 0.000000
vt -66.322222 0.249364 0.000000
vt -58.363556 0.124682 0.000000
vt -58.363556 0.000000 0.000000
vt -58.363556 -0.124682 0.000000
vt -50.404889 0.124682 0.000000
vt -50.404889 0.000000 0.000000
vt -50.404889 -0.124682 0.000000
vt -50.404889 -0.249364 0.000000
vt -45.099111 0.249364 0.000000
vt -42.446222 0.249364 0.000000
vt -39.793333 0.249364 0.000000
vt -39.793333 0.124682 0.000000
vt -37.140444 0.124682 0.000000
vt -37.140444 0.000000 0.000000
vt -42.446222 0.124682 0.000000
vt -37.140444 0.249364 0.000000
vt -29.181778 0.124682 0.000000
vt -29.181778 0.000000 0.000000
vt -29.181778 -0.124682 0.000000
vt -29.181778 -0.249364 0.000000
vt -23.876000 0.249364 0.000000
vt -21.223111 0.249364 0.000000
vt -18.570222 0.249364 0.000000
vt -18.570222 0.124682 0.000000
vt -15.917333 0.124682 0.000000
vt -15.917333 0.000000 0.000000
vt -21.223111 0.124682 0.000000
vt -15.917333 0.249364 0.000000
vt -7.958667 0.124682 0.000000
vt -7.958667 0.000000 0.000000
vt -111.421333 0.000000 0.000000
vt -108.768444 -0.124682 0.000000
vt -106.115556 -0.249364 0.000000
vt -103.462667 0.000000 0.000000
vt -90.198222 0.000000 0.000000
vt -87.545333 -0.124682 0.000000
vt -84.892444 -0.249364 0.000000
vt -82.239556 0.000000 0.000000
vt -47.752000 0.000000 0.000000
vt -45.099111 -0.124682 0.000000
vt -42.446222 -0.249364 0.000000
vt -39.793333 0.000000 0.000000
vt -26.528889 0.000000 0.000000
vt -23.876000 -0.124682 0.000000
vt -21.223111 -0.249364 0.000000
vt -18.570222 0.000000 0.000000
vt -5.305778 0.000000 0.000000
vt -111.421333 -0.124682 0.000000
vt -111.421333 -0.249364 0.000000
vt -100.809778 -0.124682 0.000000
vt -90.198222 -0.124682 0.000000
vt -90.198222 -0.249364 0.000000
vt -79.586667 -0.124682 0.000000
vt -71.628000 -0.124682 0.000000
vt -71.628000 -0.249364 0.000000
vt -47.752000 -0.124682 0.000000
vt -47.752000 -0.249364 0.000000
vt -37.140444 -0.124682 0.000000
vt -26.528889 -0.124682 0.000000
vt -26.528889 -0.249364 0.000000
vt -15.917333 -0.124682 0.000000
vt -5.305778 -0.124682 0.000000
vt -108.768444 -0.249364 0.000000
vt -87.545333 -0.249364 0.000000
vt -68.975111 -0.249364 0.000000
vt -45.099111 -0.249364 0.000000
vt -23.876000 -0.249364 0.000000
vt -0.000000 119.380000 0.000000
vt -4.762500 63.500000 0.000000
vt -0.000000 0.000000 0.000000
vt -4.762500 55.880000 0.000000
vt -4.762500 16.510000 0.000000
vt -13.335000 119.380000 0.000000
vt -6.032500 104.140000 0.000000
vt -4.762500 102.870000 0.000000
vt -13.335000 104.140000 0.000000
vt -6.032500 62.230000 0.000000
vt -6.032500 57.150000 0.000000
vt -13.335000 62.230000 0.000000
vt -13.335000 57.150000 0.000000
vt -6.032500 15.240000 0.000000
vt -13.335000 0.000000 0.000000
vt -13.335000 15.240000 0.000000
vt 0.000000 0.498728 0.000000
vt 5.080000 0.498728 0.000000
vt 0.000000 0.748092 0.000000
vt 10.160000 0.498728 0.000000
vt 15.240000 0.748092 0.000000
vt 15.240000 0.498728 0.000000
vt 15.240000 0.249364 0.000000
vt 10.160000 0.249364 0.000000
vt 15.240000 0.000000 0.000000
vt 10.160000 0.000000 0.000000
vt 15.240000 -0.249364 0.000000
vt 10.160000 -0.249364 0.000000
vt 15.240000 -0.498728 0.000000
vt 10.160000 -0.498728 0.000000
vt 15.240000 -0.748092 0.000000
vt 5.080000 -0.498728 0.000000
vt 0.000000 -0.748092 0.000000
vt -0.000000 -0.498728 0.000000
vt -0.000000 -0.249364 0.000000
vt 5.080000 -0.249364 0.000000
vt -0.000000 -0.000000 0.000000
vt 5.080000 0.000000 0.000000
vt 0.000000 0.249364 0.000000
vt 5.080000 0.249364 0.000000
vt 119.380000 -0.498728 0.000000
vt 114.300000 -0.498728 0.000000
vt 119.380000 -0.748092 0.000000
vt 109.220000 -0.498728 0.000000
vt 104.140000 -0.748092 0.000000
vt 104.140000 -0.498728 0.000000
vt 104.140000 -0.249364 0.000000
vt 109.220000 -0.249364 0.000000
vt 104.140000 -0.000000 0.000000
vt 109.220000 -0.000000 0.000000
vt 104.140000 0.249364 0.000000
vt 109.220000 0.249364 0.000000
vt 104.140000 0.498728 0.000000
vt 109.220000 0.498728 0.000000
vt 104.140000 0.748092 0.000000
vt 114.300000 0.498728 0.000000
vt 119.380000 0.748092 0.000000
vt 119.380000 0.498728 0.000000
vt 119.380000 0.249364 0.000000
vt 114.300000 0.249364 0.000000
vt 119.380000 -0.000000 0.000000
vt 114.300000 -0.000000 0.000000
vt 119.380000 -0.249364 0.000000
vt 114.300000 -0.249364 0.000000
vt 62.230000 0.748092 0.000000
vt 57.150000 0.748092 0.000000
vt 62.230000 0.498728 0.000000
vt 57.150000 0.498728 0.000000
vt 62.230000 0.249364 0.000000
vt 57.150000 0.249364 0.000000
vt 62.230000 -0.000000 0.000000
vt 57.150000 0.000000 0.000000
vt 62.230000 -0.249364 0.000000
vt 57.150000 -0.249364 0.000000
vt 62.230000 -0.498728 0.000000
vt 57.150000 -0.498728 0.000000
vt 62.230000 -0.748092 0.000000
vt 57.150000 -0.748092 0.000000
vt 6.985000 62.230000 0.000000
vt 1.270000 62.230000 0.000000
vt 6.985000 57.150000 0.000000
vt 1.270000 57.150000 0.000000
vt -57.150000 0.374046 0.000000
vt -62.230000 0.374046 0.000000
vt -59.690000 0.249364 0.000000
vt -62.230000 0.249364 0.000000
vt -59.690000 0.124682 0.000000
vt -62.230000 0.124682 0.000000
vt -59.690000 -0.000000 0.000000
vt -62.230000 -0.000000 0.000000
vt -59.690000 -0.124682 0.000000
vt -62.230000 -0.124682 0.000000
vt -59.690000 -0.249364 0.000000
vt -62.230000 -0.249364 0.000000
vt -62.230000 -0.374046 0.000000
vt -57.150000 -0.374046 0.000000
vt -57.150000 -0.249364 0.000000
vt -57.150000 -0.124682 0.000000
vt -57.150000 -0.000000 0.000000
vt -57.150000 0.124682 0.000000
vt -57.150000 0.249364 0.000000
vt -104.140000 -0.249364 0.000000
vt -106.680000 -0.249364 0.000000
vt -104.140000 -0.374046 0.000000
vt -109.220000 -0.249364 0.000000
vt -111.760000 -0.249364 0.000000
vt -111.760000 -0.124682 0.000000
vt -114.300000 -0.124682 0.000000
vt -114.300000 -0.000000 0.000000
vt -116.840000 -0.000000 0.000000
vt -116.840000 0.124682 0.000000
vt -119.380000 0.124682 0.000000
vt -119.380000 0.249364 0.000000
vt -116.840000 0.249364 0.000000
vt -119.380000 0.374046 0.000000
vt -114.300000 0.249364 0.000000
vt -111.760000 0.249364 0.000000
vt -111.760000 0.124682 0.000000
vt -109.220000 0.124682 0.000000
vt -109.220000 0.000000 0.000000
vt -106.680000 0.000000 0.000000
vt -106.680000 -0.124682 0.000000
vt -104.140000 -0.124682 0.000000
vt -104.140000 0.000000 0.000000
vt -106.680000 0.124682 0.000000
vt -109.220000 0.249364 0.000000
vt -104.140000 0.374046 0.000000
vt -104.140000 0.124682 0.000000
vt -106.680000 0.249364 0.000000
vt -104.140000 0.249364 0.000000
vt -119.380000 -0.000000 0.000000
vt -116.840000 -0.124682 0.000000
vt -114.300000 -0.249364 0.000000
vt -119.380000 -0.374046 0.000000
vt -119.380000 -0.124682 0.000000
vt -116.840000 -0.249364 0.000000
vt -119.380000 -0.249364 0.000000
vt -109.220000 -0.124682 0.000000
vt -111.760000 -0.000000 0.000000
vt -114.300000 0.124682 0.000000
vt -15.240000 0.249364 0.000000
vt -12.700000 0.249364 0.000000
vt -15.240000 0.374046 0.000000
vt -10.160000 0.249364 0.000000
vt -7.620000 0.249364 0.000000
vt -7.620000 0.124682 0.000000
vt -5.080000 0.124682 0.000000
vt -5.080000 -0.000000 0.000000
vt -2.540000 -0.000000 0.000000
vt -2.540000 -0.124682 0.000000
vt -0.000000 -0.124682 0.000000
vt -0.000000 -0.249364 0.000000
vt -2.540000 -0.249364 0.000000
vt -0.000000 -0.374046 0.000000
vt -5.080000 -0.249364 0.000000
vt -7.620000 -0.249364 0.000000
vt -7.620000 -0.124682 0.000000
vt -10.160000 -0.124682 0.000000
vt -10.160000 -0.000000 0.000000
vt -12.700000 -0.000000 0.000000
vt -12.700000 0.124682 0.000000
vt -15.240000 0.124682 0.000000
vt -15.240000 -0.000000 0.000000
vt -12.700000 -0.124682 0.000000
vt -10.160000 -0.249364 0.000000
vt -15.240000 -0.374046 0.000000
vt -15.240000 -0.124682 0.000000
vt -12.700000 -0.249364 0.000000
vt -15.240000 -0.249364 0.000000
vt -0.000000 -0.000000 0.000000
vt -2.540000 0.124682 0.000000
vt -5.080000 0.249364 0.000000
vt -0.000000 0.374046 0.000000
vt -0.000000 0.124682 0.000000
vt -2.540000 0.249364 0.000000
vt -0.000000 0.249364 0.000000
vt -10.160000 0.124682 0.000000
vt -7.620000 -0.000000 0.000000
vt -5.080000 -0.124682 0.000000
vt -6.985000 0.000000 0.000000
vt -4.894204 3.062938 0.000000
vt -6.985000 15.240000 0.000000
vt -4.894204 12.494562 0.000000
vt -4.921250 12.700000 0.000000
vt -1.270000 -0.000000 0.000000
vt -4.127500 2.063750 0.000000
vt -4.332938 2.090796 0.000000
vt -4.524375 2.170092 0.000000
vt -1.270000 15.240000 0.000000
vt -3.360796 3.062938 0.000000
vt -3.333750 2.857500 0.000000
vt -3.360796 2.652062 0.000000
vt -4.127500 13.493750 0.000000
vt -3.922062 13.466704 0.000000
vt -3.730625 13.387408 0.000000
vt -4.894204 2.652062 0.000000
vt -4.921250 2.857500 0.000000
vt -4.814908 3.254375 0.000000
vt -4.814908 12.303125 0.000000
vt -4.688766 12.138734 0.000000
vt -4.688766 3.418766 0.000000
vt -4.524375 12.012592 0.000000
vt -4.524375 3.544908 0.000000
vt -4.332938 11.933296 0.000000
vt -4.332938 3.624204 0.000000
vt -4.127500 11.906250 0.000000
vt -4.127500 3.651250 0.000000
vt -3.922062 3.624204 0.000000
vt -3.922062 11.933296 0.000000
vt -3.730625 3.544908 0.000000
vt -3.730625 12.012592 0.000000
vt -3.566234 3.418766 0.000000
vt -3.566234 12.138734 0.000000
vt -3.440092 3.254375 0.000000
vt -3.440092 12.303125 0.000000
vt -3.360796 12.494562 0.000000
vt -3.440092 2.460625 0.000000
vt -3.566234 2.296234 0.000000
vt -3.730625 2.170092 0.000000
vt -3.922062 2.090796 0.000000
vt -4.688766 2.296234 0.000000
vt -4.814908 2.460625 0.000000
vt -3.360796 12.905438 0.000000
vt -3.333750 12.700000 0.000000
vt -4.894204 12.905438 0.000000
vt -4.814908 13.096875 0.000000
vt -4.688766 13.261266 0.000000
vt -4.524375 13.387408 0.000000
vt -4.332938 13.466704 0.000000
vt -3.566234 13.261266 0.000000
vt -3.440092 13.096875 0.000000
vt -8.413750 0.898026 0.000000
vt -8.890000 0.898026 0.000000
vt -8.413750 -0.898026 0.000000
vt -8.890000 -0.898026 0.000000
vt -45.720000 8.413750 0.000000
vt -6.350000 8.413750 0.000000
vt -45.720000 8.890000 0.000000
vt -6.350000 8.890000 0.000000
vt -1.746250 -0.898026 0.000000
vt -1.270000 -0.898026 0.000000
vt -1.746250 0.898026 0.000000
vt -1.270000 0.898026 0.000000
vt 8.413750 -0.898026 0.000000
vt 8.890000 -0.898026 0.000000
vt 8.413750 0.898026 0.000000
vt 8.890000 0.898026 0.000000
vt 1.746250 0.898026 0.000000
vt 1.270000 0.898026 0.000000
vt 1.746250 -0.898026 0.000000
vt 1.270000 -0.898026 0.000000
vt -1.270000 1.746250 0.000000
vt -40.640000 1.746250 0.000000
vt -1.270000 1.270000 0.000000
vt -40.640000 1.270000 0.000000
vt 8.413750 -0.898026 0.000000
vt 8.890000 -0.898026 0.000000
vt 8.413750 0.898026 0.000000
vt 8.890000 0.898026 0.000000
vt 1.746250 0.898026 0.000000
vt 1.270000 0.898026 0.000000
vt 1.746250 -0.898026 0.000000
vt 1.270000 -0.898026 0.000000
vt -45.720000 1.270000 0.000000
vt -6.350000 1.270000 0.000000
vt -45.720000 1.746250 0.000000
vt -6.350000 1.746250 0.000000
vt -8.413750 0.898026 0.000000
vt -8.890000 0.898026 0.000000
vt -8.413750 -0.898026 0.000000
vt -8.890000 -0.898026 0.000000
vt -1.270000 8.890000 0.000000
vt -40.640000 8.890000 0.000000
vt -1.270000 8.413750 0.000000
vt -40.640000 8.413750 0.000000
vt -1.746250 -0.898026 0.000000
vt -1.270000 -0.898026 0.000000
vt -1.746250 0.898026 0.000000
vt -1.270000 0.898026 0.000000
vt -0.000000 0.476250 0.000000
vt -15.557500 0.476250 0.000000
vt 0.000000 0.000000 0.000000
vt -15.557500 0.000000 0.000000
vt -0.000000 0.476250 0.000000
vt -4.127500 0.476250 0.000000
vt -0.000000 0.000000 0.000000
vt -4.127500 -0.000000 0.000000
vt 0.000000 0.476250 0.000000
vt -15.557500 0.476250 0.000000
vt -0.000000 0.000000 0.000000
vt -15.557500 -0.000000 0.000000
vt 0.000000 0.476250 0.000000
vt -4.127500 0.476250 0.000000
vt -0.000000 0.000000 0.000000
vt -4.127500 0.000000 0.000000
vt -0.000000 0.476250 0.000000
vt -15.557500 0.476250 0.000000
vt 0.000000 0.000000 0.000000
vt -15.557500 0.000000 0.000000
vt -0.000000 0.476250 0.000000
vt -4.127500 0.476250 0.000000
vt -0.000000 0.000000 0.000000
vt -4.127500 -0.000000 0.000000
vt 0.000000 0.476250 0.000000
vt -15.557500 0.476250 0.000000
vt -0.000000 0.000000 0.000000
vt -15.557500 -0.000000 0.000000
vt 0.000000 0.476250 0.000000
vt -4.127500 0.476250 0.000000
vt -0.000000 0.000000 0.000000
vt -4.127500 0.000000 0.000000
vt 105.536933 2.285836 0.000000
vt 106.013183 2.285836 0.000000
vt 105.536933 2.493639 0.000000
vt 106.013183 2.493639 0.000000
vt 105.536933 -2.493639 0.000000
vt 106.013183 -2.493639 0.000000
vt 105.536933 -2.285836 0.000000
vt 106.013183 -2.285836 0.000000
vt 105.536933 -2.078033 0.000000
vt 106.013183 -2.078033 0.000000
vt 105.536933 -1.870229 0.000000
vt 106.013183 -1.870229 0.000000
vt 105.536933 -1.662426 0.000000
vt 106.013183 -1.662426 0.000000
vt 105.536933 -1.454623 0.000000
vt 106.013183 -1.454623 0.000000
vt 105.536933 -1.246820 0.000000
vt 106.013183 -1.246820 0.000000
vt 105.536933 -1.039016 0.000000
vt 106.013183 -1.039016 0.000000
vt 105.536933 -0.831213 0.000000
vt 106.013183 -0.831213 0.000000
vt 105.536933 -0.623410 0.000000
vt 106.013183 -0.623410 0.000000
vt 105.536933 -0.415607 0.000000
vt 106.013183 -0.415607 0.000000
vt 105.536933 -0.207803 0.000000
vt 106.013183 -0.207803 0.000000
vt 105.536933 0.000000 0.000000
vt 106.013183 0.000000 0.000000
vt 105.536933 0.207803 0.000000
vt 106.013183 0.207803 0.000000
vt 105.536933 0.415607 0.000000
vt 106.013183 0.415607 0.000000
vt 105.536933 0.623410 0.000000
vt 106.013183 0.623410 0.000000
vt 105.536933 0.831213 0.000000
vt 106.013183 0.831213 0.000000
vt 105.536933 1.039016 0.000000
vt 106.013183 1.039016 0.000000
vt 105.536933 1.246820 0.000000
vt 106.013183 1.246820 0.000000
vt 105.536933 1.454623 0.000000
vt 106.013183 1.454623 0.000000
vt 105.536933 1.662426 0.000000
vt 106.013183 1.662426 0.000000
vt 105.536933 1.870229 0.000000
vt 106.013183 1.870229 0.000000
vt 105.536933 2.078033 0.000000
vt 106.013183 2.078033 0.000000
vt 105.536933 2.285836 0.000000
vt 106.013183 2.285836 0.000000
vt 105.536933 2.493639 0.000000
vt 106.013183 2.493639 0.000000
vt 105.536933 -2.493639 0.000000
vt 106.013183 -2.493639 0.000000
vt 105.536933 -2.285836 0.000000
vt 106.013183 -2.285836 0.000000
vt 105.536933 -2.078033 0.000000
vt 106.013183 -2.078033 0.000000
vt 105.536933 -1.870229 0.000000
vt 106.013183 -1.870229 0.000000
vt 105.536933 -1.662426 0.000000
vt 106.013183 -1.662426 0.000000
vt 105.536933 -1.454623 0.000000
vt 106.013183 -1.454623 0.000000
vt 105.536933 -1.246820 0.000000
vt 106.013183 -1.246820 0.000000
vt 105.536933 -1.039016 0.000000
vt 106.013183 -1.039016 0.000000
vt 105.536933 -0.831213 0.000000
vt 106.013183 -0.831213 0.000000
vt 105.536933 -0.623410 0.000000
vt 106.013183 -0.623410 0.000000
vt 105.536933 -0.415607 0.000000
vt 106.013183 -0.415607 0.000000
vt 105.536933 -0.207803 0.000000
vt 106.013183 -0.207803 0.000000
vt 105.536933 0.000000 0.000000
vt 106.013183 0.000000 0.000000
vt 105.536933 0.207803 0.000000
vt 106.013183 0.207803 0.000000
vt 105.536933 0.415607 0.000000
vt 106.013183 0.415607 0.000000
vt 105.536933 0.623410 0.000000
vt 106.013183 0.623410 0.000000
vt 105.536933 0.831213 0.000000
vt 106.013183 0.831213 0.000000
vt 105.536933 1.039016 0.000000
vt 106.013183 1.039016 0.000000
vt 105.536933 1.246820 0.000000
vt 106.013183 1.246820 0.000000
vt 105.536933 1.454623 0.000000
vt 106.013183 1.454623 0.000000
vt 105.536933 1.662426 0.000000
vt 106.013183 1.662426 0.000000
vt 105.536933 1.870229 0.000000
vt 106.013183 1.870229 0.000000
vt 105.536933 2.078033 0.000000
vt 106.013183 2.078033 0.000000
vt 15.240000 -2.285836 0.000000
vt 14.763750 -2.285836 0.000000
vt 15.240000 -2.493639 0.000000
vt 14.763750 -2.493639 0.000000
vt 15.240000 2.493639 0.000000
vt 14.763750 2.493639 0.000000
vt 15.240000 2.285836 0.000000
vt 14.763750 2.285836 0.000000
vt 15.240000 2.078033 0.000000
vt 14.763750 2.078033 0.000000
vt 15.240000 1.870229 0.000000
vt 14.763750 1.870229 0.000000
vt 15.240000 1.662426 0.000000
vt 14.763750 1.662426 0.000000
vt 15.240000 1.454623 0.000000
vt 14.763750 1.454623 0.000000
vt 15.240000 1.246820 0.000000
vt 14.763750 1.246820 0.000000
vt 15.240000 1.039016 0.000000
vt 14.763750 1.039016 0.000000
vt 15.240000 0.831213 0.000000
vt 14.763750 0.831213 0.000000
vt 15.240000 0.623410 0.000000
vt 14.763750 0.623410 0.000000
vt 15.240000 0.415607 0.000000
vt 14.763750 0.415607 0.000000
vt 15.240000 0.207803 0.000000
vt 14.763750 0.207803 0.000000
vt 15.240000 0.000000 0.000000
vt 14.763750 0.000000 0.000000
vt 15.240000 -0.207803 0.000000
vt 14.763750 -0.207803 0.000000
vt 15.240000 -0.415607 0.000000
vt 14.763750 -0.415607 0.000000
vt 15.240000 -0.623410 0.000000
vt 14.763750 -0.623410 0.000000
vt 15.240000 -0.831213 0.000000
vt 14.763750 -0.831213 0.000000
vt 15.240000 -1.039016 0.000000
vt 14.763750 -1.039016 0.000000
vt 15.240000 -1.246820 0.000000
vt 14.763750 -1.246820 0.000000
vt 15.240000 -1.454623 0.000000
vt 14.763750 -1.454623 0.000000
vt 15.240000 -1.662426 0.000000
vt 14.763750 -1.662426 0.000000
vt 15.240000 -1.870229 0.000000
vt 14.763750 -1.870229 0.000000
vt 15.240000 -2.078033 0.000000
vt 14.763750 -2.078033 0.000000
vt 15.240000 -2.285836 0.000000
vt 14.763750 -2.285836 0.000000
vt 15.240000 -2.493639 0.000000
vt 14.763750 -2.493639 0.000000
vt 15.240000 2.493639 0.000000
vt 14.763750 2.493639 0.000000
vt 15.240000 2.285836 0.000000
vt 14.763750 2.285836 0.000000
vt 15.240000 2.078033 0.000000
vt 14.763750 2.078033 0.000000
vt 15.240000 1.870229 0.000000
vt 14.763750 1.870229 0.000000
vt 15.240000 1.662426 0.000000
vt 14.763750 1.662426 0.000000
vt 15.240000 1.454623 0.000000
vt 14.763750 1.454623 0.000000
vt 15.240000 1.246820 0.000000
vt 14.763750 1.246820 0.000000
vt 15.240000 1.039016 0.000000
vt 14.763750 1.039016 0.000000
vt 15.240000 0.831213 0.000000
vt 14.763750 0.831213 0.000000
vt 15.240000 0.623410 0.000000
vt 14.763750 0.623410 0.000000
vt 15.240000 0.415607 0.000000
vt 14.763750 0.415607 0.000000
vt 15.240000 0.207803 0.000000
vt 14.763750 0.207803 0.000000
vt 15.240000 0.000000 0.000000
vt 14.763750 0.000000 0.000000
vt 15.240000 -0.207803 0.000000
vt 14.763750 -0.207803 0.000000
vt 15.240000 -0.415607 0.000000
vt 14.763750 -0.415607 0.000000
vt 15.240000 -0.623410 0.000000
vt 14.763750 -0.623410 0.000000
vt 15.240000 -0.831213 0.000000
vt 14.763750 -0.831213 0.000000
vt 15.240000 -1.039016 0.000000
vt 14.763750 -1.039016 0.000000
vt 15.240000 -1.246820 0.000000
vt 14.763750 -1.246820 0.000000
vt 15.240000 -1.454623 0.000000
vt 14.763750 -1.454623 0.000000
vt 15.240000 -1.662426 0.000000
vt 14.763750 -1.662426 0.000000
vt 15.240000 -1.870229 0.000000
vt 14.763750 -1.870229 0.000000
vt 15.240000 -2.078033 0.000000
vt 14.763750 -2.078033 0.000000
vt 6.985000 15.240000 0.000000
vt 4.894204 3.062938 0.000000
vt 6.985000 -0.000000 0.000000
vt 4.921250 2.857500 0.000000
vt 4.894204 2.652062 0.000000
vt 1.270000 15.240000 0.000000
vt 4.127500 13.493750 0.000000
vt 4.332938 13.466704 0.000000
vt 4.524375 13.387408 0.000000
vt 1.270000 -0.000000 0.000000
vt 3.360796 3.062938 0.000000
vt 3.360796 12.494562 0.000000
vt 3.333750 12.700000 0.000000
vt 4.127500 2.063750 0.000000
vt 3.922062 2.090796 0.000000
vt 3.730625 2.170092 0.000000
vt 3.360796 12.905438 0.000000
vt 3.440092 13.096875 0.000000
vt 3.566234 13.261266 0.000000
vt 3.730625 13.387408 0.000000
vt 3.922062 13.466704 0.000000
vt 4.688766 13.261266 0.000000
vt 4.814908 13.096875 0.000000
vt 4.894204 12.905438 0.000000
vt 4.921250 12.700000 0.000000
vt 4.894204 12.494562 0.000000
vt 4.814908 3.254375 0.000000
vt 4.814908 12.303125 0.000000
vt 4.688766 12.138734 0.000000
vt 4.688766 3.418766 0.000000
vt 4.524375 12.012592 0.000000
vt 4.524375 3.544908 0.000000
vt 4.332938 11.933296 0.000000
vt 4.332938 3.624204 0.000000
vt 4.127500 11.906250 0.000000
vt 4.127500 3.651250 0.000000
vt 3.922062 3.624204 0.000000
vt 3.922062 11.933296 0.000000
vt 3.730625 3.544908 0.000000
vt 3.730625 12.012592 0.000000
vt 3.566234 3.418766 0.000000
vt 3.566234 12.138734 0.000000
vt 3.440092 3.254375 0.000000
vt 3.440092 12.303125 0.000000
vt 4.814908 2.460625 0.000000
vt 4.688766 2.296234 0.000000
vt 4.524375 2.170092 0.000000
vt 4.332938 2.090796 0.000000
vt 3.566234 2.296234 0.000000
vt 3.440092 2.460625 0.000000
vt 3.360796 2.652062 0.000000
vt 3.333750 2.857500 0.000000
vt 6.985000 119.380000 0.000000
vt 4.894204 116.317062 0.000000
vt 6.985000 104.140000 0.000000
vt 4.894204 106.885438 0.000000
vt 4.921250 106.680000 0.000000
vt 1.270000 119.380000 0.000000
vt 4.127500 117.316250 0.000000
vt 4.332938 117.289204 0.000000
vt 4.524375 117.209908 0.000000
vt 1.270000 104.140000 0.000000
vt 3.360796 116.317062 0.000000
vt 3.333750 116.522500 0.000000
vt 3.360796 116.727938 0.000000
vt 4.127500 105.886250 0.000000
vt 3.922062 105.913296 0.000000
vt 3.730625 105.992592 0.000000
vt 3.360796 106.474562 0.000000
vt 3.333750 106.680000 0.000000
vt 3.360796 106.885438 0.000000
vt 3.440092 107.076875 0.000000
vt 3.440092 116.125625 0.000000
vt 3.566234 115.961234 0.000000
vt 3.566234 107.241266 0.000000
vt 3.730625 115.835092 0.000000
vt 3.730625 107.367408 0.000000
vt 3.922062 115.755796 0.000000
vt 3.922062 107.446704 0.000000
vt 4.127500 115.728750 0.000000
vt 4.127500 107.473750 0.000000
vt 4.332938 107.446704 0.000000
vt 4.332938 115.755796 0.000000
vt 4.524375 107.367408 0.000000
vt 4.524375 115.835092 0.000000
vt 4.688766 107.241266 0.000000
vt 4.688766 115.961234 0.000000
vt 4.814908 107.076875 0.000000
vt 4.814908 116.125625 0.000000
vt 4.894204 106.474562 0.000000
vt 4.814908 106.283125 0.000000
vt 4.688766 106.118734 0.000000
vt 4.524375 105.992592 0.000000
vt 4.332938 105.913296 0.000000
vt 3.566234 106.118734 0.000000
vt 3.440092 106.283125 0.000000
vt 4.894204 116.727938 0.000000
vt 4.921250 116.522500 0.000000
vt 3.440092 116.919375 0.000000
vt 3.566234 117.083766 0.000000
vt 3.730625 117.209908 0.000000
vt 3.922062 117.289204 0.000000
vt 4.688766 117.083766 0.000000
vt 4.814908 116.919375 0.000000
vn -0.100000 -0.000000 -0.000000
vn -0.100000 -0.000000 -0.000000
vn -0.100000 -0.000000 -0.000000
vn -0.100000 -0.000000 -0.000000
vn -0.100000 -0.000000 -0.000000
vn -0.100000 -0.000000 -0.000000
vn -0.100000 -0.000000 -0.000000
vn -0.100000 -0.000000 -0.000000
vn -0.100000 -0.000000 -0.000000
vn -0.100000 -0.000000 -0.000000
vn -0.100000 -0.000000 -0.000000
vn -0.100000 -0.000000 -0.000000
vn -0.000000 -0.000000 0.100000
vn -0.000000 -0.000000 0.100000
vn -0.000000 -0.000000 0.100000
vn -0.000000 -0.000000 0.100000
vn 0.025882 0.096593 0.000000
vn 0.025882 0.096593 0.000000
vn -0.000000 0.100000 0.000000
vn -0.000000 0.100000 0.000000
vn -0.025882 0.096593 0.000000
vn -0.025882 0.096593 0.000000
vn -0.050000 0.086603 0.000000
vn -0.050000 0.086603 0.000000
vn -0.070711 0.070711 0.000000
vn -0.070711 0.070711 0.000000
vn -0.086603 0.050000 0.000000
vn -0.086603 0.050000 0.000000
vn -0.096593 0.025882 0.000000
vn -0.096593 0.025882 0.000000
vn -0.100000 -0.000000 -0.000000
vn -0.100000 -0.000000 -0.000000
vn -0.096593 -0.025882 -0.000000
vn -0.096593 -0.025882 -0.000000
vn -0.086603 -0.050000 -0.000000
vn -0.086603 -0.050000 -0.000000
vn -0.070711 -0.070711 -0.000000
vn -0.070711 -0.070711 -0.000000
vn -0.050000 -0.086603 -0.000000
vn -0.050000 -0.086603 -0.000000
vn -0.025882 -0.096593 -0.000000
vn -0.025882 -0.096593 -0.000000
vn 0.000000 -0.100000 -0.000000
vn 0.000000 -0.100000 -0.000000
vn 0.025882 -0.096593 -0.000000
vn 0.025882 -0.096593 -0.000000
vn 0.050000 -0.086603 -0.000000
vn 0.050000 -0.086603 -0.000000
vn 0.070711 -0.070711 -0.000000
vn 0.070711 -0.070711 -0.000000
vn 0.086603 -0.050000 -0.000000
vn 0.086603 -0.050000 -0.000000
vn 0.096593 -0.025882 -0.000000
vn 0.096593 -0.025882 -0.000000
vn 0.100000 -0.000000 0.000000
vn 0.100000 -0.000000 0.000000
vn 0.096593 0.025882 0.000000
vn 0.096593 0.025882 0.000000
vn 0.086603 0.050000 0.000000
vn 0.086603 0.050000 0.000000
vn 0.070711 0.070711 0.000000
vn 0.070711 0.070711 0.000000
vn 0.050000 0.086603 0.000000
vn 0.050000 0.086603 0.000000
vn 0.025882 0.096593 0.000000
vn 0.025882 0.096593 0.000000
vn -0.000000 0.100000 0.000000
vn -0.000000 0.100000 0.000000
vn -0.025882 0.096593 0.000000
vn -0.025882 0.096593 0.000000
vn -0.050000 0.086603 0.000000
vn -0.050000 0.086603 0.000000
vn -0.070711 0.070711 0.000000
vn -0.070711 0.070711 0.000000
vn -0.086603 0.050000 0.000000
vn -0.086603 0.050000 0.000000
vn -0.096593 0.025882 0.000000
vn -0.096593 0.025882 0.000000
vn -0.100000 -0.000000 -0.000000
vn -0.100000 -0.000000 -0.000000
vn -0.096593 -0.025882 -0.000000
vn -0.096593 -0.025882 -0.000000
vn -0.086603 -0.050000 -0.000000
vn -0.086603 -0.050000 -0.000000
vn -0.070711 -0.070711 -0.000000
vn -0.070711 -0.070711 -0.000000
vn -0.050000 -0.086603 -0.000000
vn -0.050000 -0.086603 -0.000000
vn -0.025882 -0.096593 -0.000000
vn -0.025882 -0.096593 -0.000000
vn 0.000000 -0.100000 -0.000000
vn 0.000000 -0.100000 -0.000000
vn 0.025882 -0.096593 -0.000000
vn 0.025882 -0.096593 -0.000000
vn 0.050000 -0.086603 -0.000000
vn 0.050000 -0.086603 -0.000000
vn 0.070711 -0.070711 -0.000000
vn 0.070711 -0.070711 -0.000000
vn 0.086603 -0.050000 -0.000000
vn 0.086603 -0.050000 -0.000000
vn 0.096593 -0.025882 -0.000000
vn 0.096593 -0.025882 -0.000000
vn 0.100000 -0.000000 0.000000
vn 0.100000 -0.000000 0.000000
vn 0.096593 0.025882 0.000000
vn 0.096593 0.025882 0.000000
vn 0.086603 0.050000 0.000000
vn 0.086603 0.050000 0.000000
vn 0.070711 0.070711 0.000000
vn 0.070711 0.070711 0.000000
vn 0.050000 0.086603 0.000000
vn 0.050000 0.086603 0.000000
vn 0.000000 -0.100000 -0.000000
vn 0.000000 -0.100000 -0.000000
vn 0.000000 -0.100000 -0.000000
vn 0.000000 -0.100000 -0.000000
vn -0.000000 -0.000000 0.100000
vn -0.000000 -0.000000 0.100000
vn -0.000000 -0.000000 0.100000
vn -0.000000 -0.000000 0.100000
vn -0.000000 0.100000 0.000000
vn -0.000000 0.100000 0.000000
vn -0.000000 0.100000 0.000000
vn -0.000000 0.100000 0.000000
vn -0.000000 -0.000000 0.100000
vn -0.000000 -0.000000 0.100000
vn -0.000000 -0.000000 0.100000
vn -0.000000 -0.000000 0.100000
vn -0.000000 -0.000000 0.100000
vn -0.000000 -0.000000 0.100000
vn -0.000000 -0.000000 0.100000
vn -0.000000 -0.000000 0.100000
vn -0.000000 -0.000000 0.100000
vn -0.000000 -0.000000 0.100000
vn -0.000000 -0.000000 0.100000
vn -0.000000 -0.000000 0.100000
vn -0.000000 -0.000000 0.100000
vn -0.000000 -0.000000 0.100000
vn -0.000000 -0.000000 0.100000
vn -0.000000 -0.000000 0.100000
vn -0.000000 -0.000000 0.100000
vn -0.000000 -0.000000 0.100000
vn -0.000000 -0.000000 0.100000
vn -0.000000 -0.000000 0.100000
vn -0.000000 -0.000000 0.100000
vn -0.000000 -0.000000 0.100000
vn -0.000000 -0.000000 0.100000
vn -0.000000 -0.000000 0.100000
vn -0.000000 -0.000000 0.100000
vn -0.000000 -0.000000 0.100000
vn -0.000000 -0.000000 0.100000
vn -0.000000 -0.000000 0.100000
vn -0.000000 -0.000000 0.100000
vn -0.000000 -0.000000 0.100000
vn -0.000000 -0.000000 0.100000
vn -0.000000 -0.000000 0.100000
vn -0.000000 -0.000000 0.100000
vn -0.000000 -0.000000 0.100000
vn -0.000000 -0.000000 0.100000
vn -0.000000 -0.000000 0.100000
vn -0.000000 -0.000000 0.100000
vn -0.000000 -0.000000 0.100000
vn -0.000000 -0.000000 0.100000
vn -0.000000 -0.000000 0.100000
vn -0.000000 -0.000000 0.100000
vn -0.000000 -0.000000 0.100000
vn -0.000000 -0.000000 0.100000
vn -0.000000 -0.000000 0.100000
vn -0.000000 -0.000000 0.100000
vn -0.000000 -0.000000 0.100000
vn -0.000000 -0.000000 0.100000
vn -0.000000 -0.000000 0.100000
vn -0.000000 -0.000000 0.100000
vn -0.000000 -0.000000 0.100000
vn -0.000000 -0.000000 0.100000
vn -0.000000 -0.000000 0.100000
vn 0.000000 -0.100000 -0.000000
vn 0.000000 -0.100000 -0.000000
vn 0.000000 -0.100000 -0.000000
vn 0.000000 -0.100000 -0.000000
vn -0.000000 0.100000 0.000000
vn -0.000000 0.100000 0.000000
vn -0.000000 0.100000 0.000000
vn -0.000000 0.100000 0.000000
vn 0.000000 0.000000 -0.100000
vn 0.000000 0.000000 -0.100000
vn 0.000000 0.000000 -0.100000
vn 0.000000 0.000000 -0.100000
vn 0.000000 0.000000 -0.100000
vn 0.000000 0.000000 -0.100000
vn 0.000000 0.000000 -0.100000
vn 0.000000 0.000000 -0.100000
vn 0.000000 0.000000 -0.100000
vn 0.000000 0.000000 -0.100000
vn 0.000000 0.000000 -0.100000
vn 0.000000 0.000000 -0.100000
vn 0.000000 0.000000 -0.100000
vn 0.000000 0.000000 -0.100000
vn 0.000000 0.000000 -0.100000
vn 0.000000 0.000000 -0.100000
vn 0.000000 0.000000 -0.100000
vn 0.000000 0.000000 -0.100000
vn 0.000000 0.000000 -0.100000
vn 0.000000 0.000000 -0.100000
vn 0.000000 0.000000 -0.100000
vn 0.000000 0.000000 -0.100000
vn 0.000000 0.000000 -0.100000
vn 0.000000 0.000000 -0.100000
vn 0.000000 0.000000 -0.100000
vn 0.000000 0.000000 -0.100000
vn 0.000000 0.000000 -0.100000
vn 0.000000 0.000000 -0.100000
vn 0.000000 0.000000 -0.100000
vn 0.000000 0.000000 -0.100000
vn 0.000000 0.000000 -0.100000
vn 0.000000 0.000000 -0.100000
vn 0.000000 0.000000 -0.100000
vn 0.000000 0.000000 -0.100000
vn 0.000000 0.000000 -0.100000
vn 0.000000 0.000000 -0.100000
vn 0.000000 0.000000 -0.100000
vn 0.000000 0.000000 -0.100000
vn 0.000000 0.000000 -0.100000
vn 0.000000 0.000000 -0.100000
vn 0.000000 0.000000 -0.100000
vn 0.000000 0.000000 -0.100000
vn 0.000000 0.000000 -0.100000
vn 0.000000 0.000000 -0.100000
vn 0.000000 0.000000 -0.100000
vn 0.000000 0.000000 -0.100000
vn 0.000000 0.000000 -0.100000
vn 0.000000 0.000000 -0.100000
vn 0.000000 0.000000 -0.100000
vn 0.000000 0.000000 -0.100000
vn 0.000000 0.000000 -0.100000
vn 0.000000 0.000000 -0.100000
vn 0.100000 0.000000 0.000000
vn 0.100000 0.000000 0.000000
vn 0.100000 0.000000 0.000000
vn 0.100000 0.000000 0.000000
vn 0.100000 0.000000 0.000000
vn 0.100000 0.000000 0.000000
vn 0.100000 0.000000 0.000000
vn 0.100000 0.000000 0.000000
vn 0.100000 0.000000 0.000000
vn 0.100000 0.000000 0.000000
vn 0.100000 0.000000 0.000000
vn 0.100000 0.000000 0.000000
vn -0.000000 0.100000 0.000000
vn -0.000000 0.099516 -0.009830
vn -0.000000 0.100000 -0.000000
vn -0.000000 0.096593 -0.025882
vn -0.000000 0.096593 -0.025882
vn -0.000000 0.086603 -0.050000
vn -0.000000 0.086603 -0.050000
vn -0.000000 0.070711 -0.070711
vn -0.000000 0.070711 -0.070711
vn -0.000000 0.050000 -0.086603
vn -0.000000 0.050000 -0.086603
vn 0.000000 0.025882 -0.096593
vn 0.000000 0.025882 -0.096593
vn 0.000000 -0.000000 -0.100000
vn 0.000000 0.025882 -0.096593
vn 0.000000 0.025882 -0.096593
vn -0.000000 0.050000 -0.086603
vn -0.000000 0.050000 -0.086603
vn -0.000000 0.070711 -0.070711
vn -0.000000 0.070711 -0.070711
vn -0.000000 0.086603 -0.050000
vn -0.000000 0.086603 -0.050000
vn -0.000000 0.096593 -0.025882
vn -0.000000 0.096593 -0.025882
vn -0.000000 0.096593 -0.025882
vn -0.000000 0.096593 -0.025882
vn -0.000000 0.086603 -0.050000
vn -0.000000 0.086603 -0.050000
vn -0.000000 0.070711 -0.070711
vn -0.000000 0.070711 -0.070711
vn -0.000000 0.050000 -0.086603
vn -0.000000 0.050000 -0.086603
vn 0.000000 0.025882 -0.096593
vn 0.000000 0.025882 -0.096593
vn 0.000000 0.025882 -0.096593
vn 0.000000 0.025882 -0.096593
vn -0.000000 0.050000 -0.086603
vn -0.000000 0.050000 -0.086603
vn -0.000000 0.070711 -0.070711
vn -0.000000 0.070711 -0.070711
vn -0.000000 0.086603 -0.050000
vn -0.000000 0.086603 -0.050000
vn -0.000000 0.096593 -0.025882
vn -0.000000 0.096593 -0.025882
vn -0.000000 0.096593 -0.025882
vn -0.000000 0.096593 -0.025882
vn -0.000000 0.086603 -0.050000
vn -0.000000 0.086603 -0.050000
vn -0.000000 0.070711 -0.070711
vn -0.000000 0.070711 -0.070711
vn -0.000000 0.050000 -0.086603
vn -0.000000 0.050000 -0.086603
vn 0.000000 0.025882 -0.096593
vn 0.000000 0.025882 -0.096593
vn 0.000000 -0.000000 -0.100000
vn 0.000000 0.025882 -0.096593
vn 0.000000 0.025882 -0.096593
vn -0.000000 0.050000 -0.086603
vn -0.000000 0.050000 -0.086603
vn -0.000000 0.070711 -0.070711
vn -0.000000 0.070711 -0.070711
vn -0.000000 0.086603 -0.050000
vn -0.000000 0.086603 -0.050000
vn -0.000000 0.096593 -0.025882
vn -0.000000 0.096593 -0.025882
vn -0.000000 0.100000 0.000000
vn -0.000000 0.096593 -0.025882
vn -0.000000 0.099516 -0.009830
vn -0.000000 0.098067 -0.019565
vn -0.000000 0.095669 -0.029110
vn -0.000000 0.086603 -0.050000
vn -0.000000 0.070711 -0.070711
vn -0.000000 0.050000 -0.086603
vn -0.000000 0.096593 -0.025882
vn -0.000000 0.098067 -0.019565
vn -0.000000 0.095669 -0.029110
vn -0.000000 0.086603 -0.050000
vn -0.000000 0.086603 -0.050000
vn -0.000000 0.070711 -0.070711
vn -0.000000 0.100000 -0.000000
vn -0.000000 0.086603 -0.050000
vn -0.000000 0.070711 -0.070711
vn -0.000000 0.050000 -0.086603
vn 0.000000 0.025882 -0.096593
vn -0.000000 0.070711 -0.070711
vn -0.000000 0.050000 -0.086603
vn 0.000000 0.025882 -0.096593
vn -0.000000 0.050000 -0.086603
vn 0.000000 0.025882 -0.096593
vn 0.000000 0.025882 -0.096593
vn 0.000000 0.025882 -0.096593
vn 0.000000 0.025882 -0.096593
vn 0.000000 0.025882 -0.096593
vn -0.000000 0.050000 -0.086603
vn -0.000000 0.050000 -0.086603
vn -0.000000 0.070711 -0.070711
vn -0.000000 0.086603 -0.050000
vn -0.000000 0.096593 -0.025882
vn -0.000000 0.096593 -0.025882
vn -0.000000 0.096593 -0.025882
vn -0.000000 0.086603 -0.050000
vn -0.000000 0.086603 -0.050000
vn -0.000000 0.070711 -0.070711
vn -0.000000 0.086603 -0.050000
vn -0.000000 0.096593 -0.025882
vn -0.000000 0.086603 -0.050000
vn -0.000000 0.070711 -0.070711
vn -0.000000 0.050000 -0.086603
vn 0.000000 0.025882 -0.096593
vn -0.000000 0.096593 -0.025882
vn -0.000000 0.096593 -0.025882
vn -0.000000 0.096593 -0.025882
vn -0.000000 0.086603 -0.050000
vn -0.000000 0.086603 -0.050000
vn -0.000000 0.070711 -0.070711
vn -0.000000 0.086603 -0.050000
vn -0.000000 0.096593 -0.025882
vn -0.000000 0.070711 -0.070711
vn -0.000000 0.050000 -0.086603
vn -0.000000 0.070711 -0.070711
vn -0.000000 0.070711 -0.070711
vn -0.000000 0.050000 -0.086603
vn 0.000000 0.025882 -0.096593
vn -0.000000 0.070711 -0.070711
vn -0.000000 0.050000 -0.086603
vn -0.000000 0.050000 -0.086603
vn 0.000000 0.025882 -0.096593
vn -0.000000 0.050000 -0.086603
vn 0.000000 0.025882 -0.096593
vn 0.000000 0.025882 -0.096593
vn -0.000000 0.025882 0.096593
vn -0.000000 0.025882 0.096593
vn -0.000000 -0.000000 0.100000
vn -0.000000 0.025882 0.096593
vn -0.000000 0.025882 0.096593
vn -0.000000 0.050000 0.086603
vn -0.000000 0.050000 0.086603
vn -0.000000 0.070711 0.070711
vn -0.000000 0.070711 0.070711
vn -0.000000 0.086603 0.050000
vn -0.000000 0.086603 0.050000
vn -0.000000 0.096593 0.025882
vn -0.000000 0.096593 0.025882
vn -0.000000 0.100000 -0.000000
vn -0.000000 0.096593 0.025882
vn -0.000000 0.096593 0.025882
vn -0.000000 0.086603 0.050000
vn -0.000000 0.086603 0.050000
vn -0.000000 0.070711 0.070711
vn -0.000000 0.070711 0.070711
vn -0.000000 0.050000 0.086603
vn -0.000000 0.050000 0.086603
vn -0.000000 0.025882 0.096593
vn -0.000000 0.025882 0.096593
vn -0.000000 0.025882 0.096593
vn -0.000000 0.025882 0.096593
vn -0.000000 0.050000 0.086603
vn -0.000000 0.050000 0.086603
vn -0.000000 0.070711 0.070711
vn -0.000000 0.070711 0.070711
vn -0.000000 0.086603 0.050000
vn -0.000000 0.086603 0.050000
vn -0.000000 0.096593 0.025882
vn -0.000000 0.096593 0.025882
vn -0.000000 0.096593 0.025882
vn -0.000000 0.096593 0.025882
vn -0.000000 0.086603 0.050000
vn -0.000000 0.086603 0.050000
vn -0.000000 0.070711 0.070711
vn -0.000000 0.070711 0.070711
vn -0.000000 0.050000 0.086603
vn -0.000000 0.050000 0.086603
vn -0.000000 0.025882 0.096593
vn -0.000000 0.025882 0.096593
vn -0.000000 0.025882 0.096593
vn -0.000000 0.025882 0.096593
vn -0.000000 0.050000 0.086603
vn -0.000000 0.050000 0.086603
vn -0.000000 0.070711 0.070711
vn -0.000000 0.070711 0.070711
vn -0.000000 0.086603 0.050000
vn -0.000000 0.086603 0.050000
vn -0.000000 0.096593 0.025882
vn -0.000000 0.096593 0.025882
vn -0.000000 0.100000 -0.000000
vn -0.000000 0.096593 0.025882
vn -0.000000 0.096593 0.025882
vn -0.000000 0.086603 0.050000
vn -0.000000 0.086603 0.050000
vn -0.000000 0.070711 0.070711
vn -0.000000 0.070711 0.070711
vn -0.000000 0.050000 0.086603
vn -0.000000 0.050000 0.086603
vn -0.000000 0.025882 0.096593
vn -0.000000 0.025882 0.096593
vn -0.000000 -0.000000 0.100000
vn -0.000000 0.025882 0.096593
vn -0.000000 0.025882 0.096593
vn -0.000000 0.050000 0.086603
vn -0.000000 0.050000 0.086603
vn -0.000000 0.070711 0.070711
vn -0.000000 0.070711 0.070711
vn -0.000000 0.086603 0.050000
vn -0.000000 0.086603 0.050000
vn -0.000000 0.096593 0.025882
vn -0.000000 0.096593 0.025882
vn -0.000000 0.096593 0.025882
vn -0.000000 0.096593 0.025882
vn -0.000000 0.086603 0.050000
vn -0.000000 0.086603 0.050000
vn -0.000000 0.070711 0.070711
vn -0.000000 0.070711 0.070711
vn -0.000000 0.050000 0.086603
vn -0.000000 0.050000 0.086603
vn -0.000000 0.025882 0.096593
vn -0.000000 0.025882 0.096593
vn -0.000000 0.025882 0.096593
vn -0.000000 0.025882 0.096593
vn -0.000000 0.050000 0.086603
vn -0.000000 0.050000 0.086603
vn -0.000000 0.070711 0.070711
vn -0.000000 0.070711 0.070711
vn -0.000000 0.086603 0.050000
vn -0.000000 0.086603 0.050000
vn -0.000000 0.096593 0.025882
vn -0.000000 0.096593 0.025882
vn -0.000000 0.096593 0.025882
vn -0.000000 0.096593 0.025882
vn -0.000000 0.086603 0.050000
vn -0.000000 0.086603 0.050000
vn -0.000000 0.070711 0.070711
vn -0.000000 0.070711 0.070711
vn -0.000000 0.050000 0.086603
vn -0.000000 0.050000 0.086603
vn -0.000000 0.025882 0.096593
vn -0.000000 0.025882 0.096593
vn -0.000000 0.025882 0.096593
vn -0.000000 0.025882 0.096593
vn -0.000000 0.050000 0.086603
vn -0.000000 0.050000 0.086603
vn -0.000000 0.070711 0.070711
vn -0.000000 0.070711 0.070711
vn -0.000000 0.086603 0.050000
vn -0.000000 0.086603 0.050000
vn -0.000000 0.096593 0.025882
vn -0.000000 0.096593 0.025882
vn -0.000000 0.096593 0.025882
vn -0.000000 0.096593 0.025882
vn -0.000000 0.086603 0.050000
vn -0.000000 0.050000 0.086603
vn -0.000000 0.050000 0.086603
vn -0.000000 0.070711 0.070711
vn -0.000000 0.070711 0.070711
vn -0.000000 0.086603 0.050000
vn -0.000000 0.086603 0.050000
vn -0.000000 0.096593 0.025882
vn -0.000000 0.096593 0.025882
vn -0.000000 0.096593 0.025882
vn -0.000000 0.096593 0.025882
vn -0.000000 0.086603 0.050000
vn -0.000000 0.086603 0.050000
vn -0.000000 0.070711 0.070711
vn -0.000000 0.070711 0.070711
vn -0.000000 0.050000 0.086603
vn -0.000000 0.050000 0.086603
vn -0.000000 0.025882 0.096593
vn -0.000000 0.025882 0.096593
vn -0.000000 0.025882 0.096593
vn -0.000000 0.025882 0.096593
vn -0.000000 0.025882 0.096593
vn -0.000000 0.050000 0.086603
vn -0.000000 0.050000 0.086603
vn -0.000000 0.070711 0.070711
vn -0.000000 0.050000 0.086603
vn -0.000000 0.070711 0.070711
vn -0.000000 0.086603 0.050000
vn -0.000000 0.096593 0.025882
vn -0.000000 0.025882 0.096593
vn -0.000000 0.025882 0.096593
vn -0.000000 0.025882 0.096593
vn -0.000000 0.050000 0.086603
vn -0.000000 0.050000 0.086603
vn -0.000000 0.070711 0.070711
vn -0.000000 0.050000 0.086603
vn -0.000000 0.025882 0.096593
vn -0.000000 0.050000 0.086603
vn -0.000000 0.070711 0.070711
vn -0.000000 0.086603 0.050000
vn -0.000000 0.096593 0.025882
vn -0.000000 0.025882 0.096593
vn -0.000000 0.025882 0.096593
vn -0.000000 0.025882 0.096593
vn -0.000000 0.050000 0.086603
vn -0.000000 0.050000 0.086603
vn -0.000000 0.070711 0.070711
vn -0.000000 0.050000 0.086603
vn -0.000000 0.025882 0.096593
vn -0.000000 0.025882 0.096593
vn -0.000000 0.050000 0.086603
vn -0.000000 0.070711 0.070711
vn -0.000000 0.086603 0.050000
vn -0.000000 0.050000 0.086603
vn -0.000000 0.070711 0.070711
vn -0.000000 0.086603 0.050000
vn -0.000000 0.096593 0.025882
vn -0.000000 0.025882 0.096593
vn -0.000000 0.025882 0.096593
vn -0.000000 0.025882 0.096593
vn -0.000000 0.050000 0.086603
vn -0.000000 0.050000 0.086603
vn -0.000000 0.070711 0.070711
vn -0.000000 0.050000 0.086603
vn -0.000000 0.025882 0.096593
vn -0.000000 0.050000 0.086603
vn -0.000000 0.070711 0.070711
vn -0.000000 0.086603 0.050000
vn -0.000000 0.096593 0.025882
vn -0.000000 0.025882 0.096593
vn -0.000000 0.025882 0.096593
vn -0.000000 0.025882 0.096593
vn -0.000000 0.050000 0.086603
vn -0.000000 0.050000 0.086603
vn -0.000000 0.070711 0.070711
vn -0.000000 0.050000 0.086603
vn -0.000000 0.025882 0.096593
vn -0.000000 0.050000 0.086603
vn -0.000000 0.070711 0.070711
vn -0.000000 0.070711 0.070711
vn -0.000000 0.086603 0.050000
vn -0.000000 0.096593 0.025882
vn -0.000000 0.070711 0.070711
vn -0.000000 0.070711 0.070711
vn -0.000000 0.086603 0.050000
vn -0.000000 0.096593 0.025882
vn -0.000000 0.070711 0.070711
vn -0.000000 0.070711 0.070711
vn -0.000000 0.086603 0.050000
vn -0.000000 0.096593 0.025882
vn -0.000000 0.070711 0.070711
vn -0.000000 0.070711 0.070711
vn -0.000000 0.086603 0.050000
vn -0.000000 0.096593 0.025882
vn -0.000000 0.070711 0.070711
vn -0.000000 0.070711 0.070711
vn -0.000000 0.086603 0.050000
vn -0.000000 0.096593 0.025882
vn -0.000000 0.086603 0.050000
vn -0.000000 0.086603 0.050000
vn -0.000000 0.096593 0.025882
vn -0.000000 0.086603 0.050000
vn -0.000000 0.086603 0.050000
vn -0.000000 0.096593 0.025882
vn -0.000000 0.086603 0.050000
vn -0.000000 0.096593 0.025882
vn -0.000000 0.086603 0.050000
vn -0.000000 0.086603 0.050000
vn -0.000000 0.096593 0.025882
vn -0.000000 0.086603 0.050000
vn -0.000000 0.086603 0.050000
vn -0.000000 0.096593 0.025882
vn -0.000000 0.096593 0.025882
vn -0.000000 0.096593 0.025882
vn -0.000000 0.096593 0.025882
vn -0.000000 0.096593 0.025882
vn -0.000000 0.100000 0.000000
vn -0.000000 0.100000 0.000000
vn -0.000000 0.100000 0.000000
vn -0.000000 0.100000 0.000000
vn -0.000000 0.100000 0.000000
vn -0.000000 0.100000 0.000000
vn -0.000000 0.100000 0.000000
vn -0.000000 0.100000 0.000000
vn -0.000000 0.100000 0.000000
vn -0.000000 0.100000 0.000000
vn -0.000000 0.100000 0.000000
vn -0.000000 0.100000 0.000000
vn -0.000000 0.100000 0.000000
vn -0.000000 0.100000 0.000000
vn 0.000000 -0.025882 -0.096593
vn 0.000000 -0.025882 -0.096593
vn 0.000000 0.000000 -0.100000
vn 0.000000 -0.025882 -0.096593
vn 0.000000 -0.025882 -0.096593
vn 0.000000 -0.050000 -0.086603
vn 0.000000 -0.050000 -0.086603
vn 0.000000 -0.070711 -0.070711
vn 0.000000 -0.070711 -0.070711
vn 0.000000 -0.086603 -0.050000
vn 0.000000 -0.086603 -0.050000
vn 0.000000 -0.096593 -0.025882
vn 0.000000 -0.096593 -0.025882
vn 0.000000 -0.100000 0.000000
vn 0.000000 -0.096593 -0.025882
vn 0.000000 -0.096593 -0.025882
vn 0.000000 -0.086603 -0.050000
vn 0.000000 -0.086603 -0.050000
vn 0.000000 -0.070711 -0.070711
vn 0.000000 -0.070711 -0.070711
vn 0.000000 -0.050000 -0.086603
vn 0.000000 -0.050000 -0.086603
vn 0.000000 -0.025882 -0.096593
vn 0.000000 -0.025882 -0.096593
vn 0.000000 -0.025882 -0.096593
vn 0.000000 -0.025882 -0.096593
vn 0.000000 -0.050000 -0.086603
vn 0.000000 -0.050000 -0.086603
vn 0.000000 -0.070711 -0.070711
vn 0.000000 -0.070711 -0.070711
vn 0.000000 -0.086603 -0.050000
vn 0.000000 -0.086603 -0.050000
vn 0.000000 -0.096593 -0.025882
vn 0.000000 -0.096593 -0.025882
vn 0.000000 -0.100000 0.000000
vn 0.000000 -0.096593 -0.025882
vn 0.000000 -0.096593 -0.025882
vn 0.000000 -0.086603 -0.050000
vn 0.000000 -0.086603 -0.050000
vn 0.000000 -0.070711 -0.070711
vn 0.000000 -0.070711 -0.070711
vn 0.000000 -0.050000 -0.086603
vn 0.000000 -0.050000 -0.086603
vn 0.000000 -0.025882 -0.096593
vn 0.000000 -0.025882 -0.096593
vn 0.000000 0.000000 -0.100000
vn 0.000000 -0.025882 -0.096593
vn 0.000000 -0.025882 -0.096593
vn 0.000000 -0.050000 -0.086603
vn 0.000000 -0.050000 -0.086603
vn 0.000000 -0.070711 -0.070711
vn 0.000000 -0.070711 -0.070711
vn 0.000000 -0.086603 -0.050000
vn 0.000000 -0.086603 -0.050000
vn 0.000000 -0.096593 -0.025882
vn 0.000000 -0.096593 -0.025882
vn 0.000000 -0.096593 -0.025882
vn 0.000000 -0.096593 -0.025882
vn 0.000000 -0.086603 -0.050000
vn 0.000000 -0.086603 -0.050000
vn 0.000000 -0.070711 -0.070711
vn 0.000000 -0.070711 -0.070711
vn 0.000000 -0.050000 -0.086603
vn 0.000000 -0.050000 -0.086603
vn 0.000000 -0.050000 -0.086603
vn 0.000000 -0.070711 -0.070711
vn 0.000000 -0.070711 -0.070711
vn 0.000000 -0.086603 -0.050000
vn 0.000000 -0.086603 -0.050000
vn 0.000000 -0.096593 -0.025882
vn 0.000000 -0.096593 -0.025882
vn 0.000000 -0.096593 -0.025882
vn 0.000000 -0.096593 -0.025882
vn 0.000000 -0.086603 -0.050000
vn 0.000000 -0.070711 -0.070711
vn 0.000000 -0.050000 -0.086603
vn 0.000000 -0.025882 -0.096593
vn 0.000000 -0.070711 -0.070711
vn 0.000000 -0.050000 -0.086603
vn 0.000000 -0.025882 -0.096593
vn 0.000000 -0.050000 -0.086603
vn 0.000000 -0.025882 -0.096593
vn 0.000000 -0.025882 -0.096593
vn 0.000000 -0.025882 -0.096593
vn 0.000000 -0.025882 -0.096593
vn 0.000000 -0.025882 -0.096593
vn 0.000000 -0.050000 -0.086603
vn 0.000000 -0.050000 -0.086603
vn 0.000000 -0.070711 -0.070711
vn 0.000000 -0.050000 -0.086603
vn 0.000000 -0.070711 -0.070711
vn 0.000000 -0.086603 -0.050000
vn 0.000000 -0.096593 -0.025882
vn 0.000000 -0.025882 -0.096593
vn 0.000000 -0.025882 -0.096593
vn 0.000000 -0.025882 -0.096593
vn 0.000000 -0.050000 -0.086603
vn 0.000000 -0.050000 -0.086603
vn 0.000000 -0.070711 -0.070711
vn 0.000000 -0.050000 -0.086603
vn 0.000000 -0.025882 -0.096593
vn 0.000000 -0.050000 -0.086603
vn 0.000000 -0.070711 -0.070711
vn 0.000000 -0.086603 -0.050000
vn 0.000000 -0.050000 -0.086603
vn 0.000000 -0.025882 -0.096593
vn 0.000000 -0.070711 -0.070711
vn 0.000000 -0.086603 -0.050000
vn 0.000000 -0.096593 -0.025882
vn 0.000000 -0.070711 -0.070711
vn 0.000000 -0.070711 -0.070711
vn 0.000000 -0.086603 -0.050000
vn 0.000000 -0.096593 -0.025882
vn 0.000000 -0.070711 -0.070711
vn 0.000000 -0.086603 -0.050000
vn 0.000000 -0.096593 -0.025882
vn 0.000000 -0.086603 -0.050000
vn 0.000000 -0.086603 -0.050000
vn 0.000000 -0.086603 -0.050000
vn 0.000000 -0.086603 -0.050000
vn 0.000000 -0.096593 -0.025882
vn 0.000000 -0.096593 -0.025882
vn 0.000000 -0.096593 -0.025882
vn 0.000000 -0.096593 -0.025882
vn -0.100000 -0.000000 -0.000000
vn -0.100000 -0.000000 -0.000000
vn -0.100000 -0.000000 -0.000000
vn -0.100000 -0.000000 -0.000000
vn -0.100000 -0.000000 -0.000000
vn -0.100000 -0.000000 -0.000000
vn -0.100000 -0.000000 -0.000000
vn -0.100000 -0.000000 -0.000000
vn -0.100000 -0.000000 -0.000000
vn -0.100000 -0.000000 -0.000000
vn -0.100000 -0.000000 -0.000000
vn -0.100000 -0.000000 -0.000000
vn -0.100000 -0.000000 -0.000000
vn -0.100000 -0.000000 -0.000000
vn -0.100000 -0.000000 -0.000000
vn -0.100000 -0.000000 -0.000000
vn -0.100000 -0.000000 -0.000000
vn -0.100000 -0.000000 -0.000000
vn -0.100000 -0.000000 -0.000000
vn -0.100000 -0.000000 -0.000000
vn -0.100000 -0.000000 -0.000000
vn -0.100000 -0.000000 -0.000000
vn -0.100000 -0.000000 -0.000000
vn -0.100000 -0.000000 -0.000000
vn -0.100000 -0.000000 -0.000000
vn -0.100000 -0.000000 -0.000000
vn -0.100000 -0.000000 -0.000000
vn -0.100000 -0.000000 -0.000000
vn -0.100000 -0.000000 -0.000000
vn -0.100000 -0.000000 -0.000000
vn -0.100000 -0.000000 -0.000000
vn -0.100000 -0.000000 -0.000000
vn -0.100000 -0.000000 -0.000000
vn -0.100000 -0.000000 -0.000000
vn -0.100000 -0.000000 -0.000000
vn -0.100000 -0.000000 -0.000000
vn -0.100000 -0.000000 -0.000000
vn -0.100000 -0.000000 -0.000000
vn -0.100000 -0.000000 -0.000000
vn -0.100000 -0.000000 -0.000000
vn -0.100000 -0.000000 -0.000000
vn -0.100000 -0.000000 -0.000000
vn -0.100000 -0.000000 -0.000000
vn -0.100000 -0.000000 -0.000000
vn -0.100000 -0.000000 -0.000000
vn -0.100000 -0.000000 -0.000000
vn -0.100000 -0.000000 -0.000000
vn -0.100000 -0.000000 -0.000000
vn -0.100000 -0.000000 -0.000000
vn -0.100000 -0.000000 -0.000000
vn -0.100000 -0.000000 -0.000000
vn -0.100000 -0.000000 -0.000000
vn -0.100000 -0.000000 -0.000000
vn -0.100000 -0.000000 -0.000000
vn -0.100000 -0.000000 -0.000000
vn -0.100000 -0.000000 -0.000000
vn 0.000000 -0.100000 -0.000000
vn 0.000000 -0.100000 -0.000000
vn 0.000000 -0.100000 -0.000000
vn 0.000000 -0.100000 -0.000000
vn 0.000000 -0.100000 -0.000000
vn 0.000000 -0.100000 -0.000000
vn 0.000000 -0.100000 -0.000000
vn 0.000000 -0.100000 -0.000000
vn 0.000000 -0.100000 -0.000000
vn 0.000000 -0.100000 -0.000000
vn 0.000000 -0.100000 -0.000000
vn 0.000000 -0.100000 -0.000000
vn 0.000000 -0.100000 -0.000000
vn 0.000000 -0.100000 -0.000000
vn 0.000000 0.025882 -0.096593
vn 0.000000 0.025882 -0.096593
vn 0.000000 0.000000 -0.100000
vn 0.000000 0.025882 -0.096593
vn 0.000000 0.025882 -0.096593
vn -0.000000 0.050000 -0.086603
vn -0.000000 0.050000 -0.086603
vn -0.000000 0.070711 -0.070711
vn -0.000000 0.070711 -0.070711
vn -0.000000 0.086603 -0.050000
vn -0.000000 0.086603 -0.050000
vn -0.000000 0.096593 -0.025882
vn -0.000000 0.096593 -0.025882
vn -0.000000 0.096593 -0.025882
vn -0.000000 0.096593 -0.025882
vn -0.000000 0.086603 -0.050000
vn -0.000000 0.086603 -0.050000
vn -0.000000 0.070711 -0.070711
vn -0.000000 0.070711 -0.070711
vn -0.000000 0.050000 -0.086603
vn -0.000000 0.050000 -0.086603
vn -0.000000 0.070711 -0.070711
vn -0.000000 0.086603 -0.050000
vn -0.000000 0.096593 -0.025882
vn -0.000000 0.086603 -0.050000
vn -0.000000 0.096593 -0.025882
vn -0.000000 0.096593 -0.025882
vn -0.000000 0.070711 -0.070711
vn -0.000000 0.050000 -0.086603
vn 0.000000 0.025882 -0.096593
vn 0.000000 0.000000 -0.100000
vn -0.000000 0.050000 -0.086603
vn 0.000000 0.025882 -0.096593
vn 0.000000 0.025882 -0.096593
vn -0.000000 0.050000 -0.086603
vn -0.000000 0.070711 -0.070711
vn -0.000000 0.086603 -0.050000
vn -0.000000 0.096593 -0.025882
vn -0.000000 0.096593 -0.025882
vn -0.000000 0.096593 -0.025882
vn -0.000000 0.096593 -0.025882
vn -0.000000 0.086603 -0.050000
vn -0.000000 0.086603 -0.050000
vn -0.000000 0.070711 -0.070711
vn -0.000000 0.070711 -0.070711
vn -0.000000 0.050000 -0.086603
vn -0.000000 0.050000 -0.086603
vn 0.000000 0.025882 -0.096593
vn 0.000000 0.025882 -0.096593
vn 0.000000 0.000000 -0.100000
vn 0.000000 0.025882 -0.096593
vn 0.000000 0.025882 -0.096593
vn -0.000000 0.050000 -0.086603
vn -0.000000 0.050000 -0.086603
vn -0.000000 0.070711 -0.070711
vn -0.000000 0.070711 -0.070711
vn -0.000000 0.086603 -0.050000
vn -0.000000 0.086603 -0.050000
vn -0.000000 0.070711 -0.070711
vn -0.000000 0.050000 -0.086603
vn 0.000000 0.025882 -0.096593
vn 0.000000 0.000000 -0.100000
vn -0.000000 0.050000 -0.086603
vn 0.000000 0.025882 -0.096593
vn 0.000000 0.025882 -0.096593
vn -0.000000 0.070711 -0.070711
vn -0.000000 0.086603 -0.050000
vn -0.000000 0.096593 -0.025882
vn -0.000000 0.086603 -0.050000
vn -0.000000 0.096593 -0.025882
vn -0.000000 0.096593 -0.025882
vn -0.000000 0.086603 -0.050000
vn -0.000000 0.070711 -0.070711
vn -0.000000 0.050000 -0.086603
vn 0.000000 0.000000 -0.100000
vn 0.000000 0.000000 -0.100000
vn 0.000000 0.000000 -0.100000
vn 0.000000 0.000000 -0.100000
vn 0.000000 0.000000 -0.100000
vn 0.000000 0.000000 -0.100000
vn 0.000000 0.000000 -0.100000
vn 0.000000 0.000000 -0.100000
vn 0.000000 0.000000 -0.100000
vn 0.000000 0.000000 -0.100000
vn 0.000000 0.000000 -0.100000
vn 0.000000 0.000000 -0.100000
vn 0.000000 0.000000 -0.100000
vn 0.000000 0.000000 -0.100000
vn 0.000000 0.000000 -0.100000
vn 0.000000 0.000000 -0.100000
vn 0.000000 0.000000 -0.100000
vn 0.000000 0.000000 -0.100000
vn 0.000000 0.000000 -0.100000
vn 0.000000 0.000000 -0.100000
vn 0.000000 0.000000 -0.100000
vn 0.000000 0.000000 -0.100000
vn 0.000000 0.000000 -0.100000
vn 0.000000 0.000000 -0.100000
vn 0.000000 0.000000 -0.100000
vn 0.000000 0.000000 -0.100000
vn 0.000000 0.000000 -0.100000
vn 0.000000 0.000000 -0.100000
vn 0.000000 0.000000 -0.100000
vn 0.000000 0.000000 -0.100000
vn 0.000000 0.000000 -0.100000
vn 0.000000 0.000000 -0.100000
vn 0.000000 0.000000 -0.100000
vn 0.000000 0.000000 -0.100000
vn 0.000000 0.000000 -0.100000
vn 0.000000 0.000000 -0.100000
vn 0.000000 0.000000 -0.100000
vn 0.000000 0.000000 -0.100000
vn 0.000000 0.000000 -0.100000
vn 0.000000 0.000000 -0.100000
vn 0.000000 0.000000 -0.100000
vn 0.000000 0.000000 -0.100000
vn 0.000000 0.000000 -0.100000
vn 0.000000 0.000000 -0.100000
vn 0.000000 0.000000 -0.100000
vn 0.000000 0.000000 -0.100000
vn 0.000000 0.000000 -0.100000
vn 0.000000 0.000000 -0.100000
vn 0.000000 0.000000 -0.100000
vn 0.000000 0.000000 -0.100000
vn -0.000000 0.096593 -0.025882
vn -0.000000 0.096593 -0.025882
vn -0.000000 0.086603 -0.050000
vn -0.000000 0.086603 -0.050000
vn -0.000000 0.070711 -0.070711
vn -0.000000 0.070711 -0.070711
vn -0.000000 0.050000 -0.086603
vn -0.000000 0.050000 -0.086603
vn 0.000000 0.025882 -0.096593
vn 0.000000 0.025882 -0.096593
vn 0.000000 -0.000000 -0.100000
vn 0.000000 0.000000 -0.100000
vn 0.000000 0.025882 -0.096593
vn -0.000000 0.050000 -0.086603
vn -0.000000 0.070711 -0.070711
vn -0.000000 0.086603 -0.050000
vn -0.000000 0.096593 -0.025882
vn 0.000000 0.000000 -0.100000
vn 0.000000 0.000000 -0.100000
vn 0.000000 -0.096593 0.025882
vn 0.000000 -0.096593 0.025882
vn 0.000000 -0.086603 0.050000
vn 0.000000 -0.086603 0.050000
vn 0.000000 -0.070711 0.070711
vn 0.000000 -0.070711 0.070711
vn 0.000000 -0.050000 0.086603
vn 0.000000 -0.050000 0.086603
vn -0.000000 -0.025882 0.096593
vn -0.000000 -0.025882 0.096593
vn -0.000000 0.000000 0.100000
vn -0.000000 -0.000000 0.100000
vn 0.100000 0.000000 0.000000
vn 0.100000 0.000000 0.000000
vn 0.100000 0.000000 0.000000
vn 0.100000 0.000000 0.000000
vn 0.100000 0.000000 0.000000
vn 0.100000 0.000000 0.000000
vn 0.100000 0.000000 0.000000
vn 0.100000 0.000000 0.000000
vn 0.100000 0.000000 0.000000
vn 0.100000 0.000000 0.000000
vn 0.100000 0.000000 0.000000
vn 0.100000 0.000000 0.000000
vn 0.100000 0.000000 0.000000
vn 0.100000 0.000000 0.000000
vn 0.100000 0.000000 0.000000
vn 0.100000 0.000000 0.000000
vn 0.100000 0.000000 0.000000
vn 0.100000 0.000000 0.000000
vn 0.100000 0.000000 0.000000
vn 0.100000 0.000000 0.000000
vn 0.100000 0.000000 0.000000
vn 0.100000 0.000000 0.000000
vn 0.100000 0.000000 0.000000
vn 0.100000 0.000000 0.000000
vn 0.100000 0.000000 0.000000
vn 0.100000 0.000000 0.000000
vn 0.100000 0.000000 0.000000
vn 0.100000 0.000000 0.000000
vn 0.100000 0.000000 0.000000
vn 0.100000 0.000000 0.000000
vn 0.100000 0.000000 0.000000
vn 0.100000 0.000000 0.000000
vn 0.000000 -0.096593 0.025882
vn 0.000000 -0.096593 0.025882
vn 0.000000 -0.096593 0.025882
vn 0.000000 -0.096593 0.025882
vn 0.000000 -0.086603 0.050000
vn 0.000000 -0.086603 0.050000
vn 0.000000 -0.070711 0.070711
vn 0.000000 -0.070711 0.070711
vn 0.000000 -0.050000 0.086603
vn 0.000000 -0.050000 0.086603
vn -0.000000 -0.025882 0.096593
vn -0.000000 -0.025882 0.096593
vn -0.000000 -0.000000 0.100000
vn -0.000000 -0.025882 0.096593
vn -0.000000 -0.000000 0.100000
vn -0.000000 -0.025882 0.096593
vn 0.000000 -0.050000 0.086603
vn 0.000000 -0.050000 0.086603
vn 0.000000 -0.070711 0.070711
vn 0.000000 -0.070711 0.070711
vn 0.000000 -0.086603 0.050000
vn 0.000000 -0.086603 0.050000
vn 0.100000 0.000000 0.000000
vn 0.100000 0.000000 0.000000
vn 0.100000 0.000000 0.000000
vn 0.100000 0.000000 0.000000
vn 0.100000 0.000000 0.000000
vn 0.100000 0.000000 0.000000
vn 0.100000 0.000000 0.000000
vn 0.100000 0.000000 0.000000
vn 0.100000 0.000000 0.000000
vn 0.100000 0.000000 0.000000
vn 0.100000 0.000000 0.000000
vn 0.100000 0.000000 0.000000
vn 0.100000 0.000000 0.000000
vn 0.100000 0.000000 0.000000
vn 0.100000 0.000000 0.000000
vn 0.100000 0.000000 0.000000
vn 0.100000 0.000000 0.000000
vn 0.100000 0.000000 0.000000
vn 0.100000 0.000000 0.000000
vn 0.100000 0.000000 0.000000
vn 0.100000 0.000000 0.000000
vn 0.100000 0.000000 0.000000
vn 0.100000 0.000000 0.000000
vn 0.100000 0.000000 0.000000
vn 0.100000 0.000000 0.000000
vn 0.100000 0.000000 0.000000
vn 0.100000 0.000000 0.000000
vn 0.100000 0.000000 0.000000
vn 0.100000 0.000000 0.000000
vn 0.100000 0.000000 0.000000
vn 0.100000 0.000000 0.000000
vn 0.100000 0.000000 0.000000
vn 0.100000 0.000000 0.000000
vn 0.100000 0.000000 0.000000
vn 0.100000 0.000000 0.000000
vn 0.100000 0.000000 0.000000
vn 0.100000 0.000000 0.000000
vn 0.100000 0.000000 0.000000
vn 0.100000 0.000000 0.000000
vn 0.100000 0.000000 0.000000
vn 0.100000 0.000000 0.000000
vn 0.100000 0.000000 0.000000
vn 0.100000 0.000000 0.000000
vn 0.100000 0.000000 0.000000
vn 0.100000 0.000000 0.000000
vn 0.100000 0.000000 0.000000
vn 0.100000 0.000000 0.000000
vn 0.100000 0.000000 0.000000
vn 0.100000 0.000000 0.000000
vn 0.100000 0.000000 0.000000
vn 0.100000 0.000000 0.000000
vn 0.100000 0.000000 0.000000
vn 0.100000 0.000000 0.000000
vn 0.100000 0.000000 0.000000
vn 0.100000 0.000000 0.000000
vn 0.100000 0.000000 0.000000
vn -0.000000 -0.025882 0.096593
vn -0.000000 -0.025882 0.096593
vn -0.000000 0.000000 0.100000
vn -0.000000 -0.025882 0.096593
vn -0.000000 -0.000000 0.100000
vn -0.000000 -0.025882 0.096593
vn 0.000000 -0.050000 0.086603
vn 0.000000 -0.050000 0.086603
vn 0.000000 -0.070711 0.070711
vn 0.000000 -0.070711 0.070711
vn 0.000000 -0.086603 0.050000
vn 0.000000 -0.086603 0.050000
vn 0.000000 -0.096593 0.025882
vn 0.000000 -0.096593 0.025882
vn 0.000000 -0.096593 0.025882
vn 0.000000 -0.096593 0.025882
vn 0.000000 -0.086603 0.050000
vn 0.000000 -0.086603 0.050000
vn 0.000000 -0.070711 0.070711
vn 0.000000 -0.070711 0.070711
vn 0.000000 -0.050000 0.086603
vn 0.000000 -0.050000 0.086603
vn 0.100000 0.000000 0.000000
vn 0.100000 0.000000 0.000000
vn 0.100000 0.000000 0.000000
vn 0.100000 0.000000 0.000000
vn 0.100000 0.000000 0.000000
vn 0.100000 0.000000 0.000000
vn 0.100000 0.000000 0.000000
vn 0.100000 0.000000 0.000000
vn 0.100000 0.000000 0.000000
vn 0.100000 0.000000 0.000000
vn 0.100000 0.000000 0.000000
vn 0.100000 0.000000 0.000000
vn 0.100000 0.000000 0.000000
vn 0.100000 0.000000 0.000000
vn 0.100000 0.000000 0.000000
vn 0.100000 0.000000 0.000000
vn 0.100000 0.000000 0.000000
vn 0.100000 0.000000 0.000000
vn 0.100000 0.000000 0.000000
vn 0.100000 0.000000 0.000000
vn 0.100000 0.000000 0.000000
vn 0.100000 0.000000 0.000000
vn 0.100000 0.000000 0.000000
vn 0.100000 0.000000 0.000000
vn 0.100000 0.000000 0.000000
vn 0.100000 0.000000 0.000000
vn 0.100000 0.000000 0.000000
vn 0.100000 0.000000 0.000000
vn 0.100000 0.000000 0.000000
vn 0.100000 0.000000 0.000000
vn 0.100000 0.000000 0.000000
vn 0.100000 0.000000 0.000000
vn -0.100000 -0.000000 -0.000000
vn -0.100000 -0.000000 -0.000000
vn -0.100000 -0.000000 -0.000000
vn -0.100000 -0.000000 -0.000000
vn -0.100000 -0.000000 -0.000000
vn -0.100000 -0.000000 -0.000000
vn -0.100000 -0.000000 -0.000000
vn -0.100000 -0.000000 -0.000000
vn -0.100000 -0.000000 -0.000000
vn -0.100000 -0.000000 -0.000000
vn -0.100000 -0.000000 -0.000000
vn -0.100000 -0.000000 -0.000000
vn -0.100000 -0.000000 -0.000000
vn -0.100000 -0.000000 -0.000000
vn -0.100000 -0.000000 -0.000000
vn -0.100000 -0.000000 -0.000000
vn -0.100000 -0.000000 -0.000000
vn -0.100000 -0.000000 -0.000000
vn -0.100000 -0.000000 -0.000000
vn -0.100000 -0.000000 -0.000000
vn -0.100000 -0.000000 -0.000000
vn -0.100000 -0.000000 -0.000000
vn -0.100000 -0.000000 -0.000000
vn -0.100000 -0.000000 -0.000000
vn -0.100000 -0.000000 -0.000000
vn -0.100000 -0.000000 -0.000000
vn -0.100000 -0.000000 -0.000000
vn -0.100000 -0.000000 -0.000000
vn -0.100000 -0.000000 -0.000000
vn -0.100000 -0.000000 -0.000000
vn -0.100000 -0.000000 -0.000000
vn -0.100000 -0.000000 -0.000000
vn -0.100000 -0.000000 -0.000000
vn -0.100000 -0.000000 -0.000000
vn -0.100000 -0.000000 -0.000000
vn -0.100000 -0.000000 -0.000000
vn -0.100000 -0.000000 -0.000000
vn -0.100000 -0.000000 -0.000000
vn -0.100000 -0.000000 -0.000000
vn -0.100000 -0.000000 -0.000000
vn -0.100000 -0.000000 -0.000000
vn -0.100000 -0.000000 -0.000000
vn -0.100000 -0.000000 -0.000000
vn -0.100000 -0.000000 -0.000000
vn -0.100000 -0.000000 -0.000000
vn -0.100000 -0.000000 -0.000000
vn -0.100000 -0.000000 -0.000000
vn -0.100000 -0.000000 -0.000000
vn -0.100000 -0.000000 -0.000000
vn -0.100000 -0.000000 -0.000000
vn -0.100000 -0.000000 -0.000000
vn -0.100000 -0.000000 -0.000000
vn -0.100000 -0.000000 -0.000000
vn -0.100000 -0.000000 -0.000000
vn -0.100000 -0.000000 -0.000000
vn -0.100000 -0.000000 -0.000000
vn -0.100000 -0.000000 -0.000000
vn -0.100000 -0.000000 -0.000000
vn -0.100000 -0.000000 -0.000000
vn -0.100000 -0.000000 -0.000000
vn -0.100000 -0.000000 -0.000000
vn -0.100000 -0.000000 -0.000000
vn -0.100000 -0.000000 -0.000000
vn -0.100000 -0.000000 -0.000000
vn -0.000000 -0.000000 0.100000
vn -0.000000 -0.000000 0.100000
vn -0.000000 -0.000000 0.100000
vn -0.000000 -0.000000 0.100000
vn -0.000000 -0.000000 0.100000
vn -0.000000 -0.000000 0.100000
vn -0.000000 -0.000000 0.100000
vn -0.000000 -0.000000 0.100000
vn -0.000000 -0.000000 0.100000
vn -0.000000 -0.000000 0.100000
vn 0.000000 0.000000 -0.100000
vn 0.000000 0.000000 -0.100000
vn 0.000000 0.000000 -0.100000
vn 0.000000 0.000000 -0.100000
vn 0.000000 0.000000 -0.100000
vn 0.000000 0.000000 -0.100000
vn 0.000000 0.000000 -0.100000
vn 0.000000 0.000000 -0.100000
vn -0.000000 0.100000 0.000000
vn -0.000000 0.100000 0.000000
vn -0.000000 0.100000 0.000000
vn -0.000000 0.100000 0.000000
vn -0.000000 0.100000 0.000000
vn -0.000000 0.100000 0.000000
vn -0.000000 0.100000 0.000000
vn -0.000000 0.100000 0.000000
vn -0.000000 0.100000 0.000000
vn -0.000000 0.100000 0.000000
vn -0.000000 0.100000 0.000000
vn -0.000000 0.100000 0.000000
vn -0.000000 0.100000 0.000000
vn -0.000000 0.100000 0.000000
vn -0.000000 0.100000 0.000000
vn -0.000000 0.100000 0.000000
vn -0.000000 -0.025882 0.096593
vn -0.000000 -0.025882 0.096593
vn -0.000000 -0.025882 0.096593
vn -0.000000 -0.025882 0.096593
vn 0.000000 -0.050000 0.086603
vn 0.000000 -0.050000 0.086603
vn 0.000000 -0.070711 0.070711
vn 0.000000 -0.070711 0.070711
vn 0.000000 -0.086603 0.050000
vn 0.000000 -0.086603 0.050000
vn 0.000000 -0.096593 0.025882
vn 0.000000 -0.096593 0.025882
vn 0.000000 -0.100000 -0.000000
vn 0.000000 -0.096593 0.025882
vn 0.000000 -0.096593 0.025882
vn 0.000000 -0.086603 0.050000
vn 0.000000 -0.086603 0.050000
vn 0.000000 -0.070711 0.070711
vn 0.000000 -0.070711 0.070711
vn 0.000000 -0.050000 0.086603
vn 0.000000 -0.050000 0.086603
vn -0.000000 -0.025882 0.096593
vn -0.000000 -0.025882 0.096593
vn -0.000000 -0.025882 0.096593
vn -0.000000 -0.025882 0.096593
vn 0.000000 -0.050000 0.086603
vn 0.000000 -0.050000 0.086603
vn 0.000000 -0.070711 0.070711
vn 0.000000 -0.070711 0.070711
vn 0.000000 -0.086603 0.050000
vn 0.000000 -0.086603 0.050000
vn 0.000000 -0.096593 0.025882
vn 0.000000 -0.096593 0.025882
vn 0.000000 -0.096593 0.025882
vn 0.000000 -0.096593 0.025882
vn 0.000000 -0.086603 0.050000
vn 0.000000 -0.086603 0.050000
vn 0.000000 -0.070711 0.070711
vn 0.000000 -0.070711 0.070711
vn 0.000000 -0.050000 0.086603
vn 0.000000 -0.050000 0.086603
vn -0.000000 -0.025882 0.096593
vn -0.000000 -0.025882 0.096593
vn -0.000000 -0.025882 0.096593
vn -0.000000 -0.025882 0.096593
vn 0.000000 -0.050000 0.086603
vn 0.000000 -0.050000 0.086603
vn 0.000000 -0.070711 0.070711
vn 0.000000 -0.070711 0.070711
vn 0.000000 -0.086603 0.050000
vn 0.000000 -0.086603 0.050000
vn 0.000000 -0.096593 0.025882
vn 0.000000 -0.096593 0.025882
vn 0.000000 -0.100000 0.000000
vn 0.000000 -0.096593 0.025882
vn 0.000000 -0.096593 0.025882
vn 0.000000 -0.086603 0.050000
vn 0.000000 -0.086603 0.050000
vn 0.000000 -0.070711 0.070711
vn 0.000000 -0.070711 0.070711
vn 0.000000 -0.050000 0.086603
vn 0.000000 -0.050000 0.086603
vn -0.000000 -0.025882 0.096593
vn -0.000000 -0.025882 0.096593
vn -0.000000 -0.025882 0.096593
vn -0.000000 -0.025882 0.096593
vn 0.000000 -0.050000 0.086603
vn 0.000000 -0.050000 0.086603
vn 0.000000 -0.070711 0.070711
vn 0.000000 -0.070711 0.070711
vn 0.000000 -0.086603 0.050000
vn 0.000000 -0.086603 0.050000
vn 0.000000 -0.096593 0.025882
vn 0.000000 -0.096593 0.025882
vn 0.000000 -0.096593 0.025882
vn 0.000000 -0.096593 0.025882
vn 0.000000 -0.086603 0.050000
vn 0.000000 -0.086603 0.050000
vn 0.000000 -0.070711 0.070711
vn 0.000000 -0.070711 0.070711
vn 0.000000 -0.050000 0.086603
vn 0.000000 -0.050000 0.086603
vn -0.000000 -0.025882 0.096593
vn -0.000000 -0.025882 0.096593
vn -0.000000 -0.025882 0.096593
vn -0.000000 -0.025882 0.096593
vn 0.000000 -0.050000 0.086603
vn 0.000000 -0.050000 0.086603
vn 0.000000 -0.070711 0.070711
vn 0.000000 -0.070711 0.070711
vn 0.000000 -0.086603 0.050000
vn 0.000000 -0.086603 0.050000
vn 0.000000 -0.096593 0.025882
vn 0.000000 -0.096593 0.025882
vn 0.000000 -0.096593 0.025882
vn 0.000000 -0.096593 0.025882
vn 0.000000 -0.086603 0.050000
vn 0.000000 -0.086603 0.050000
vn 0.000000 -0.070711 0.070711
vn 0.000000 -0.070711 0.070711
vn 0.000000 -0.050000 0.086603
vn 0.000000 -0.050000 0.086603
vn -0.000000 -0.025882 0.096593
vn -0.000000 -0.025882 0.096593
vn -0.000000 -0.025882 0.096593
vn -0.000000 -0.025882 0.096593
vn 0.000000 -0.050000 0.086603
vn 0.000000 -0.050000 0.086603
vn 0.000000 -0.070711 0.070711
vn 0.000000 -0.070711 0.070711
vn 0.000000 -0.086603 0.050000
vn 0.000000 -0.086603 0.050000
vn 0.000000 -0.096593 0.025882
vn 0.000000 -0.096593 0.025882
vn 0.000000 -0.096593 0.025882
vn 0.000000 -0.096593 0.025882
vn 0.000000 -0.086603 0.050000
vn 0.000000 -0.050000 0.086603
vn 0.000000 -0.050000 0.086603
vn 0.000000 -0.070711 0.070711
vn 0.000000 -0.070711 0.070711
vn 0.000000 -0.086603 0.050000
vn 0.000000 -0.086603 0.050000
vn 0.000000 -0.096593 0.025882
vn 0.000000 -0.096593 0.025882
vn 0.000000 -0.096593 0.025882
vn 0.000000 -0.096593 0.025882
vn 0.000000 -0.086603 0.050000
vn 0.000000 -0.086603 0.050000
vn 0.000000 -0.070711 0.070711
vn 0.000000 -0.070711 0.070711
vn 0.000000 -0.050000 0.086603
vn 0.000000 -0.050000 0.086603
vn -0.000000 -0.025882 0.096593
vn -0.000000 -0.025882 0.096593
vn -0.000000 -0.025882 0.096593
vn -0.000000 -0.025882 0.096593
vn -0.000000 -0.025882 0.096593
vn 0.000000 -0.050000 0.086603
vn 0.000000 -0.050000 0.086603
vn 0.000000 -0.070711 0.070711
vn 0.000000 -0.050000 0.086603
vn 0.000000 -0.070711 0.070711
vn 0.000000 -0.086603 0.050000
vn 0.000000 -0.096593 0.025882
vn -0.000000 -0.025882 0.096593
vn -0.000000 -0.025882 0.096593
vn -0.000000 -0.025882 0.096593
vn 0.000000 -0.050000 0.086603
vn 0.000000 -0.050000 0.086603
vn 0.000000 -0.070711 0.070711
vn 0.000000 -0.050000 0.086603
vn -0.000000 -0.025882 0.096593
vn 0.000000 -0.050000 0.086603
vn 0.000000 -0.070711 0.070711
vn 0.000000 -0.086603 0.050000
vn 0.000000 -0.096593 0.025882
vn -0.000000 -0.025882 0.096593
vn -0.000000 -0.025882 0.096593
vn -0.000000 -0.025882 0.096593
vn 0.000000 -0.050000 0.086603
vn 0.000000 -0.050000 0.086603
vn 0.000000 -0.070711 0.070711
vn 0.000000 -0.050000 0.086603
vn -0.000000 -0.025882 0.096593
vn -0.000000 -0.025882 0.096593
vn 0.000000 -0.050000 0.086603
vn 0.000000 -0.070711 0.070711
vn 0.000000 -0.086603 0.050000
vn 0.000000 -0.050000 0.086603
vn 0.000000 -0.070711 0.070711
vn 0.000000 -0.086603 0.050000
vn 0.000000 -0.096593 0.025882
vn -0.000000 -0.025882 0.096593
vn -0.000000 -0.025882 0.096593
vn -0.000000 -0.025882 0.096593
vn 0.000000 -0.050000 0.086603
vn 0.000000 -0.050000 0.086603
vn 0.000000 -0.070711 0.070711
vn 0.000000 -0.050000 0.086603
vn -0.000000 -0.025882 0.096593
vn 0.000000 -0.050000 0.086603
vn 0.000000 -0.070711 0.070711
vn 0.000000 -0.086603 0.050000
vn 0.000000 -0.096593 0.025882
vn -0.000000 -0.025882 0.096593
vn -0.000000 -0.025882 0.096593
vn -0.000000 -0.025882 0.096593
vn 0.000000 -0.050000 0.086603
vn 0.000000 -0.050000 0.086603
vn 0.000000 -0.070711 0.070711
vn 0.000000 -0.050000 0.086603
vn -0.000000 -0.025882 0.096593
vn 0.000000 -0.050000 0.086603
vn 0.000000 -0.070711 0.070711
vn 0.000000 -0.070711 0.070711
vn 0.000000 -0.086603 0.050000
vn 0.000000 -0.096593 0.025882
vn 0.000000 -0.070711 0.070711
vn 0.000000 -0.070711 0.070711
vn 0.000000 -0.086603 0.050000
vn 0.000000 -0.096593 0.025882
vn 0.000000 -0.070711 0.070711
vn 0.000000 -0.070711 0.070711
vn 0.000000 -0.086603 0.050000
vn 0.000000 -0.096593 0.025882
vn 0.000000 -0.070711 0.070711
vn 0.000000 -0.070711 0.070711
vn 0.000000 -0.086603 0.050000
vn 0.000000 -0.096593 0.025882
vn 0.000000 -0.070711 0.070711
vn 0.000000 -0.070711 0.070711
vn 0.000000 -0.086603 0.050000
vn 0.000000 -0.096593 0.025882
vn 0.000000 -0.086603 0.050000
vn 0.000000 -0.086603 0.050000
vn 0.000000 -0.096593 0.025882
vn 0.000000 -0.086603 0.050000
vn 0.000000 -0.086603 0.050000
vn 0.000000 -0.096593 0.025882
vn 0.000000 -0.086603 0.050000
vn 0.000000 -0.096593 0.025882
vn 0.000000 -0.086603 0.050000
vn 0.000000 -0.086603 0.050000
vn 0.000000 -0.096593 0.025882
vn 0.000000 -0.086603 0.050000
vn 0.000000 -0.086603 0.050000
vn 0.000000 -0.096593 0.025882
vn 0.000000 -0.096593 0.025882
vn 0.000000 -0.096593 0.025882
vn 0.000000 -0.096593 0.025882
vn 0.000000 -0.096593 0.025882
vn 0.000000 -0.100000 -0.000000
vn 0.000000 -0.100000 -0.000000
vn 0.000000 -0.100000 -0.000000
vn 0.000000 -0.100000 -0.000000
vn 0.000000 -0.100000 -0.000000
vn 0.000000 -0.100000 -0.000000
vn 0.000000 -0.100000 -0.000000
vn 0.000000 -0.100000 -0.000000
vn 0.000000 -0.100000 -0.000000
vn 0.000000 -0.100000 -0.000000
vn 0.000000 -0.100000 -0.000000
vn 0.000000 -0.100000 -0.000000
vn 0.000000 -0.100000 -0.000000
vn 0.000000 -0.100000 -0.000000
vn -0.000000 0.096593 0.025882
vn -0.000000 0.096593 0.025882
vn -0.000000 0.096593 0.025882
vn -0.000000 0.096593 0.025882
vn -0.000000 0.086603 0.050000
vn -0.000000 0.086603 0.050000
vn -0.000000 0.070711 0.070711
vn -0.000000 0.070711 0.070711
vn -0.000000 0.050000 0.086603
vn -0.000000 0.050000 0.086603
vn -0.000000 0.025882 0.096593
vn -0.000000 0.025882 0.096593
vn -0.000000 -0.000000 0.100000
vn -0.000000 0.025882 0.096593
vn -0.000000 -0.000000 0.100000
vn -0.000000 0.025882 0.096593
vn -0.000000 0.050000 0.086603
vn -0.000000 0.050000 0.086603
vn -0.000000 0.070711 0.070711
vn -0.000000 0.070711 0.070711
vn -0.000000 0.086603 0.050000
vn -0.000000 0.086603 0.050000
vn -0.000000 0.025882 0.096593
vn -0.000000 0.025882 0.096593
vn -0.000000 0.000000 0.100000
vn -0.000000 0.025882 0.096593
vn -0.000000 0.000000 0.100000
vn -0.000000 0.025882 0.096593
vn -0.000000 0.050000 0.086603
vn -0.000000 0.050000 0.086603
vn -0.000000 0.070711 0.070711
vn -0.000000 0.070711 0.070711
vn -0.000000 0.086603 0.050000
vn -0.000000 0.086603 0.050000
vn -0.000000 0.096593 0.025882
vn -0.000000 0.096593 0.025882
vn -0.000000 0.096593 0.025882
vn -0.000000 0.096593 0.025882
vn -0.000000 0.086603 0.050000
vn -0.000000 0.086603 0.050000
vn -0.000000 0.070711 0.070711
vn -0.000000 0.070711 0.070711
vn -0.000000 0.050000 0.086603
vn -0.000000 0.050000 0.086603
vn -0.000000 0.096593 0.025882
vn -0.000000 0.096593 0.025882
vn -0.000000 0.086603 0.050000
vn -0.000000 0.086603 0.050000
vn -0.000000 0.070711 0.070711
vn -0.000000 0.070711 0.070711
vn -0.000000 0.050000 0.086603
vn -0.000000 0.050000 0.086603
vn -0.000000 0.025882 0.096593
vn -0.000000 0.025882 0.096593
vn -0.000000 -0.000000 0.100000
vn -0.000000 0.000000 0.100000
vn 0.000000 -0.096593 -0.025882
vn 0.000000 -0.096593 -0.025882
vn 0.000000 -0.086603 -0.050000
vn 0.000000 -0.086603 -0.050000
vn 0.000000 -0.070711 -0.070711
vn 0.000000 -0.070711 -0.070711
vn 0.000000 -0.050000 -0.086603
vn 0.000000 -0.050000 -0.086603
vn 0.000000 -0.025882 -0.096593
vn 0.000000 -0.025882 -0.096593
vn 0.000000 -0.025882 -0.096593
vn 0.000000 -0.050000 -0.086603
vn 0.000000 -0.070711 -0.070711
vn 0.000000 -0.086603 -0.050000
vn 0.000000 -0.096593 -0.025882
vn 0.000000 -0.025882 -0.096593
vn 0.000000 -0.025882 -0.096593
vn 0.000000 -0.025882 -0.096593
vn 0.000000 -0.025882 -0.096593
vn 0.000000 -0.050000 -0.086603
vn 0.000000 -0.050000 -0.086603
vn 0.000000 -0.070711 -0.070711
vn 0.000000 -0.070711 -0.070711
vn 0.000000 -0.086603 -0.050000
vn 0.000000 -0.086603 -0.050000
vn 0.000000 -0.096593 -0.025882
vn 0.000000 -0.096593 -0.025882
vn 0.000000 -0.096593 -0.025882
vn 0.000000 -0.096593 -0.025882
vn 0.000000 -0.086603 -0.050000
vn 0.000000 -0.086603 -0.050000
vn 0.000000 -0.070711 -0.070711
vn 0.000000 -0.070711 -0.070711
vn 0.000000 -0.050000 -0.086603
vn 0.000000 -0.050000 -0.086603
vn 0.000000 -0.070711 -0.070711
vn 0.000000 -0.086603 -0.050000
vn 0.000000 -0.096593 -0.025882
vn 0.000000 -0.086603 -0.050000
vn 0.000000 -0.096593 -0.025882
vn 0.000000 -0.096593 -0.025882
vn 0.000000 -0.070711 -0.070711
vn 0.000000 -0.050000 -0.086603
vn 0.000000 -0.025882 -0.096593
vn 0.000000 -0.050000 -0.086603
vn 0.000000 -0.025882 -0.096593
vn 0.000000 -0.025882 -0.096593
vn 0.000000 -0.050000 -0.086603
vn 0.000000 -0.070711 -0.070711
vn 0.000000 -0.086603 -0.050000
vn 0.000000 -0.096593 -0.025882
vn 0.000000 -0.096593 -0.025882
vn 0.000000 -0.096593 -0.025882
vn 0.000000 -0.096593 -0.025882
vn 0.000000 -0.086603 -0.050000
vn 0.000000 -0.086603 -0.050000
vn 0.000000 -0.070711 -0.070711
vn 0.000000 -0.070711 -0.070711
vn 0.000000 -0.050000 -0.086603
vn 0.000000 -0.050000 -0.086603
vn 0.000000 -0.025882 -0.096593
vn 0.000000 -0.025882 -0.096593
vn 0.000000 0.000000 -0.100000
vn 0.000000 -0.025882 -0.096593
vn 0.000000 -0.025882 -0.096593
vn 0.000000 -0.050000 -0.086603
vn 0.000000 -0.050000 -0.086603
vn 0.000000 -0.070711 -0.070711
vn 0.000000 -0.070711 -0.070711
vn 0.000000 -0.086603 -0.050000
vn 0.000000 -0.086603 -0.050000
vn 0.000000 -0.070711 -0.070711
vn 0.000000 -0.050000 -0.086603
vn 0.000000 -0.025882 -0.096593
vn 0.000000 0.000000 -0.100000
vn 0.000000 -0.050000 -0.086603
vn 0.000000 -0.025882 -0.096593
vn 0.000000 -0.025882 -0.096593
vn 0.000000 -0.070711 -0.070711
vn 0.000000 -0.086603 -0.050000
vn 0.000000 -0.096593 -0.025882
vn 0.000000 -0.086603 -0.050000
vn 0.000000 -0.096593 -0.025882
vn 0.000000 -0.096593 -0.025882
vn 0.000000 -0.086603 -0.050000
vn 0.000000 -0.070711 -0.070711
vn 0.000000 -0.050000 -0.086603
vn 0.000000 0.000000 -0.100000
vn 0.000000 0.000000 -0.100000
vn 0.000000 0.000000 -0.100000
vn 0.000000 0.000000 -0.100000
vn 0.000000 0.000000 -0.100000
vn 0.000000 0.000000 -0.100000
vn 0.000000 0.000000 -0.100000
vn 0.000000 0.000000 -0.100000
vn 0.000000 0.000000 -0.100000
vn 0.000000 0.000000 -0.100000
vn 0.000000 0.000000 -0.100000
vn 0.000000 0.000000 -0.100000
vn 0.000000 0.000000 -0.100000
vn 0.000000 0.000000 -0.100000
vn 0.000000 0.000000 -0.100000
vn 0.000000 0.000000 -0.100000
vn 0.000000 0.000000 -0.100000
vn 0.000000 0.000000 -0.100000
vn 0.000000 0.000000 -0.100000
vn 0.000000 0.000000 -0.100000
vn 0.000000 0.000000 -0.100000
vn 0.000000 0.000000 -0.100000
vn 0.000000 0.000000 -0.100000
vn 0.000000 0.000000 -0.100000
vn 0.000000 0.000000 -0.100000
vn 0.000000 0.000000 -0.100000
vn 0.000000 0.000000 -0.100000
vn 0.000000 0.000000 -0.100000
vn 0.000000 0.000000 -0.100000
vn 0.000000 0.000000 -0.100000
vn 0.000000 0.000000 -0.100000
vn 0.000000 0.000000 -0.100000
vn 0.000000 0.000000 -0.100000
vn 0.000000 0.000000 -0.100000
vn 0.000000 0.000000 -0.100000
vn 0.000000 0.000000 -0.100000
vn 0.000000 0.000000 -0.100000
vn 0.000000 0.000000 -0.100000
vn 0.000000 0.000000 -0.100000
vn 0.000000 0.000000 -0.100000
vn 0.000000 0.000000 -0.100000
vn 0.000000 0.000000 -0.100000
vn 0.000000 0.000000 -0.100000
vn 0.000000 0.000000 -0.100000
vn 0.000000 0.000000 -0.100000
vn 0.000000 0.000000 -0.100000
vn 0.000000 0.000000 -0.100000
vn 0.000000 0.000000 -0.100000
vn 0.070711 0.000000 0.070711
vn 0.070711 0.000000 0.070711
vn 0.070711 0.000000 0.070711
vn 0.070711 0.000000 0.070711
vn -0.000000 -0.000000 0.100000
vn -0.000000 -0.000000 0.100000
vn -0.000000 -0.000000 0.100000
vn -0.000000 -0.000000 0.100000
vn 0.070711 0.000000 0.070711
vn 0.070711 0.000000 0.070711
vn 0.070711 0.000000 0.070711
vn 0.070711 0.000000 0.070711
vn -0.070711 -0.000000 0.070711
vn -0.070711 -0.000000 0.070711
vn -0.070711 -0.000000 0.070711
vn -0.070711 -0.000000 0.070711
vn -0.070711 -0.000000 0.070711
vn -0.070711 -0.000000 0.070711
vn -0.070711 -0.000000 0.070711
vn -0.070711 -0.000000 0.070711
vn -0.000000 -0.000000 0.100000
vn -0.000000 -0.000000 0.100000
vn -0.000000 -0.000000 0.100000
vn -0.000000 -0.000000 0.100000
vn -0.070711 -0.000000 0.070711
vn -0.070711 -0.000000 0.070711
vn -0.070711 -0.000000 0.070711
vn -0.070711 -0.000000 0.070711
vn -0.070711 -0.000000 0.070711
vn -0.070711 -0.000000 0.070711
vn -0.070711 -0.000000 0.070711
vn -0.070711 -0.000000 0.070711
vn -0.000000 -0.000000 0.100000
vn -0.000000 -0.000000 0.100000
vn -0.000000 -0.000000 0.100000
vn -0.000000 -0.000000 0.100000
vn 0.070711 0.000000 0.070711
vn 0.070711 0.000000 0.070711
vn 0.070711 0.000000 0.070711
vn 0.070711 0.000000 0.070711
vn -0.000000 -0.000000 0.100000
vn -0.000000 -0.000000 0.100000
vn -0.000000 -0.000000 0.100000
vn -0.000000 -0.000000 0.100000
vn 0.070711 0.000000 0.070711
vn 0.070711 0.000000 0.070711
vn 0.070711 0.000000 0.070711
vn 0.070711 0.000000 0.070711
vn -0.000000 0.100000 0.000000
vn -0.000000 0.100000 0.000000
vn -0.000000 0.100000 0.000000
vn -0.000000 0.100000 0.000000
vn -0.100000 -0.000000 -0.000000
vn -0.100000 -0.000000 -0.000000
vn -0.100000 -0.000000 -0.000000
vn -0.100000 -0.000000 -0.000000
vn 0.000000 -0.100000 -0.000000
vn 0.000000 -0.100000 -0.000000
vn 0.000000 -0.100000 -0.000000
vn 0.000000 -0.100000 -0.000000
vn 0.100000 0.000000 0.000000
vn 0.100000 0.000000 0.000000
vn 0.100000 0.000000 0.000000
vn 0.100000 0.000000 0.000000
vn -0.000000 0.100000 0.000000
vn -0.000000 0.100000 0.000000
vn -0.000000 0.100000 0.000000
vn -0.000000 0.100000 0.000000
vn -0.100000 -0.000000 -0.000000
vn -0.100000 -0.000000 -0.000000
vn -0.100000 -0.000000 -0.000000
vn -0.100000 -0.000000 -0.000000
vn 0.000000 -0.100000 -0.000000
vn 0.000000 -0.100000 -0.000000
vn 0.000000 -0.100000 -0.000000
vn 0.000000 -0.100000 -0.000000
vn 0.100000 0.000000 0.000000
vn 0.100000 0.000000 0.000000
vn 0.100000 0.000000 0.000000
vn 0.100000 0.000000 0.000000
vn 0.025882 -0.096593 -0.000000
vn 0.025882 -0.096593 -0.000000
vn 0.000000 -0.100000 -0.000000
vn 0.000000 -0.100000 -0.000000
vn -0.025882 -0.096593 -0.000000
vn -0.025882 -0.096593 -0.000000
vn -0.050000 -0.086603 -0.000000
vn -0.050000 -0.086603 -0.000000
vn -0.070711 -0.070711 -0.000000
vn -0.070711 -0.070711 -0.000000
vn -0.086603 -0.050000 -0.000000
vn -0.086603 -0.050000 -0.000000
vn -0.096593 -0.025882 -0.000000
vn -0.096593 -0.025882 -0.000000
vn -0.100000 -0.000000 -0.000000
vn -0.100000 -0.000000 -0.000000
vn -0.096593 0.025882 -0.000000
vn -0.096593 0.025882 -0.000000
vn -0.086603 0.050000 -0.000000
vn -0.086603 0.050000 -0.000000
vn -0.070711 0.070711 -0.000000
vn -0.070711 0.070711 -0.000000
vn -0.050000 0.086603 -0.000000
vn -0.050000 0.086603 -0.000000
vn -0.025882 0.096593 0.000000
vn -0.025882 0.096593 0.000000
vn 0.000000 0.100000 0.000000
vn 0.000000 0.100000 0.000000
vn 0.025882 0.096593 0.000000
vn 0.025882 0.096593 0.000000
vn 0.050000 0.086603 0.000000
vn 0.050000 0.086603 0.000000
vn 0.070711 0.070711 0.000000
vn 0.070711 0.070711 0.000000
vn 0.086603 0.050000 0.000000
vn 0.086603 0.050000 0.000000
vn 0.096593 0.025882 0.000000
vn 0.096593 0.025882 0.000000
vn 0.100000 -0.000000 0.000000
vn 0.100000 -0.000000 0.000000
vn 0.096593 -0.025882 0.000000
vn 0.096593 -0.025882 0.000000
vn 0.086603 -0.050000 0.000000
vn 0.086603 -0.050000 0.000000
vn 0.070711 -0.070711 0.000000
vn 0.070711 -0.070711 0.000000
vn 0.050000 -0.086603 0.000000
vn 0.050000 -0.086603 0.000000
vn 0.025882 -0.096593 -0.000000
vn 0.025882 -0.096593 -0.000000
vn 0.000000 -0.100000 -0.000000
vn 0.000000 -0.100000 -0.000000
vn -0.025882 -0.096593 -0.000000
vn -0.025882 -0.096593 -0.000000
vn -0.050000 -0.086603 -0.000000
vn -0.050000 -0.086603 -0.000000
vn -0.070711 -0.070711 -0.000000
vn -0.070711 -0.070711 -0.000000
vn -0.086603 -0.050000 -0.000000
vn -0.086603 -0.050000 -0.000000
vn -0.096593 -0.025882 -0.000000
vn -0.096593 -0.025882 -0.000000
vn -0.100000 -0.000000 -0.000000
vn -0.100000 -0.000000 -0.000000
vn -0.096593 0.025882 -0.000000
vn -0.096593 0.025882 -0.000000
vn -0.086603 0.050000 -0.000000
vn -0.086603 0.050000 -0.000000
vn -0.070711 0.070711 -0.000000
vn -0.070711 0.070711 -0.000000
vn -0.050000 0.086603 -0.000000
vn -0.050000 0.086603 -0.000000
vn -0.025882 0.096593 0.000000
vn -0.025882 0.096593 0.000000
vn -0.000000 0.100000 0.000000
vn -0.000000 0.100000 0.000000
vn 0.025882 0.096593 0.000000
vn 0.025882 0.096593 0.000000
vn 0.050000 0.086603 0.000000
vn 0.050000 0.086603 0.000000
vn 0.070711 0.070711 0.000000
vn 0.070711 0.070711 0.000000
vn 0.086603 0.050000 0.000000
vn 0.086603 0.050000 0.000000
vn 0.096593 0.025882 0.000000
vn 0.096593 0.025882 0.000000
vn 0.100000 -0.000000 0.000000
vn 0.100000 -0.000000 0.000000
vn 0.096593 -0.025882 0.000000
vn 0.096593 -0.025882 0.000000
vn 0.086603 -0.050000 0.000000
vn 0.086603 -0.050000 0.000000
vn 0.070711 -0.070711 0.000000
vn 0.070711 -0.070711 0.000000
vn 0.050000 -0.086603 0.000000
vn 0.050000 -0.086603 0.000000
vn -0.025882 0.096593 0.000000
vn -0.025882 0.096593 0.000000
vn -0.000000 0.100000 0.000000
vn -0.000000 0.100000 0.000000
vn 0.025882 0.096593 0.000000
vn 0.025882 0.096593 0.000000
vn 0.050000 0.086603 0.000000
vn 0.050000 0.086603 0.000000
vn 0.070711 0.070711 0.000000
vn 0.070711 0.070711 0.000000
vn 0.086603 0.050000 0.000000
vn 0.086603 0.050000 0.000000
vn 0.096593 0.025882 0.000000
vn 0.096593 0.025882 0.000000
vn 0.100000 -0.000000 0.000000
vn 0.100000 -0.000000 0.000000
vn 0.096593 -0.025882 0.000000
vn 0.096593 -0.025882 0.000000
vn 0.086603 -0.050000 0.000000
vn 0.086603 -0.050000 0.000000
vn 0.070711 -0.070711 0.000000
vn 0.070711 -0.070711 0.000000
vn 0.050000 -0.086603 0.000000
vn 0.050000 -0.086603 0.000000
vn 0.025882 -0.096593 -0.000000
vn 0.025882 -0.096593 -0.000000
vn 0.000000 -0.100000 -0.000000
vn 0.000000 -0.100000 -0.000000
vn -0.025882 -0.096593 -0.000000
vn -0.025882 -0.096593 -0.000000
vn -0.050000 -0.086603 -0.000000
vn -0.050000 -0.086603 -0.000000
vn -0.070711 -0.070711 -0.000000
vn -0.070711 -0.070711 -0.000000
vn -0.086603 -0.050000 -0.000000
vn -0.086603 -0.050000 -0.000000
vn -0.096593 -0.025882 -0.000000
vn -0.096593 -0.025882 -0.000000
vn -0.100000 -0.000000 -0.000000
vn -0.100000 -0.000000 -0.000000
vn -0.096593 0.025882 -0.000000
vn -0.096593 0.025882 -0.000000
vn -0.086603 0.050000 -0.000000
vn -0.086603 0.050000 -0.000000
vn -0.070711 0.070711 -0.000000
vn -0.070711 0.070711 -0.000000
vn -0.050000 0.086603 -0.000000
vn -0.050000 0.086603 -0.000000
vn -0.025882 0.096593 0.000000
vn -0.025882 0.096593 0.000000
vn -0.000000 0.100000 0.000000
vn -0.000000 0.100000 0.000000
vn 0.025882 0.096593 0.000000
vn 0.025882 0.096593 0.000000
vn 0.050000 0.086603 0.000000
vn 0.050000 0.086603 0.000000
vn 0.070711 0.070711 0.000000
vn 0.070711 0.070711 0.000000
vn 0.086603 0.050000 0.000000
vn 0.086603 0.050000 0.000000
vn 0.096593 0.025882 0.000000
vn 0.096593 0.025882 0.000000
vn 0.100000 -0.000000 0.000000
vn 0.100000 -0.000000 0.000000
vn 0.096593 -0.025882 0.000000
vn 0.096593 -0.025882 0.000000
vn 0.086603 -0.050000 0.000000
vn 0.086603 -0.050000 0.000000
vn 0.070711 -0.070711 0.000000
vn 0.070711 -0.070711 0.000000
vn 0.050000 -0.086603 0.000000
vn 0.050000 -0.086603 0.000000
vn 0.025882 -0.096593 -0.000000
vn 0.025882 -0.096593 -0.000000
vn 0.000000 -0.100000 -0.000000
vn 0.000000 -0.100000 -0.000000
vn -0.025882 -0.096593 -0.000000
vn -0.025882 -0.096593 -0.000000
vn -0.050000 -0.086603 -0.000000
vn -0.050000 -0.086603 -0.000000
vn -0.070711 -0.070711 -0.000000
vn -0.070711 -0.070711 -0.000000
vn -0.086603 -0.050000 -0.000000
vn -0.086603 -0.050000 -0.000000
vn -0.096593 -0.025882 -0.000000
vn -0.096593 -0.025882 -0.000000
vn -0.100000 -0.000000 -0.000000
vn -0.100000 -0.000000 -0.000000
vn -0.096593 0.025882 -0.000000
vn -0.096593 0.025882 -0.000000
vn -0.086603 0.050000 -0.000000
vn -0.086603 0.050000 -0.000000
vn -0.070711 0.070711 -0.000000
vn -0.070711 0.070711 -0.000000
vn -0.050000 0.086603 -0.000000
vn -0.050000 0.086603 -0.000000
vn -0.000000 -0.000000 0.100000
vn -0.000000 -0.000000 0.100000
vn -0.000000 -0.000000 0.100000
vn -0.000000 -0.000000 0.100000
vn -0.000000 -0.000000 0.100000
vn -0.000000 -0.000000 0.100000
vn -0.000000 -0.000000 0.100000
vn -0.000000 -0.000000 0.100000
vn -0.000000 -0.000000 0.100000
vn -0.000000 -0.000000 0.100000
vn -0.000000 -0.000000 0.100000
vn -0.000000 -0.000000 0.100000
vn -0.000000 -0.000000 0.100000
vn -0.000000 -0.000000 0.100000
vn -0.000000 -0.000000 0.100000
vn -0.000000 -0.000000 0.100000
vn -0.000000 -0.000000 0.100000
vn -0.000000 -0.000000 0.100000
vn -0.000000 -0.000000 0.100000
vn -0.000000 -0.000000 0.100000
vn -0.000000 -0.000000 0.100000
vn -0.000000 -0.000000 0.100000
vn -0.000000 -0.000000 0.100000
vn -0.000000 -0.000000 0.100000
vn -0.000000 -0.000000 0.100000
vn -0.000000 -0.000000 0.100000
vn -0.000000 -0.000000 0.100000
vn -0.000000 -0.000000 0.100000
vn -0.000000 -0.000000 0.100000
vn -0.000000 -0.000000 0.100000
vn -0.000000 -0.000000 0.100000
vn -0.000000 -0.000000 0.100000
vn -0.000000 -0.000000 0.100000
vn -0.000000 -0.000000 0.100000
vn -0.000000 -0.000000 0.100000
vn -0.000000 -0.000000 0.100000
vn -0.000000 -0.000000 0.100000
vn -0.000000 -0.000000 0.100000
vn -0.000000 -0.000000 0.100000
vn -0.000000 -0.000000 0.100000
vn -0.000000 -0.000000 0.100000
vn -0.000000 -0.000000 0.100000
vn -0.000000 -0.000000 0.100000
vn -0.000000 -0.000000 0.100000
vn -0.000000 -0.000000 0.100000
vn -0.000000 -0.000000 0.100000
vn -0.000000 -0.000000 0.100000
vn -0.000000 -0.000000 0.100000
vn -0.000000 -0.000000 0.100000
vn -0.000000 -0.000000 0.100000
vn -0.000000 -0.000000 0.100000
vn -0.000000 -0.000000 0.100000
vn -0.000000 -0.000000 0.100000
vn -0.000000 -0.000000 0.100000
vn -0.000000 -0.000000 0.100000
vn -0.000000 -0.000000 0.100000
vn -0.000000 -0.000000 0.100000
vn -0.000000 -0.000000 0.100000
vn -0.000000 -0.000000 0.100000
vn -0.000000 -0.000000 0.100000
vn -0.000000 -0.000000 0.100000
vn -0.000000 -0.000000 0.100000
vn -0.000000 -0.000000 0.100000
vn -0.000000 -0.000000 0.100000
vn -0.000000 -0.000000 0.100000
vn -0.000000 -0.000000 0.100000
vn -0.000000 -0.000000 0.100000
vn -0.000000 -0.000000 0.100000
vn -0.000000 -0.000000 0.100000
vn -0.000000 -0.000000 0.100000
vn -0.000000 -0.000000 0.100000
vn -0.000000 -0.000000 0.100000
vn -0.000000 -0.000000 0.100000
vn -0.000000 -0.000000 0.100000
vn -0.000000 -0.000000 0.100000
vn -0.000000 -0.000000 0.100000
vn -0.000000 -0.000000 0.100000
vn -0.000000 -0.000000 0.100000
vn -0.000000 -0.000000 0.100000
vn -0.000000 -0.000000 0.100000
vn -0.000000 -0.000000 0.100000
vn -0.000000 -0.000000 0.100000
vn -0.000000 -0.000000 0.100000
vn -0.000000 -0.000000 0.100000
vn -0.000000 -0.000000 0.100000
vn -0.000000 -0.000000 0.100000
vn -0.000000 -0.000000 0.100000
vn -0.000000 -0.000000 0.100000
vn -0.000000 -0.000000 0.100000
vn -0.000000 -0.000000 0.100000
vn -0.000000 -0.000000 0.100000
vn -0.000000 -0.000000 0.100000
vn -0.000000 -0.000000 0.100000
vn -0.000000 -0.000000 0.100000
vn -0.000000 -0.000000 0.100000
vn -0.000000 -0.000000 0.100000
f 124/245/241 113/246/242 119/247/243
f 119/247/243 113/246/242 114/248/244
f 119/247/243 114/248/244 115/249/245
f 115/249/245 116/250/246 119/247/243
f 119/247/243 116/250/246 118/251/247
f 118/251/247 116/250/246 117/252/248
f 119/247/243 120/253/249 124/245/241
f 124/245/241 120/253/249 123/254/250
f 123/254/250 120/253/249 121/255/251
f 123/254/250 121/255/251 122/256/252
f 125/257/253 126/258/254 117/259/255
f 117/259/255 126/258/254 118/260/256
f 128/261/257 174/262/258 127/263/259
f 127/263/259 174/262/258 151/264/260
f 127/265/259 151/266/260 150/267/261
f 150/267/261 151/266/260 152/268/262
f 150/267/261 152/268/262 149/269/263
f 149/269/263 152/268/262 153/270/264
f 149/269/263 153/270/264 148/271/265
f 148/271/265 153/270/264 154/272/266
f 148/271/265 154/272/266 147/273/267
f 147/273/267 154/272/266 155/274/268
f 147/273/267 155/274/268 146/275/269
f 146/275/269 155/274/268 156/276/270
f 146/275/269 156/276/270 145/277/271
f 145/277/271 156/276/270 157/278/272
f 145/277/271 157/278/272 144/279/273
f 144/279/273 157/278/272 158/280/274
f 144/279/273 158/280/274 143/281/275
f 143/281/275 158/280/274 159/282/276
f 143/281/275 159/282/276 142/283/277
f 142/283/277 159/282/276 160/284/278
f 142/283/277 160/284/278 141/285/279
f 141/285/279 160/284/278 161/286/280
f 141/285/279 161/286/280 140/287/281
f 140/287/281 161/286/280 162/288/282
f 140/287/281 162/288/282 139/289/283
f 139/289/283 162/288/282 163/290/284
f 139/289/283 163/290/284 138/291/285
f 138/291/285 163/290/284 164/292/286
f 138/291/285 164/292/286 137/293/287
f 137/293/287 164/292/286 165/294/288
f 137/293/287 165/294/288 136/295/289
f 136/295/289 165/294/288 166/296/290
f 136/295/289 166/296/290 135/297/291
f 135/297/291 166/296/290 167/298/292
f 135/297/291 167/298/292 134/299/293
f 134/299/293 167/298/292 168/300/294
f 134/299/293 168/300/294 133/301/295
f 133/301/295 168/300/294 169/302/296
f 133/301/295 169/302/296 132/303/297
f 132/303/297 169/302/296 170/304/298
f 132/303/297 170/304/298 131/305/299
f 131/305/299 170/304/298 171/306/300
f 131/305/299 171/306/300 130/307/301
f 130/307/301 171/306/300 172/308/302
f 130/307/301 172/308/302 129/309/303
f 129/309/303 172/308/302 173/310/304
f 129/309/303 173/310/304 128/261/257
f 128/261/257 173/310/304 174/262/258
f 176/311/305 222/312/306 175/313/307
f 175/313/307 222/312/306 199/314/308
f 175/315/307 199/316/308 198/317/309
f 198/317/309 199/316/308 200/318/310
f 198/317/309 200/318/310 197/319/311
f 197/319/311 200/318/310 201/320/312
f 197/319/311 201/320/312 196/321/313
f 196/321/313 201/320/312 202/322/314
f 196/321/313 202/322/314 195/323/315
f 195/323/315 202/322/314 203/324/316
f 195/323/315 203/324/316 194/325/317
f 194/325/317 203/324/316 204/326/318
f 194/325/317 204/326/318 193/327/319
f 193/327/319 204/326/318 205/328/320
f 193/327/319 205/328/320 192/329/321
f 192/329/321 205/328/320 206/330/322
f 192/329/321 206/330/322 191/331/323
f 191/331/323 206/330/322 207/332/324
f 191/331/323 207/332/324 190/333/325
f 190/333/325 207/332/324 208/334/326
f 190/333/325 208/334/326 189/335/327
f 189/335/327 208/334/326 209/336/328
f 189/335/327 209/336/328 188/337/329
f 188/337/329 209/336/328 210/338/330
f 188/337/329 210/338/330 187/339/331
f 187/339/331 210/338/330 211/340/332
f 187/339/331 211/340/332 186/341/333
f 186/341/333 211/340/332 212/342/334
f 186/341/333 212/342/334 185/343/335
f 185/343/335 212/342/334 213/344/336
f 185/343/335 213/344/336 184/345/337
f 184/345/337 213/344/336 214/346/338
f 184/345/337 214/346/338 183/347/339
f 183/347/339 214/346/338 215/348/340
f 183/347/339 215/348/340 182/349/341
f 182/349/341 215/348/340 216/350/342
f 182/349/341 216/350/342 181/351/343
f 181/351/343 216/350/342 217/352/344
f 181/351/343 217/352/344 180/353/345
f 180/353/345 217/352/344 218/354/346
f 180/353/345 218/354/346 179/355/347
f 179/355/347 218/354/346 219/356/348
f 179/355/347 219/356/348 178/357/349
f 178/357/349 219/356/348 220/358/350
f 178/357/349 220/358/350 177/359/351
f 177/359/351 220/358/350 221/360/352
f 177/359/351 221/360/352 176/311/305
f 176/311/305 221/360/352 222/312/306
f 121/361/353 120/362/354 224/363/355
f 224/363/355 120/362/354 223/364/356
f 122/365/357 121/366/358 225/367/359
f 225/367/359 121/366/358 224/368/360
f 123/369/361 122/370/362 226/371/363
f 226/371/363 122/370/362 225/372/364
f 123/373/365 171/374/366 124/375/367
f 124/375/367 171/374/366 170/376/368
f 124/375/367 170/376/368 169/377/369
f 226/378/370 199/379/371 123/373/365
f 123/373/365 199/379/371 222/380/372
f 123/373/365 222/380/372 221/381/373
f 227/382/374 207/383/375 226/378/370
f 226/378/370 207/383/375 206/384/376
f 226/378/370 206/384/376 205/385/377
f 124/375/367 163/386/378 227/382/374
f 227/382/374 163/386/378 162/387/379
f 227/382/374 162/387/379 161/388/380
f 174/389/381 212/390/382 151/391/383
f 151/391/383 212/390/382 211/392/384
f 151/391/383 211/392/384 152/393/385
f 152/393/385 211/392/384 210/394/386
f 152/393/385 210/394/386 153/395/387
f 153/395/387 210/394/386 209/396/388
f 153/395/387 209/396/388 154/397/389
f 154/397/389 209/396/388 208/398/390
f 154/397/389 208/398/390 155/399/391
f 155/399/391 208/398/390 207/383/375
f 155/399/391 207/383/375 227/382/374
f 212/390/382 174/389/381 213/400/392
f 213/400/392 174/389/381 173/401/393
f 213/400/392 173/401/393 214/402/394
f 214/402/394 173/401/393 172/403/395
f 214/402/394 172/403/395 215/404/396
f 215/404/396 172/403/395 171/374/366
f 215/404/396 171/374/366 123/373/365
f 169/377/369 168/405/397 124/375/367
f 124/375/367 168/405/397 167/406/398
f 124/375/367 167/406/398 166/407/399
f 166/407/399 165/408/400 124/375/367
f 124/375/367 165/408/400 164/409/401
f 124/375/367 164/409/401 163/386/378
f 161/388/380 160/410/402 227/382/374
f 227/382/374 160/410/402 159/411/403
f 227/382/374 159/411/403 158/412/404
f 158/412/404 157/413/405 227/382/374
f 227/382/374 157/413/405 156/414/406
f 227/382/374 156/414/406 155/399/391
f 221/381/373 220/415/407 123/373/365
f 123/373/365 220/415/407 219/416/408
f 123/373/365 219/416/408 218/417/409
f 218/417/409 217/418/410 123/373/365
f 123/373/365 217/418/410 216/419/411
f 123/373/365 216/419/411 215/404/396
f 205/385/377 204/420/412 226/378/370
f 226/378/370 204/420/412 203/421/413
f 226/378/370 203/421/413 202/422/414
f 202/422/414 201/423/415 226/378/370
f 226/378/370 201/423/415 200/424/416
f 226/378/370 200/424/416 199/379/371
f 113/425/417 124/426/418 228/427/419
f 228/427/419 124/426/418 227/428/420
f 119/429/421 118/430/422 229/431/423
f 229/431/423 118/430/422 126/432/424
f 119/433/425 182/434/426 120/435/427
f 120/435/427 182/434/426 181/436/428
f 120/435/427 181/436/428 180/437/429
f 229/438/430 139/439/431 119/433/425
f 119/433/425 139/439/431 138/440/432
f 119/433/425 138/440/432 137/441/433
f 223/442/434 146/443/435 229/438/430
f 229/438/430 146/443/435 145/444/436
f 229/438/430 145/444/436 144/445/437
f 120/435/427 175/446/438 223/442/434
f 223/442/434 175/446/438 198/447/439
f 223/442/434 198/447/439 197/448/440
f 150/449/441 188/450/442 127/451/443
f 127/451/443 188/450/442 187/452/444
f 127/451/443 187/452/444 128/453/445
f 128/453/445 187/452/444 186/454/446
f 128/453/445 186/454/446 129/455/447
f 129/455/447 186/454/446 185/456/448
f 129/455/447 185/456/448 130/457/449
f 130/457/449 185/456/448 184/458/450
f 130/457/449 184/458/450 131/459/451
f 131/459/451 184/458/450 183/460/452
f 131/459/451 183/460/452 132/461/453
f 132/461/453 183/460/452 182/434/426
f 132/461/453 182/434/426 119/433/425
f 188/450/442 150/449/441 189/462/454
f 189/462/454 150/449/441 149/463/455
f 189/462/454 149/463/455 190/464/456
f 190/464/456 149/463/455 148/465/457
f 190/464/456 148/465/457 191/466/458
f 191/466/458 148/465/457 147/467/459
f 191/466/458 147/467/459 192/468/460
f 192/468/460 147/467/459 146/443/435
f 192/468/460 146/443/435 223/442/434
f 144/445/437 143/469/461 229/438/430
f 229/438/430 143/469/461 142/470/462
f 229/438/430 142/470/462 141/471/463
f 141/471/463 140/472/464 229/438/430
f 229/438/430 140/472/464 139/439/431
f 137/441/433 136/473/465 119/433/425
f 119/433/425 136/473/465 135/474/466
f 119/433/425 135/474/466 134/475/467
f 134/475/467 133/476/468 119/433/425
f 119/433/425 133/476/468 132/461/453
f 197/448/440 196/477/469 223/442/434
f 223/442/434 196/477/469 195/478/470
f 223/442/434 195/478/470 194/479/471
f 194/479/471 193/480/472 223/442/434
f 223/442/434 193/480/472 192/468/460
f 180/437/429 179/481/473 120/435/427
f 120/435/427 179/481/473 178/482/474
f 120/435/427 178/482/474 177/483/475
f 177/483/475 176/484/476 120/435/427
f 120/435/427 176/484/476 175/446/438
f 231/485/477 229/486/478 230/487/479
f 230/487/479 229/486/478 126/488/480
f 230/487/479 126/488/480 125/489/481
f 231/485/477 232/490/482 229/486/478
f 229/486/478 232/490/482 228/491/483
f 229/486/478 228/491/483 227/492/484
f 227/492/484 226/493/485 229/486/478
f 229/486/478 226/493/485 223/494/486
f 223/494/486 226/493/485 224/495/487
f 224/495/487 226/493/485 225/496/488
f 116/497/489 115/498/490 246/499/491
f 246/499/491 115/498/490 245/500/492
f 245/500/492 115/498/490 264/501/493
f 245/500/492 264/501/493 244/502/494
f 244/502/494 264/501/493 288/503/495
f 244/502/494 288/503/495 243/504/496
f 243/504/496 288/503/495 310/505/497
f 243/504/496 310/505/497 242/506/498
f 242/506/498 310/505/497 332/507/499
f 242/506/498 332/507/499 241/508/500
f 241/508/500 332/507/499 354/509/501
f 241/508/500 354/509/501 240/510/502
f 240/510/502 354/509/501 353/511/503
f 240/510/502 353/511/503 352/512/504
f 352/512/504 353/511/503 330/513/505
f 352/512/504 330/513/505 329/514/506
f 329/514/506 330/513/505 307/515/507
f 329/514/506 307/515/507 306/516/508
f 306/516/508 307/515/507 284/517/509
f 306/516/508 284/517/509 283/518/510
f 283/518/510 284/517/509 259/519/511
f 283/518/510 259/519/511 258/520/512
f 258/520/512 259/519/511 115/498/490
f 258/520/512 115/498/490 257/521/513
f 257/521/513 115/498/490 256/522/514
f 257/521/513 256/522/514 281/523/515
f 281/523/515 256/522/514 280/524/516
f 281/523/515 280/524/516 303/525/517
f 303/525/517 280/524/516 302/526/518
f 303/525/517 302/526/518 325/527/519
f 325/527/519 302/526/518 324/528/520
f 325/527/519 324/528/520 347/529/521
f 347/529/521 324/528/520 346/530/522
f 347/529/521 346/530/522 240/510/502
f 240/510/502 346/530/522 345/531/523
f 240/510/502 345/531/523 344/532/524
f 344/532/524 345/531/523 322/533/525
f 344/532/524 322/533/525 321/534/526
f 321/534/526 322/533/525 299/535/527
f 321/534/526 299/535/527 298/536/528
f 298/536/528 299/535/527 276/537/529
f 298/536/528 276/537/529 275/538/530
f 275/538/530 276/537/529 251/539/531
f 275/538/530 251/539/531 250/540/532
f 250/540/532 251/539/531 115/498/490
f 250/540/532 115/498/490 249/541/533
f 249/541/533 115/498/490 248/542/534
f 249/541/533 248/542/534 273/543/535
f 273/543/535 248/542/534 272/544/536
f 273/543/535 272/544/536 295/545/537
f 295/545/537 272/544/536 294/546/538
f 295/545/537 294/546/538 317/547/539
f 317/547/539 294/546/538 316/548/540
f 317/547/539 316/548/540 339/549/541
f 339/549/541 316/548/540 338/550/542
f 339/549/541 338/550/542 239/551/543
f 239/551/543 338/550/542 337/552/544
f 239/551/543 337/552/544 336/553/545
f 336/553/545 337/552/544 314/554/546
f 336/553/545 314/554/546 313/555/547
f 313/555/547 314/554/546 291/556/548
f 313/555/547 291/556/548 290/557/549
f 290/557/549 291/556/548 268/558/550
f 290/557/549 268/558/550 267/559/551
f 267/559/551 268/558/550 266/560/552
f 267/559/551 266/560/552 234/561/553
f 234/561/553 266/560/552 233/562/554
f 233/562/554 266/560/552 265/563/555
f 233/562/554 265/563/555 231/564/556
f 231/564/556 265/563/555 232/565/557
f 232/565/557 265/563/555 228/566/558
f 228/566/558 265/563/555 268/558/550
f 228/566/558 268/558/550 269/567/559
f 269/567/559 268/558/550 291/556/548
f 269/567/559 291/556/548 292/568/560
f 292/568/560 291/556/548 314/554/546
f 292/568/560 314/554/546 315/569/561
f 315/569/561 314/554/546 337/552/544
f 315/569/561 337/552/544 338/550/542
f 248/542/534 115/498/490 247/570/562
f 247/570/562 115/498/490 114/571/563
f 247/570/562 114/571/563 113/572/564
f 228/566/558 269/567/559 113/572/564
f 113/572/564 269/567/559 270/573/565
f 113/572/564 270/573/565 271/574/566
f 271/574/566 270/573/565 293/575/567
f 271/574/566 293/575/567 294/546/538
f 294/546/538 293/575/567 316/548/540
f 231/564/556 230/576/568 233/562/554
f 234/561/553 235/577/569 267/559/551
f 267/559/551 235/577/569 289/578/570
f 267/559/551 289/578/570 290/557/549
f 290/557/549 289/578/570 312/579/571
f 290/557/549 312/579/571 313/555/547
f 313/555/547 312/579/571 335/580/572
f 313/555/547 335/580/572 336/553/545
f 336/553/545 335/580/572 239/551/543
f 235/577/569 236/581/573 289/578/570
f 289/578/570 236/581/573 311/582/574
f 289/578/570 311/582/574 312/579/571
f 312/579/571 311/582/574 334/583/575
f 312/579/571 334/583/575 335/580/572
f 335/580/572 334/583/575 239/551/543
f 236/581/573 237/584/576 311/582/574
f 311/582/574 237/584/576 333/585/577
f 311/582/574 333/585/577 334/583/575
f 334/583/575 333/585/577 239/551/543
f 237/584/576 238/586/578 333/585/577
f 333/585/577 238/586/578 239/551/543
f 240/510/502 343/587/579 239/551/543
f 239/551/543 343/587/579 342/588/580
f 239/551/543 342/588/580 341/589/581
f 341/589/581 342/588/580 319/590/582
f 341/589/581 319/590/582 318/591/583
f 318/591/583 319/590/582 296/592/584
f 318/591/583 296/592/584 295/545/537
f 295/545/537 296/592/584 273/543/535
f 272/544/536 248/542/534 247/570/562
f 250/540/532 249/541/533 274/593/585
f 274/593/585 249/541/533 273/543/535
f 274/593/585 273/543/535 296/592/584
f 251/539/531 252/594/586 115/498/490
f 115/498/490 252/594/586 253/595/587
f 115/498/490 253/595/587 254/596/588
f 254/596/588 253/595/587 278/597/589
f 254/596/588 278/597/589 279/598/590
f 279/598/590 278/597/589 301/599/591
f 279/598/590 301/599/591 302/526/518
f 302/526/518 301/599/591 324/528/520
f 251/539/531 276/537/529 252/594/586
f 252/594/586 276/537/529 277/600/592
f 252/594/586 277/600/592 253/595/587
f 253/595/587 277/600/592 278/597/589
f 256/522/514 115/498/490 255/601/593
f 255/601/593 115/498/490 254/596/588
f 255/601/593 254/596/588 279/598/590
f 280/524/516 256/522/514 255/601/593
f 280/524/516 255/601/593 279/598/590
f 258/520/512 257/521/513 282/602/594
f 282/602/594 257/521/513 281/523/515
f 282/602/594 281/523/515 304/603/595
f 304/603/595 281/523/515 303/525/517
f 304/603/595 303/525/517 326/604/596
f 326/604/596 303/525/517 325/527/519
f 326/604/596 325/527/519 348/605/597
f 348/605/597 325/527/519 347/529/521
f 348/605/597 347/529/521 240/510/502
f 259/519/511 260/606/598 115/498/490
f 115/498/490 260/606/598 261/607/599
f 115/498/490 261/607/599 262/608/600
f 262/608/600 261/607/599 286/609/601
f 262/608/600 286/609/601 287/610/602
f 287/610/602 286/609/601 309/611/603
f 287/610/602 309/611/603 310/505/497
f 310/505/497 309/611/603 332/507/499
f 259/519/511 284/517/509 260/606/598
f 260/606/598 284/517/509 285/612/604
f 260/606/598 285/612/604 261/607/599
f 261/607/599 285/612/604 286/609/601
f 264/501/493 115/498/490 263/613/605
f 263/613/605 115/498/490 262/608/600
f 263/613/605 262/608/600 287/610/602
f 288/503/495 264/501/493 263/613/605
f 288/503/495 263/613/605 287/610/602
f 265/563/555 266/560/552 268/558/550
f 247/570/562 113/572/564 271/574/566
f 293/575/567 270/573/565 292/568/560
f 292/568/560 270/573/565 269/567/559
f 294/546/538 272/544/536 271/574/566
f 271/574/566 272/544/536 247/570/562
f 250/540/532 274/593/585 275/538/530
f 275/538/530 274/593/585 297/614/606
f 275/538/530 297/614/606 298/536/528
f 298/536/528 297/614/606 320/615/607
f 298/536/528 320/615/607 321/534/526
f 321/534/526 320/615/607 343/587/579
f 321/534/526 343/587/579 344/532/524
f 344/532/524 343/587/579 240/510/502
f 297/614/606 274/593/585 296/592/584
f 276/537/529 299/535/527 277/600/592
f 277/600/592 299/535/527 300/616/608
f 277/600/592 300/616/608 278/597/589
f 278/597/589 300/616/608 301/599/591
f 302/526/518 280/524/516 279/598/590
f 258/520/512 282/602/594 283/518/510
f 283/518/510 282/602/594 305/617/609
f 283/518/510 305/617/609 306/516/508
f 306/516/508 305/617/609 328/618/610
f 306/516/508 328/618/610 329/514/506
f 329/514/506 328/618/610 351/619/611
f 329/514/506 351/619/611 352/512/504
f 352/512/504 351/619/611 240/510/502
f 305/617/609 282/602/594 304/603/595
f 284/517/509 307/515/507 285/612/604
f 285/612/604 307/515/507 308/620/612
f 285/612/604 308/620/612 286/609/601
f 286/609/601 308/620/612 309/611/603
f 310/505/497 288/503/495 287/610/602
f 316/548/540 293/575/567 315/569/561
f 315/569/561 293/575/567 292/568/560
f 318/591/583 295/545/537 317/547/539
f 320/615/607 297/614/606 319/590/582
f 319/590/582 297/614/606 296/592/584
f 299/535/527 322/533/525 300/616/608
f 300/616/608 322/533/525 323/621/613
f 300/616/608 323/621/613 301/599/591
f 301/599/591 323/621/613 324/528/520
f 305/617/609 304/603/595 327/622/614
f 327/622/614 304/603/595 326/604/596
f 327/622/614 326/604/596 349/623/615
f 349/623/615 326/604/596 348/605/597
f 349/623/615 348/605/597 240/510/502
f 307/515/507 330/513/505 308/620/612
f 308/620/612 330/513/505 331/624/616
f 308/620/612 331/624/616 309/611/603
f 309/611/603 331/624/616 332/507/499
f 338/550/542 316/548/540 315/569/561
f 318/591/583 317/547/539 340/625/617
f 340/625/617 317/547/539 339/549/541
f 340/625/617 339/549/541 239/551/543
f 343/587/579 320/615/607 342/588/580
f 342/588/580 320/615/607 319/590/582
f 346/530/522 324/528/520 323/621/613
f 346/530/522 323/621/613 345/531/523
f 345/531/523 323/621/613 322/533/525
f 305/617/609 327/622/614 328/618/610
f 328/618/610 327/622/614 350/626/618
f 328/618/610 350/626/618 351/619/611
f 351/619/611 350/626/618 240/510/502
f 350/626/618 327/622/614 349/623/615
f 354/509/501 332/507/499 331/624/616
f 354/509/501 331/624/616 353/511/503
f 353/511/503 331/624/616 330/513/505
f 239/551/543 341/589/581 340/625/617
f 340/625/617 341/589/581 318/591/583
f 240/510/502 350/626/618 349/623/615
f 356/627/619 369/628/620 355/629/621
f 355/629/621 369/628/620 370/630/622
f 355/629/621 370/630/622 371/631/623
f 371/631/623 370/630/622 415/632/624
f 371/631/623 415/632/624 416/633/625
f 416/633/625 415/632/624 460/634/626
f 416/633/625 460/634/626 461/635/627
f 461/635/627 460/634/626 505/636/628
f 461/635/627 505/636/628 506/637/629
f 506/637/629 505/636/628 550/638/630
f 506/637/629 550/638/630 551/639/631
f 551/639/631 550/638/630 361/640/632
f 551/639/631 361/640/632 552/641/633
f 552/641/633 361/640/632 553/642/634
f 552/641/633 553/642/634 508/643/635
f 508/643/635 553/642/634 509/644/636
f 508/643/635 509/644/636 464/645/637
f 464/645/637 509/644/636 465/646/638
f 464/645/637 465/646/638 420/647/639
f 420/647/639 465/646/638 421/648/640
f 420/647/639 421/648/640 376/649/641
f 376/649/641 421/648/640 377/650/642
f 376/649/641 377/650/642 355/629/621
f 355/629/621 377/650/642 378/651/643
f 355/629/621 378/651/643 379/652/644
f 379/652/644 378/651/643 423/653/645
f 379/652/644 423/653/645 424/654/646
f 424/654/646 423/653/645 468/655/647
f 424/654/646 468/655/647 469/656/648
f 469/656/648 468/655/647 513/657/649
f 469/656/648 513/657/649 514/658/650
f 514/658/650 513/657/649 558/659/651
f 514/658/650 558/659/651 559/660/652
f 559/660/652 558/659/651 361/640/632
f 559/660/652 361/640/632 560/661/653
f 560/661/653 361/640/632 561/662/654
f 560/661/653 561/662/654 516/663/655
f 516/663/655 561/662/654 517/664/656
f 516/663/655 517/664/656 472/665/657
f 472/665/657 517/664/656 473/666/658
f 472/665/657 473/666/658 428/667/659
f 428/667/659 473/666/658 429/668/660
f 428/667/659 429/668/660 384/669/661
f 384/669/661 429/668/660 385/670/662
f 384/669/661 385/670/662 355/629/621
f 355/629/621 385/670/662 386/671/663
f 355/629/621 386/671/663 387/672/664
f 387/672/664 386/671/663 431/673/665
f 387/672/664 431/673/665 432/674/666
f 432/674/666 431/673/665 476/675/667
f 432/674/666 476/675/667 477/676/668
f 477/676/668 476/675/667 521/677/669
f 477/676/668 521/677/669 522/678/670
f 522/678/670 521/677/669 566/679/671
f 522/678/670 566/679/671 567/680/672
f 567/680/672 566/679/671 362/681/673
f 567/680/672 362/681/673 568/682/674
f 568/682/674 362/681/673 569/683/675
f 568/682/674 569/683/675 524/684/676
f 524/684/676 569/683/675 525/685/677
f 524/684/676 525/685/677 480/686/678
f 480/686/678 525/685/677 481/687/679
f 480/686/678 481/687/679 436/688/680
f 436/688/680 481/687/679 437/689/681
f 436/688/680 437/689/681 392/690/682
f 392/690/682 437/689/681 393/691/683
f 392/690/682 393/691/683 368/692/684
f 368/692/684 393/691/683 394/693/685
f 368/692/684 394/693/685 395/694/686
f 395/694/686 394/693/685 439/695/687
f 395/694/686 439/695/687 440/696/688
f 440/696/688 439/695/687 484/697/689
f 440/696/688 484/697/689 485/698/690
f 485/698/690 484/697/689 529/699/691
f 485/698/690 529/699/691 530/700/692
f 530/700/692 529/699/691 574/701/693
f 530/700/692 574/701/693 575/702/694
f 575/702/694 574/701/693 362/681/673
f 575/702/694 362/681/673 576/703/695
f 576/703/695 362/681/673 577/704/696
f 576/703/695 577/704/696 532/705/697
f 532/705/697 577/704/696 533/706/698
f 532/705/697 533/706/698 488/707/699
f 488/707/699 533/706/698 489/708/700
f 488/707/699 489/708/700 444/709/701
f 444/709/701 489/708/700 445/710/702
f 444/709/701 445/710/702 400/711/703
f 400/711/703 445/710/702 401/712/704
f 400/711/703 401/712/704 368/692/684
f 368/692/684 401/712/704 402/713/705
f 368/692/684 402/713/705 403/714/706
f 403/714/706 402/713/705 447/715/707
f 403/714/706 447/715/707 448/716/708
f 448/716/708 447/715/707 492/717/709
f 448/716/708 492/717/709 493/718/710
f 493/718/710 492/717/709 537/719/711
f 493/718/710 537/719/711 538/720/712
f 538/720/712 537/719/711 582/721/713
f 538/720/712 582/721/713 583/722/714
f 583/722/714 582/721/713 362/681/673
f 583/722/714 362/681/673 584/723/715
f 584/723/715 362/681/673 585/724/716
f 584/723/715 585/724/716 540/725/717
f 540/725/717 585/724/716 541/726/718
f 540/725/717 541/726/718 496/727/719
f 496/727/719 541/726/718 497/728/720
f 496/727/719 497/728/720 452/729/721
f 452/729/721 497/728/720 453/730/722
f 452/729/721 453/730/722 408/731/723
f 408/731/723 453/730/722 409/732/724
f 408/731/723 409/732/724 368/692/684
f 368/692/684 409/732/724 410/733/725
f 368/692/684 410/733/725 411/734/726
f 411/734/726 410/733/725 455/735/727
f 411/734/726 455/735/727 456/736/728
f 456/736/728 455/735/727 500/737/729
f 456/736/728 500/737/729 365/738/730
f 365/738/730 500/737/729 364/739/731
f 364/739/731 500/737/729 544/740/732
f 364/739/731 544/740/732 363/741/733
f 363/741/733 544/740/732 588/742/734
f 363/741/733 588/742/734 362/681/673
f 362/681/673 588/742/734 587/743/735
f 362/681/673 587/743/735 586/744/736
f 586/744/736 587/743/735 542/745/737
f 586/744/736 542/745/737 541/726/718
f 541/726/718 542/745/737 497/728/720
f 369/628/620 356/627/619 413/746/738
f 413/746/738 356/627/619 357/747/739
f 413/746/738 357/747/739 457/748/740
f 457/748/740 357/747/739 358/749/741
f 457/748/740 358/749/741 501/750/742
f 501/750/742 358/749/741 359/751/743
f 501/750/742 359/751/743 545/752/744
f 545/752/744 359/751/743 360/753/745
f 545/752/744 360/753/745 361/640/632
f 362/681/673 566/679/671 361/640/632
f 361/640/632 566/679/671 565/754/746
f 361/640/632 565/754/746 564/755/747
f 564/755/747 565/754/746 520/756/748
f 564/755/747 520/756/748 519/757/749
f 519/757/749 520/756/748 475/758/750
f 519/757/749 475/758/750 474/759/751
f 474/759/751 475/758/750 430/760/752
f 474/759/751 430/760/752 429/668/660
f 429/668/660 430/760/752 385/670/662
f 365/738/730 366/761/753 456/736/728
f 456/736/728 366/761/753 412/762/754
f 456/736/728 412/762/754 411/734/726
f 411/734/726 412/762/754 368/692/684
f 366/761/753 367/763/755 412/762/754
f 412/762/754 367/763/755 368/692/684
f 392/690/682 368/692/684 391/764/756
f 391/764/756 368/692/684 355/629/621
f 391/764/756 355/629/621 390/765/757
f 390/765/757 355/629/621 389/766/758
f 390/765/757 389/766/758 434/767/759
f 434/767/759 389/766/758 433/768/760
f 434/767/759 433/768/760 478/769/761
f 478/769/761 433/768/760 477/676/668
f 478/769/761 477/676/668 522/678/670
f 370/630/622 369/628/620 414/770/762
f 414/770/762 369/628/620 413/746/738
f 414/770/762 413/746/738 458/771/763
f 458/771/763 413/746/738 457/748/740
f 458/771/763 457/748/740 502/772/764
f 502/772/764 457/748/740 501/750/742
f 502/772/764 501/750/742 546/773/765
f 546/773/765 501/750/742 545/752/744
f 546/773/765 545/752/744 361/640/632
f 371/631/623 372/774/766 355/629/621
f 355/629/621 372/774/766 373/775/767
f 355/629/621 373/775/767 374/776/768
f 374/776/768 373/775/767 418/777/769
f 374/776/768 418/777/769 419/778/770
f 419/778/770 418/777/769 463/779/771
f 419/778/770 463/779/771 464/645/637
f 464/645/637 463/779/771 508/643/635
f 371/631/623 416/633/625 372/774/766
f 372/774/766 416/633/625 417/780/772
f 372/774/766 417/780/772 373/775/767
f 373/775/767 417/780/772 418/777/769
f 376/649/641 355/629/621 375/781/773
f 375/781/773 355/629/621 374/776/768
f 375/781/773 374/776/768 419/778/770
f 420/647/639 376/649/641 375/781/773
f 420/647/639 375/781/773 419/778/770
f 378/651/643 377/650/642 422/782/774
f 422/782/774 377/650/642 421/648/640
f 422/782/774 421/648/640 466/783/775
f 466/783/775 421/648/640 465/646/638
f 466/783/775 465/646/638 510/784/776
f 510/784/776 465/646/638 509/644/636
f 510/784/776 509/644/636 554/785/777
f 554/785/777 509/644/636 553/642/634
f 554/785/777 553/642/634 361/640/632
f 379/652/644 380/786/778 355/629/621
f 355/629/621 380/786/778 381/787/779
f 355/629/621 381/787/779 382/788/780
f 382/788/780 381/787/779 426/789/781
f 382/788/780 426/789/781 427/790/782
f 427/790/782 426/789/781 471/791/783
f 427/790/782 471/791/783 472/665/657
f 472/665/657 471/791/783 516/663/655
f 379/652/644 424/654/646 380/786/778
f 380/786/778 424/654/646 425/792/784
f 380/786/778 425/792/784 381/787/779
f 381/787/779 425/792/784 426/789/781
f 384/669/661 355/629/621 383/793/785
f 383/793/785 355/629/621 382/788/780
f 383/793/785 382/788/780 427/790/782
f 428/667/659 384/669/661 383/793/785
f 428/667/659 383/793/785 427/790/782
f 431/673/665 386/671/663 430/760/752
f 430/760/752 386/671/663 385/670/662
f 389/766/758 355/629/621 388/794/786
f 388/794/786 355/629/621 387/672/664
f 388/794/786 387/672/664 432/674/666
f 433/768/760 389/766/758 388/794/786
f 433/768/760 388/794/786 432/674/666
f 436/688/680 392/690/682 391/764/756
f 391/764/756 390/765/757 435/795/787
f 435/795/787 390/765/757 434/767/759
f 435/795/787 434/767/759 479/796/788
f 479/796/788 434/767/759 478/769/761
f 479/796/788 478/769/761 523/797/789
f 523/797/789 478/769/761 522/678/670
f 523/797/789 522/678/670 567/680/672
f 394/693/685 393/691/683 438/798/790
f 438/798/790 393/691/683 437/689/681
f 438/798/790 437/689/681 482/799/791
f 482/799/791 437/689/681 481/687/679
f 482/799/791 481/687/679 526/800/792
f 526/800/792 481/687/679 525/685/677
f 526/800/792 525/685/677 570/801/793
f 570/801/793 525/685/677 569/683/675
f 570/801/793 569/683/675 362/681/673
f 395/694/686 396/802/794 368/692/684
f 368/692/684 396/802/794 397/803/795
f 368/692/684 397/803/795 398/804/796
f 398/804/796 397/803/795 442/805/797
f 398/804/796 442/805/797 443/806/798
f 443/806/798 442/805/797 487/807/799
f 443/806/798 487/807/799 488/707/699
f 488/707/699 487/807/799 532/705/697
f 395/694/686 440/696/688 396/802/794
f 396/802/794 440/696/688 441/808/800
f 396/802/794 441/808/800 397/803/795
f 397/803/795 441/808/800 442/805/797
f 400/711/703 368/692/684 399/809/801
f 399/809/801 368/692/684 398/804/796
f 399/809/801 398/804/796 443/806/798
f 444/709/701 400/711/703 399/809/801
f 444/709/701 399/809/801 443/806/798
f 402/713/705 401/712/704 446/810/802
f 446/810/802 401/712/704 445/710/702
f 446/810/802 445/710/702 490/811/803
f 490/811/803 445/710/702 489/708/700
f 490/811/803 489/708/700 534/812/804
f 534/812/804 489/708/700 533/706/698
f 534/812/804 533/706/698 578/813/805
f 578/813/805 533/706/698 577/704/696
f 578/813/805 577/704/696 362/681/673
f 403/714/706 404/814/806 368/692/684
f 368/692/684 404/814/806 405/815/807
f 368/692/684 405/815/807 406/816/808
f 406/816/808 405/815/807 450/817/809
f 406/816/808 450/817/809 451/818/810
f 451/818/810 450/817/809 495/819/811
f 451/818/810 495/819/811 496/727/719
f 496/727/719 495/819/811 540/725/717
f 403/714/706 448/716/708 404/814/806
f 404/814/806 448/716/708 449/820/812
f 404/814/806 449/820/812 405/815/807
f 405/815/807 449/820/812 450/817/809
f 408/731/723 368/692/684 407/821/813
f 407/821/813 368/692/684 406/816/808
f 407/821/813 406/816/808 451/818/810
f 452/729/721 408/731/723 407/821/813
f 452/729/721 407/821/813 451/818/810
f 410/733/725 409/732/724 454/822/814
f 454/822/814 409/732/724 453/730/722
f 454/822/814 453/730/722 498/823/815
f 498/823/815 453/730/722 497/728/720
f 498/823/815 497/728/720 542/745/737
f 370/630/622 414/770/762 415/632/624
f 415/632/624 414/770/762 459/824/816
f 415/632/624 459/824/816 460/634/626
f 460/634/626 459/824/816 504/825/817
f 460/634/626 504/825/817 505/636/628
f 505/636/628 504/825/817 549/826/818
f 505/636/628 549/826/818 550/638/630
f 550/638/630 549/826/818 361/640/632
f 459/824/816 414/770/762 458/771/763
f 416/633/625 461/635/627 417/780/772
f 417/780/772 461/635/627 462/827/819
f 417/780/772 462/827/819 418/777/769
f 418/777/769 462/827/819 463/779/771
f 464/645/637 420/647/639 419/778/770
f 378/651/643 422/782/774 423/653/645
f 423/653/645 422/782/774 467/828/820
f 423/653/645 467/828/820 468/655/647
f 468/655/647 467/828/820 512/829/821
f 468/655/647 512/829/821 513/657/649
f 513/657/649 512/829/821 557/830/822
f 513/657/649 557/830/822 558/659/651
f 558/659/651 557/830/822 361/640/632
f 467/828/820 422/782/774 466/783/775
f 424/654/646 469/656/648 425/792/784
f 425/792/784 469/656/648 470/831/823
f 425/792/784 470/831/823 426/789/781
f 426/789/781 470/831/823 471/791/783
f 472/665/657 428/667/659 427/790/782
f 474/759/751 429/668/660 473/666/658
f 476/675/667 431/673/665 475/758/750
f 475/758/750 431/673/665 430/760/752
f 477/676/668 433/768/760 432/674/666
f 480/686/678 436/688/680 435/795/787
f 435/795/787 436/688/680 391/764/756
f 480/686/678 435/795/787 479/796/788
f 394/693/685 438/798/790 439/695/687
f 439/695/687 438/798/790 483/832/824
f 439/695/687 483/832/824 484/697/689
f 484/697/689 483/832/824 528/833/825
f 484/697/689 528/833/825 529/699/691
f 529/699/691 528/833/825 573/834/826
f 529/699/691 573/834/826 574/701/693
f 574/701/693 573/834/826 362/681/673
f 483/832/824 438/798/790 482/799/791
f 440/696/688 485/698/690 441/808/800
f 441/808/800 485/698/690 486/835/827
f 441/808/800 486/835/827 442/805/797
f 442/805/797 486/835/827 487/807/799
f 488/707/699 444/709/701 443/806/798
f 402/713/705 446/810/802 447/715/707
f 447/715/707 446/810/802 491/836/828
f 447/715/707 491/836/828 492/717/709
f 492/717/709 491/836/828 536/837/829
f 492/717/709 536/837/829 537/719/711
f 537/719/711 536/837/829 581/838/830
f 537/719/711 581/838/830 582/721/713
f 582/721/713 581/838/830 362/681/673
f 491/836/828 446/810/802 490/811/803
f 448/716/708 493/718/710 449/820/812
f 449/820/812 493/718/710 494/839/831
f 449/820/812 494/839/831 450/817/809
f 450/817/809 494/839/831 495/819/811
f 496/727/719 452/729/721 451/818/810
f 410/733/725 454/822/814 455/735/727
f 455/735/727 454/822/814 499/840/832
f 455/735/727 499/840/832 500/737/729
f 500/737/729 499/840/832 544/740/732
f 499/840/832 454/822/814 498/823/815
f 459/824/816 458/771/763 503/841/833
f 503/841/833 458/771/763 502/772/764
f 503/841/833 502/772/764 547/842/834
f 547/842/834 502/772/764 546/773/765
f 547/842/834 546/773/765 361/640/632
f 461/635/627 506/637/629 462/827/819
f 462/827/819 506/637/629 507/843/835
f 462/827/819 507/843/835 463/779/771
f 463/779/771 507/843/835 508/643/635
f 467/828/820 466/783/775 511/844/836
f 511/844/836 466/783/775 510/784/776
f 511/844/836 510/784/776 555/845/837
f 555/845/837 510/784/776 554/785/777
f 555/845/837 554/785/777 361/640/632
f 469/656/648 514/658/650 470/831/823
f 470/831/823 514/658/650 515/846/838
f 470/831/823 515/846/838 471/791/783
f 471/791/783 515/846/838 516/663/655
f 474/759/751 473/666/658 518/847/839
f 518/847/839 473/666/658 517/664/656
f 518/847/839 517/664/656 562/848/840
f 562/848/840 517/664/656 561/662/654
f 562/848/840 561/662/654 361/640/632
f 521/677/669 476/675/667 520/756/748
f 520/756/748 476/675/667 475/758/750
f 524/684/676 480/686/678 479/796/788
f 524/684/676 479/796/788 523/797/789
f 483/832/824 482/799/791 527/849/841
f 527/849/841 482/799/791 526/800/792
f 527/849/841 526/800/792 571/850/842
f 571/850/842 526/800/792 570/801/793
f 571/850/842 570/801/793 362/681/673
f 485/698/690 530/700/692 486/835/827
f 486/835/827 530/700/692 531/851/843
f 486/835/827 531/851/843 487/807/799
f 487/807/799 531/851/843 532/705/697
f 491/836/828 490/811/803 535/852/844
f 535/852/844 490/811/803 534/812/804
f 535/852/844 534/812/804 579/853/845
f 579/853/845 534/812/804 578/813/805
f 579/853/845 578/813/805 362/681/673
f 493/718/710 538/720/712 494/839/831
f 494/839/831 538/720/712 539/854/846
f 494/839/831 539/854/846 495/819/811
f 495/819/811 539/854/846 540/725/717
f 499/840/832 498/823/815 543/855/847
f 543/855/847 498/823/815 542/745/737
f 543/855/847 542/745/737 587/743/735
f 459/824/816 503/841/833 504/825/817
f 504/825/817 503/841/833 548/856/848
f 504/825/817 548/856/848 549/826/818
f 549/826/818 548/856/848 361/640/632
f 548/856/848 503/841/833 547/842/834
f 552/641/633 508/643/635 507/843/835
f 552/641/633 507/843/835 551/639/631
f 551/639/631 507/843/835 506/637/629
f 467/828/820 511/844/836 512/829/821
f 512/829/821 511/844/836 556/857/849
f 512/829/821 556/857/849 557/830/822
f 557/830/822 556/857/849 361/640/632
f 556/857/849 511/844/836 555/845/837
f 560/661/653 516/663/655 515/846/838
f 560/661/653 515/846/838 559/660/652
f 559/660/652 515/846/838 514/658/650
f 474/759/751 518/847/839 519/757/749
f 519/757/749 518/847/839 563/858/850
f 519/757/749 563/858/850 564/755/747
f 564/755/747 563/858/850 361/640/632
f 563/858/850 518/847/839 562/848/840
f 566/679/671 521/677/669 565/754/746
f 565/754/746 521/677/669 520/756/748
f 568/682/674 524/684/676 523/797/789
f 568/682/674 523/797/789 567/680/672
f 483/832/824 527/849/841 528/833/825
f 528/833/825 527/849/841 572/859/851
f 528/833/825 572/859/851 573/834/826
f 573/834/826 572/859/851 362/681/673
f 572/859/851 527/849/841 571/850/842
f 576/703/695 532/705/697 531/851/843
f 576/703/695 531/851/843 575/702/694
f 575/702/694 531/851/843 530/700/692
f 491/836/828 535/852/844 536/837/829
f 536/837/829 535/852/844 580/860/852
f 536/837/829 580/860/852 581/838/830
f 581/838/830 580/860/852 362/681/673
f 580/860/852 535/852/844 579/853/845
f 584/723/715 540/725/717 539/854/846
f 584/723/715 539/854/846 583/722/714
f 583/722/714 539/854/846 538/720/712
f 586/744/736 541/726/718 585/724/716
f 588/742/734 544/740/732 543/855/847
f 543/855/847 544/740/732 499/840/832
f 588/742/734 543/855/847 587/743/735
f 361/640/632 548/856/848 547/842/834
f 361/640/632 556/857/849 555/845/837
f 361/640/632 563/858/850 562/848/840
f 362/681/673 572/859/851 571/850/842
f 362/681/673 580/860/852 579/853/845
f 362/681/673 586/744/736 585/724/716
f 361/861/632 598/862/853 362/863/673
f 362/863/673 598/862/853 599/864/854
f 362/863/673 599/864/854 600/865/855
f 589/866/856 591/867/857 361/861/632
f 361/861/632 591/867/857 592/868/858
f 361/861/632 592/868/858 593/869/859
f 589/866/856 590/870/860 591/867/857
f 594/871/861 597/872/862 593/869/859
f 593/869/859 597/872/862 598/862/853
f 593/869/859 598/862/853 361/861/632
f 594/871/861 595/873/863 597/872/862
f 597/872/862 595/873/863 596/874/864
f 601/875/865 602/876/866 600/865/855
f 600/865/855 602/876/866 362/863/673
f 604/877/867 617/878/868 603/879/869
f 603/879/869 617/878/868 618/880/870
f 603/879/869 618/880/870 619/881/871
f 619/881/871 618/880/870 641/882/872
f 619/881/871 641/882/872 642/883/873
f 642/883/873 641/882/872 664/884/874
f 642/883/873 664/884/874 665/885/875
f 665/885/875 664/884/874 687/886/876
f 665/885/875 687/886/876 688/887/877
f 688/887/877 687/886/876 710/888/878
f 688/887/877 710/888/878 711/889/879
f 711/889/879 710/888/878 609/890/880
f 711/889/879 609/890/880 712/891/881
f 712/891/881 609/890/880 713/892/882
f 712/891/881 713/892/882 690/893/883
f 690/893/883 713/892/882 691/894/884
f 690/893/883 691/894/884 668/895/885
f 668/895/885 691/894/884 669/896/886
f 668/895/885 669/896/886 646/897/887
f 646/897/887 669/896/886 647/898/888
f 646/897/887 647/898/888 624/899/889
f 624/899/889 647/898/888 625/900/890
f 624/899/889 625/900/890 603/879/869
f 603/879/869 625/900/890 626/901/891
f 603/879/869 626/901/891 627/902/892
f 627/902/892 626/901/891 649/903/893
f 627/902/892 649/903/893 650/904/894
f 650/904/894 649/903/893 672/905/895
f 650/904/894 672/905/895 673/906/896
f 673/906/896 672/905/895 695/907/897
f 673/906/896 695/907/897 696/908/898
f 696/908/898 695/907/897 718/909/899
f 696/908/898 718/909/899 719/910/900
f 719/910/900 718/909/899 610/911/901
f 719/910/900 610/911/901 720/912/902
f 720/912/902 610/911/901 721/913/903
f 720/912/902 721/913/903 698/914/904
f 698/914/904 721/913/903 699/915/905
f 698/914/904 699/915/905 676/916/906
f 676/916/906 699/915/905 677/917/907
f 676/916/906 677/917/907 654/918/908
f 654/918/908 677/917/907 655/919/909
f 654/918/908 655/919/909 632/920/910
f 632/920/910 655/919/909 633/921/911
f 632/920/910 633/921/911 616/922/912
f 616/922/912 633/921/911 634/923/913
f 616/922/912 634/923/913 635/924/914
f 635/924/914 634/923/913 657/925/915
f 635/924/914 657/925/915 658/926/916
f 658/926/916 657/925/915 680/927/917
f 658/926/916 680/927/917 681/928/918
f 681/928/918 680/927/917 703/929/919
f 681/928/918 703/929/919 704/930/920
f 704/930/920 703/929/919 726/931/921
f 704/930/920 726/931/921 611/932/922
f 611/932/922 726/931/921 610/911/901
f 610/911/901 726/931/921 725/933/923
f 610/911/901 725/933/923 724/934/924
f 724/934/924 725/933/923 702/935/925
f 724/934/924 702/935/925 701/936/926
f 701/936/926 702/935/925 679/937/927
f 701/936/926 679/937/927 678/938/928
f 678/938/928 679/937/927 656/939/929
f 678/938/928 656/939/929 655/919/909
f 655/919/909 656/939/929 633/921/911
f 617/878/868 604/877/867 639/940/930
f 639/940/930 604/877/867 605/941/931
f 639/940/930 605/941/931 661/942/932
f 661/942/932 605/941/931 606/943/933
f 661/942/932 606/943/933 683/944/934
f 683/944/934 606/943/933 607/945/935
f 683/944/934 607/945/935 705/946/936
f 705/946/936 607/945/935 608/947/937
f 705/946/936 608/947/937 609/890/880
f 610/911/901 715/948/938 609/890/880
f 609/890/880 715/948/938 714/949/939
f 609/890/880 714/949/939 713/892/882
f 713/892/882 714/949/939 691/894/884
f 611/932/922 612/950/940 704/930/920
f 704/930/920 612/950/940 682/951/941
f 704/930/920 682/951/941 681/928/918
f 681/928/918 682/951/941 659/952/942
f 681/928/918 659/952/942 658/926/916
f 658/926/916 659/952/942 636/953/943
f 658/926/916 636/953/943 635/924/914
f 635/924/914 636/953/943 616/922/912
f 612/950/940 613/954/944 682/951/941
f 682/951/941 613/954/944 660/955/945
f 682/951/941 660/955/945 659/952/942
f 659/952/942 660/955/945 637/956/946
f 659/952/942 637/956/946 636/953/943
f 636/953/943 637/956/946 616/922/912
f 613/954/944 614/957/947 660/955/945
f 660/955/945 614/957/947 638/958/948
f 660/955/945 638/958/948 637/956/946
f 637/956/946 638/958/948 616/922/912
f 614/957/947 615/959/949 638/958/948
f 638/958/948 615/959/949 616/922/912
f 603/879/869 628/960/950 616/922/912
f 616/922/912 628/960/950 629/961/951
f 616/922/912 629/961/951 630/962/952
f 630/962/952 629/961/951 652/963/953
f 630/962/952 652/963/953 653/964/954
f 653/964/954 652/963/953 675/965/955
f 653/964/954 675/965/955 676/916/906
f 676/916/906 675/965/955 698/914/904
f 618/880/870 617/878/868 640/966/956
f 640/966/956 617/878/868 639/940/930
f 640/966/956 639/940/930 662/967/957
f 662/967/957 639/940/930 661/942/932
f 662/967/957 661/942/932 684/968/958
f 684/968/958 661/942/932 683/944/934
f 684/968/958 683/944/934 706/969/959
f 706/969/959 683/944/934 705/946/936
f 706/969/959 705/946/936 609/890/880
f 619/881/871 620/970/960 603/879/869
f 603/879/869 620/970/960 621/971/961
f 603/879/869 621/971/961 622/972/962
f 622/972/962 621/971/961 644/973/963
f 622/972/962 644/973/963 645/974/964
f 645/974/964 644/973/963 667/975/965
f 645/974/964 667/975/965 668/895/885
f 668/895/885 667/975/965 690/893/883
f 619/881/871 642/883/873 620/970/960
f 620/970/960 642/883/873 643/976/966
f 620/970/960 643/976/966 621/971/961
f 621/971/961 643/976/966 644/973/963
f 624/899/889 603/879/869 623/977/967
f 623/977/967 603/879/869 622/972/962
f 623/977/967 622/972/962 645/974/964
f 646/897/887 624/899/889 623/977/967
f 646/897/887 623/977/967 645/974/964
f 628/960/950 603/879/869 627/902/892
f 626/901/891 625/900/890 648/978/968
f 648/978/968 625/900/890 647/898/888
f 648/978/968 647/898/888 670/979/969
f 670/979/969 647/898/888 669/896/886
f 670/979/969 669/896/886 692/980/970
f 692/980/970 669/896/886 691/894/884
f 692/980/970 691/894/884 714/949/939
f 627/902/892 650/904/894 628/960/950
f 628/960/950 650/904/894 651/981/971
f 628/960/950 651/981/971 629/961/951
f 629/961/951 651/981/971 652/963/953
f 632/920/910 616/922/912 631/982/972
f 631/982/972 616/922/912 630/962/952
f 631/982/972 630/962/952 653/964/954
f 654/918/908 632/920/910 631/982/972
f 654/918/908 631/982/972 653/964/954
f 657/925/915 634/923/913 656/939/929
f 656/939/929 634/923/913 633/921/911
f 618/880/870 640/966/956 641/882/872
f 641/882/872 640/966/956 663/983/973
f 641/882/872 663/983/973 664/884/874
f 664/884/874 663/983/973 686/984/974
f 664/884/874 686/984/974 687/886/876
f 687/886/876 686/984/974 709/985/975
f 687/886/876 709/985/975 710/888/878
f 710/888/878 709/985/975 609/890/880
f 663/983/973 640/966/956 662/967/957
f 642/883/873 665/885/875 643/976/966
f 643/976/966 665/885/875 666/986/976
f 643/976/966 666/986/976 644/973/963
f 644/973/963 666/986/976 667/975/965
f 668/895/885 646/897/887 645/974/964
f 626/901/891 648/978/968 649/903/893
f 649/903/893 648/978/968 671/987/977
f 649/903/893 671/987/977 672/905/895
f 672/905/895 671/987/977 694/988/978
f 672/905/895 694/988/978 695/907/897
f 695/907/897 694/988/978 717/989/979
f 695/907/897 717/989/979 718/909/899
f 718/909/899 717/989/979 610/911/901
f 671/987/977 648/978/968 670/979/969
f 650/904/894 673/906/896 651/981/971
f 651/981/971 673/906/896 674/990/980
f 651/981/971 674/990/980 652/963/953
f 652/963/953 674/990/980 675/965/955
f 676/916/906 654/918/908 653/964/954
f 678/938/928 655/919/909 677/917/907
f 680/927/917 657/925/915 679/937/927
f 679/937/927 657/925/915 656/939/929
f 663/983/973 662/967/957 685/991/981
f 685/991/981 662/967/957 684/968/958
f 685/991/981 684/968/958 707/992/982
f 707/992/982 684/968/958 706/969/959
f 707/992/982 706/969/959 609/890/880
f 665/885/875 688/887/877 666/986/976
f 666/986/976 688/887/877 689/993/983
f 666/986/976 689/993/983 667/975/965
f 667/975/965 689/993/983 690/893/883
f 671/987/977 670/979/969 693/994/984
f 693/994/984 670/979/969 692/980/970
f 693/994/984 692/980/970 715/948/938
f 715/948/938 692/980/970 714/949/939
f 673/906/896 696/908/898 674/990/980
f 674/990/980 696/908/898 697/995/985
f 674/990/980 697/995/985 675/965/955
f 675/965/955 697/995/985 698/914/904
f 678/938/928 677/917/907 700/996/986
f 700/996/986 677/917/907 699/915/905
f 700/996/986 699/915/905 722/997/987
f 722/997/987 699/915/905 721/913/903
f 722/997/987 721/913/903 610/911/901
f 703/929/919 680/927/917 702/935/925
f 702/935/925 680/927/917 679/937/927
f 663/983/973 685/991/981 686/984/974
f 686/984/974 685/991/981 708/998/988
f 686/984/974 708/998/988 709/985/975
f 709/985/975 708/998/988 609/890/880
f 708/998/988 685/991/981 707/992/982
f 712/891/881 690/893/883 689/993/983
f 712/891/881 689/993/983 711/889/879
f 711/889/879 689/993/983 688/887/877
f 671/987/977 693/994/984 694/988/978
f 694/988/978 693/994/984 716/999/989
f 694/988/978 716/999/989 717/989/979
f 717/989/979 716/999/989 610/911/901
f 716/999/989 693/994/984 715/948/938
f 720/912/902 698/914/904 697/995/985
f 720/912/902 697/995/985 719/910/900
f 719/910/900 697/995/985 696/908/898
f 678/938/928 700/996/986 701/936/926
f 701/936/926 700/996/986 723/1000/990
f 701/936/926 723/1000/990 724/934/924
f 724/934/924 723/1000/990 610/911/901
f 723/1000/990 700/996/986 722/997/987
f 726/931/921 703/929/919 725/933/923
f 725/933/923 703/929/919 702/935/925
f 609/890/880 708/998/988 707/992/982
f 610/911/901 716/999/989 715/948/938
f 610/911/901 723/1000/990 722/997/987
f 615/1001/991 356/1002/992 616/1003/993
f 616/1003/993 356/1002/992 355/1004/994
f 616/1003/993 355/1004/994 741/1005/995
f 356/1002/992 615/1001/991 357/1006/996
f 357/1006/996 615/1001/991 614/1007/997
f 357/1006/996 614/1007/997 358/1008/998
f 358/1008/998 614/1007/997 359/1009/999
f 359/1009/999 614/1007/997 613/1010/1000
f 359/1009/999 613/1010/1000 360/1011/1001
f 360/1011/1001 613/1010/1000 612/1012/1002
f 360/1011/1001 612/1012/1002 361/1013/1003
f 361/1013/1003 612/1012/1002 611/1014/1004
f 361/1013/1003 611/1014/1004 610/1015/1005
f 361/1013/1003 610/1015/1005 589/1016/1006
f 589/1016/1006 610/1015/1005 727/1017/1007
f 589/1016/1006 727/1017/1007 728/1018/1008
f 728/1018/1008 729/1019/1009 589/1016/1006
f 589/1016/1006 729/1019/1009 760/1020/1010
f 760/1020/1010 729/1019/1009 730/1021/1011
f 760/1020/1010 730/1021/1011 759/1022/1012
f 759/1022/1012 730/1021/1011 731/1023/1013
f 759/1022/1012 731/1023/1013 758/1024/1014
f 758/1024/1014 731/1023/1013 757/1025/1015
f 757/1025/1015 731/1023/1013 732/1026/1016
f 757/1025/1015 732/1026/1016 756/1027/1017
f 756/1027/1017 732/1026/1016 733/1028/1018
f 756/1027/1017 733/1028/1018 755/1029/1019
f 755/1029/1019 733/1028/1018 734/1030/1020
f 755/1029/1019 734/1030/1020 754/1031/1021
f 754/1031/1021 734/1030/1020 753/1032/1022
f 753/1032/1022 734/1030/1020 735/1033/1023
f 753/1032/1022 735/1033/1023 752/1034/1024
f 752/1034/1024 735/1033/1023 736/1035/1025
f 752/1034/1024 736/1035/1025 751/1036/1026
f 751/1036/1026 736/1035/1025 750/1037/1027
f 750/1037/1027 736/1035/1025 737/1038/1028
f 750/1037/1027 737/1038/1028 749/1039/1029
f 749/1039/1029 737/1038/1028 738/1040/1030
f 749/1039/1029 738/1040/1030 748/1041/1031
f 748/1041/1031 738/1040/1030 739/1042/1032
f 748/1041/1031 739/1042/1032 740/1043/1033
f 748/1041/1031 740/1043/1033 747/1044/1034
f 747/1044/1034 740/1043/1033 246/1045/1035
f 747/1044/1034 246/1045/1035 245/1046/1036
f 245/1046/1036 244/1047/1037 747/1044/1034
f 747/1044/1034 244/1047/1037 746/1048/1038
f 746/1048/1038 244/1047/1037 243/1049/1039
f 746/1048/1038 243/1049/1039 745/1050/1040
f 745/1050/1040 243/1049/1039 242/1051/1041
f 745/1050/1040 242/1051/1041 744/1052/1042
f 744/1052/1042 242/1051/1041 743/1053/1043
f 743/1053/1043 242/1051/1041 241/1054/1044
f 743/1053/1043 241/1054/1044 742/1055/1045
f 742/1055/1045 241/1054/1044 240/1056/1046
f 742/1055/1045 240/1056/1046 741/1005/995
f 741/1005/995 240/1056/1046 616/1003/993
f 609/1057/880 765/1058/1047 610/1059/901
f 610/1059/901 765/1058/1047 770/1060/1048
f 610/1059/901 770/1060/1048 771/1061/1049
f 761/1062/1050 763/1063/1051 609/1057/880
f 609/1057/880 763/1063/1051 764/1064/1052
f 609/1057/880 764/1064/1052 765/1058/1047
f 761/1062/1050 762/1065/1053 763/1063/1051
f 765/1058/1047 766/1066/1054 770/1060/1048
f 770/1060/1048 766/1066/1054 769/1067/1055
f 769/1067/1055 766/1066/1054 767/1068/1056
f 769/1067/1055 767/1068/1056 768/1069/1057
f 771/1061/1049 772/1070/1058 610/1059/901
f 610/1059/901 772/1070/1058 727/1071/1059
f 727/1071/1059 772/1070/1058 773/1072/1060
f 775/1073/1061 780/1074/1062 774/1075/1063
f 774/1075/1063 780/1074/1062 781/1076/1064
f 774/1075/1063 781/1076/1064 782/1077/1065
f 782/1077/1065 781/1076/1064 787/1078/1066
f 782/1077/1065 787/1078/1066 788/1079/1067
f 788/1079/1067 787/1078/1066 793/1080/1068
f 788/1079/1067 793/1080/1068 794/1081/1069
f 794/1081/1069 793/1080/1068 799/1082/1070
f 794/1081/1069 799/1082/1070 759/1083/1071
f 759/1083/1071 799/1082/1070 760/1084/1072
f 760/1084/1072 799/1082/1070 804/1085/1073
f 760/1084/1072 804/1085/1073 589/1086/856
f 589/1086/856 804/1085/1073 803/1087/1074
f 589/1086/856 803/1087/1074 802/1088/1075
f 802/1088/1075 803/1087/1074 797/1089/1076
f 802/1088/1075 797/1089/1076 796/1090/1077
f 796/1090/1077 797/1089/1076 791/1091/1078
f 796/1090/1077 791/1091/1078 790/1092/1079
f 790/1092/1079 791/1091/1078 785/1093/1080
f 790/1092/1079 785/1093/1080 776/1094/1081
f 776/1094/1081 785/1093/1080 775/1073/1061
f 775/1073/1061 785/1093/1080 780/1074/1062
f 776/1094/1081 777/1095/1082 790/1092/1079
f 790/1092/1079 777/1095/1082 795/1096/1083
f 790/1092/1079 795/1096/1083 796/1090/1077
f 796/1090/1077 795/1096/1083 801/1097/1084
f 796/1090/1077 801/1097/1084 802/1088/1075
f 802/1088/1075 801/1097/1084 590/1098/860
f 802/1088/1075 590/1098/860 589/1086/856
f 777/1095/1082 778/1099/1085 795/1096/1083
f 795/1096/1083 778/1099/1085 800/1100/1086
f 795/1096/1083 800/1100/1086 801/1097/1084
f 801/1097/1084 800/1100/1086 590/1098/860
f 778/1099/1085 779/1101/1087 800/1100/1086
f 800/1100/1086 779/1101/1087 590/1098/860
f 759/1083/1071 758/1102/1088 794/1081/1069
f 794/1081/1069 758/1102/1088 789/1103/1089
f 794/1081/1069 789/1103/1089 788/1079/1067
f 788/1079/1067 789/1103/1089 783/1104/1090
f 788/1079/1067 783/1104/1090 782/1077/1065
f 782/1077/1065 783/1104/1090 755/1105/1091
f 782/1077/1065 755/1105/1091 774/1075/1063
f 758/1102/1088 757/1106/1092 789/1103/1089
f 789/1103/1089 757/1106/1092 784/1107/1093
f 789/1103/1089 784/1107/1093 783/1104/1090
f 783/1104/1090 784/1107/1093 755/1105/1091
f 757/1106/1092 756/1108/1094 784/1107/1093
f 784/1107/1093 756/1108/1094 755/1105/1091
f 781/1076/1064 780/1074/1062 786/1109/1095
f 786/1109/1095 780/1074/1062 785/1093/1080
f 786/1109/1095 785/1093/1080 791/1091/1078
f 781/1076/1064 786/1109/1095 787/1078/1066
f 787/1078/1066 786/1109/1095 792/1110/1096
f 787/1078/1066 792/1110/1096 793/1080/1068
f 793/1080/1068 792/1110/1096 798/1111/1097
f 793/1080/1068 798/1111/1097 799/1082/1070
f 799/1082/1070 798/1111/1097 804/1085/1073
f 792/1110/1096 786/1109/1095 791/1091/1078
f 798/1111/1097 792/1110/1096 797/1089/1076
f 797/1089/1076 792/1110/1096 791/1091/1078
f 804/1085/1073 798/1111/1097 803/1087/1074
f 803/1087/1074 798/1111/1097 797/1089/1076
f 805/1112/1098 817/1113/1099 601/1114/865
f 601/1114/865 817/1113/1099 818/1115/1100
f 601/1114/865 818/1115/1100 819/1116/1101
f 819/1116/1101 818/1115/1100 824/1117/1102
f 819/1116/1101 824/1117/1102 825/1118/1103
f 825/1118/1103 824/1117/1102 830/1119/1104
f 825/1118/1103 830/1119/1104 831/1120/1105
f 831/1120/1105 830/1119/1104 836/1121/1106
f 831/1120/1105 836/1121/1106 813/1122/1107
f 813/1122/1107 836/1121/1106 812/1123/1108
f 812/1123/1108 836/1121/1106 841/1124/1109
f 812/1123/1108 841/1124/1109 811/1125/1110
f 811/1125/1110 841/1124/1109 840/1126/1111
f 811/1125/1110 840/1126/1111 839/1127/1112
f 839/1127/1112 840/1126/1111 834/1128/1113
f 839/1127/1112 834/1128/1113 833/1129/1114
f 833/1129/1114 834/1128/1113 828/1130/1115
f 833/1129/1114 828/1130/1115 827/1131/1116
f 827/1131/1116 828/1130/1115 822/1132/1117
f 827/1131/1116 822/1132/1117 806/1133/1118
f 806/1133/1118 822/1132/1117 805/1112/1098
f 805/1112/1098 822/1132/1117 817/1113/1099
f 806/1133/1118 807/1134/1119 827/1131/1116
f 827/1131/1116 807/1134/1119 832/1135/1120
f 827/1131/1116 832/1135/1120 833/1129/1114
f 833/1129/1114 832/1135/1120 838/1136/1121
f 833/1129/1114 838/1136/1121 839/1127/1112
f 839/1127/1112 838/1136/1121 810/1137/1122
f 839/1127/1112 810/1137/1122 811/1125/1110
f 807/1134/1119 808/1138/1123 832/1135/1120
f 832/1135/1120 808/1138/1123 837/1139/1124
f 832/1135/1120 837/1139/1124 838/1136/1121
f 838/1136/1121 837/1139/1124 810/1137/1122
f 808/1138/1123 809/1140/1125 837/1139/1124
f 837/1139/1124 809/1140/1125 810/1137/1122
f 813/1122/1107 814/1141/1126 831/1120/1105
f 831/1120/1105 814/1141/1126 826/1142/1127
f 831/1120/1105 826/1142/1127 825/1118/1103
f 825/1118/1103 826/1142/1127 820/1143/1128
f 825/1118/1103 820/1143/1128 819/1116/1101
f 819/1116/1101 820/1143/1128 602/1144/866
f 819/1116/1101 602/1144/866 601/1114/865
f 814/1141/1126 815/1145/1129 826/1142/1127
f 826/1142/1127 815/1145/1129 821/1146/1130
f 826/1142/1127 821/1146/1130 820/1143/1128
f 820/1143/1128 821/1146/1130 602/1144/866
f 815/1145/1129 816/1147/1131 821/1146/1130
f 821/1146/1130 816/1147/1131 602/1144/866
f 818/1115/1100 817/1113/1099 823/1148/1132
f 823/1148/1132 817/1113/1099 822/1132/1117
f 823/1148/1132 822/1132/1117 828/1130/1115
f 818/1115/1100 823/1148/1132 824/1117/1102
f 824/1117/1102 823/1148/1132 829/1149/1133
f 824/1117/1102 829/1149/1133 830/1119/1104
f 830/1119/1104 829/1149/1133 835/1150/1134
f 830/1119/1104 835/1150/1134 836/1121/1106
f 836/1121/1106 835/1150/1134 841/1124/1109
f 829/1149/1133 823/1148/1132 828/1130/1115
f 835/1150/1134 829/1149/1133 834/1128/1113
f 834/1128/1113 829/1149/1133 828/1130/1115
f 841/1124/1109 835/1150/1134 840/1126/1111
f 840/1126/1111 835/1150/1134 834/1128/1113
f 810/1151/1122 867/1152/1135 811/1153/1110
f 811/1153/1110 867/1152/1135 844/1154/1136
f 811/1153/1110 844/1154/1136 845/1155/1137
f 842/1156/1138 874/1157/1139 810/1151/1122
f 810/1151/1122 874/1157/1139 875/1158/1140
f 810/1151/1122 875/1158/1140 876/1159/1141
f 843/1160/1142 857/1161/1143 842/1156/1138
f 842/1156/1138 857/1161/1143 891/1162/1144
f 842/1156/1138 891/1162/1144 868/1163/1145
f 811/1153/1110 850/1164/1146 843/1160/1142
f 843/1160/1142 850/1164/1146 851/1165/1147
f 843/1160/1142 851/1165/1147 852/1166/1148
f 845/1155/1137 846/1167/1149 811/1153/1110
f 811/1153/1110 846/1167/1149 847/1168/1150
f 811/1153/1110 847/1168/1150 848/1169/1151
f 848/1169/1151 849/1170/1152 811/1153/1110
f 811/1153/1110 849/1170/1152 850/1164/1146
f 852/1166/1148 853/1171/1153 843/1160/1142
f 843/1160/1142 853/1171/1153 854/1172/1154
f 843/1160/1142 854/1172/1154 855/1173/1155
f 855/1173/1155 856/1174/1156 843/1160/1142
f 843/1160/1142 856/1174/1156 857/1161/1143
f 891/1162/1144 857/1161/1143 890/1175/1157
f 890/1175/1157 857/1161/1143 858/1176/1158
f 890/1175/1157 858/1176/1158 859/1177/1159
f 890/1175/1157 859/1177/1159 889/1178/1160
f 889/1178/1160 859/1177/1159 860/1179/1161
f 889/1178/1160 860/1179/1161 888/1180/1162
f 888/1180/1162 860/1179/1161 861/1181/1163
f 888/1180/1162 861/1181/1163 887/1182/1164
f 887/1182/1164 861/1181/1163 862/1183/1165
f 887/1182/1164 862/1183/1165 886/1184/1166
f 886/1184/1166 862/1183/1165 885/1185/1167
f 885/1185/1167 862/1183/1165 863/1186/1168
f 885/1185/1167 863/1186/1168 884/1187/1169
f 884/1187/1169 863/1186/1168 864/1188/1170
f 884/1187/1169 864/1188/1170 883/1189/1171
f 883/1189/1171 864/1188/1170 865/1190/1172
f 883/1189/1171 865/1190/1172 882/1191/1173
f 882/1191/1173 865/1190/1172 866/1192/1174
f 882/1191/1173 866/1192/1174 867/1152/1135
f 868/1163/1145 869/1193/1175 842/1156/1138
f 842/1156/1138 869/1193/1175 870/1194/1176
f 842/1156/1138 870/1194/1176 871/1195/1177
f 871/1195/1177 872/1196/1178 842/1156/1138
f 842/1156/1138 872/1196/1178 873/1197/1179
f 842/1156/1138 873/1197/1179 874/1157/1139
f 876/1159/1141 877/1198/1180 810/1151/1122
f 810/1151/1122 877/1198/1180 878/1199/1181
f 810/1151/1122 878/1199/1181 879/1200/1182
f 879/1200/1182 880/1201/1183 810/1151/1122
f 810/1151/1122 880/1201/1183 881/1202/1184
f 810/1151/1122 881/1202/1184 867/1152/1135
f 867/1152/1135 881/1202/1184 882/1191/1173
f 596/1203/864 595/1204/863 904/1205/1185
f 904/1205/1185 595/1204/863 892/1206/1186
f 904/1205/1185 892/1206/1186 905/1207/1187
f 905/1207/1187 892/1206/1186 893/1208/1188
f 905/1207/1187 893/1208/1188 906/1209/1189
f 906/1209/1189 893/1208/1188 894/1210/1190
f 906/1209/1189 894/1210/1190 907/1211/1191
f 907/1211/1191 894/1210/1190 895/1212/1192
f 907/1211/1191 895/1212/1192 908/1213/1193
f 908/1213/1193 895/1212/1192 896/1214/1194
f 908/1213/1193 896/1214/1194 897/1215/1195
f 897/1215/1195 898/1216/1196 908/1213/1193
f 908/1213/1193 898/1216/1196 899/1217/1197
f 908/1213/1193 899/1217/1197 907/1211/1191
f 907/1211/1191 899/1217/1197 900/1218/1198
f 907/1211/1191 900/1218/1198 906/1209/1189
f 906/1209/1189 900/1218/1198 901/1219/1199
f 906/1209/1189 901/1219/1199 905/1207/1187
f 905/1207/1187 901/1219/1199 902/1220/1200
f 905/1207/1187 902/1220/1200 904/1205/1185
f 904/1205/1185 902/1220/1200 903/1221/1201
f 904/1205/1185 903/1221/1201 596/1203/864
f 897/1222/1195 909/1223/1202 898/1224/1196
f 898/1224/1196 909/1223/1202 910/1225/1203
f 768/1226/1057 767/1227/1056 922/1228/1204
f 922/1228/1204 767/1227/1056 911/1229/1205
f 922/1228/1204 911/1229/1205 921/1230/1206
f 921/1230/1206 911/1229/1205 912/1231/1207
f 921/1230/1206 912/1231/1207 920/1232/1208
f 920/1232/1208 912/1231/1207 913/1233/1209
f 920/1232/1208 913/1233/1209 919/1234/1210
f 919/1234/1210 913/1233/1209 914/1235/1211
f 919/1234/1210 914/1235/1211 918/1236/1212
f 918/1236/1212 914/1235/1211 915/1237/1213
f 918/1236/1212 915/1237/1213 917/1238/1214
f 917/1238/1214 915/1237/1213 916/1239/1215
f 915/1240/1216 899/1241/1217 916/1242/1218
f 916/1242/1218 899/1241/1217 898/1243/1219
f 916/1242/1218 898/1243/1219 937/1244/1220
f 937/1244/1220 898/1243/1219 910/1245/1221
f 937/1244/1220 910/1245/1221 923/1246/1222
f 899/1241/1217 915/1240/1216 900/1247/1223
f 900/1247/1223 915/1240/1216 914/1248/1224
f 900/1247/1223 914/1248/1224 901/1249/1225
f 901/1249/1225 914/1248/1224 913/1250/1226
f 901/1249/1225 913/1250/1226 902/1251/1227
f 902/1251/1227 913/1250/1226 912/1252/1228
f 902/1251/1227 912/1252/1228 903/1253/1229
f 903/1253/1229 912/1252/1228 911/1254/1230
f 903/1253/1229 911/1254/1230 596/1255/1231
f 596/1255/1231 911/1254/1230 767/1256/1232
f 596/1255/1231 767/1256/1232 766/1257/1233
f 766/1257/1233 597/1258/1234 596/1255/1231
f 937/1244/1220 923/1246/1222 936/1259/1235
f 936/1259/1235 923/1246/1222 924/1260/1236
f 936/1259/1235 924/1260/1236 935/1261/1237
f 935/1261/1237 924/1260/1236 925/1262/1238
f 935/1261/1237 925/1262/1238 934/1263/1239
f 934/1263/1239 925/1262/1238 926/1264/1240
f 934/1263/1239 926/1264/1240 933/1265/1241
f 933/1265/1241 926/1264/1240 927/1266/1242
f 933/1265/1241 927/1266/1242 932/1267/1243
f 932/1267/1243 927/1266/1242 928/1268/1244
f 932/1267/1243 928/1268/1244 931/1269/1245
f 931/1269/1245 928/1268/1244 929/1270/1246
f 931/1269/1245 929/1270/1246 930/1271/1247
f 938/1272/1248 950/1273/1249 761/1274/1050
f 761/1274/1050 950/1273/1249 951/1275/1250
f 761/1274/1050 951/1275/1250 762/1276/1053
f 762/1276/1053 951/1275/1250 949/1277/1251
f 949/1277/1251 951/1275/1250 948/1278/1252
f 948/1278/1252 951/1275/1250 953/1279/1253
f 948/1278/1252 953/1279/1253 947/1280/1254
f 947/1280/1254 953/1279/1253 955/1281/1255
f 947/1280/1254 955/1281/1255 946/1282/1256
f 946/1282/1256 955/1281/1255 957/1283/1257
f 946/1282/1256 957/1283/1257 945/1284/1258
f 945/1284/1258 957/1283/1257 959/1285/1259
f 945/1284/1258 959/1285/1259 944/1286/1260
f 944/1286/1260 959/1285/1259 958/1287/1261
f 944/1286/1260 958/1287/1261 943/1288/1262
f 943/1288/1262 958/1287/1261 942/1289/1263
f 942/1289/1263 958/1287/1261 941/1290/1264
f 941/1290/1264 958/1287/1261 956/1291/1265
f 941/1290/1264 956/1291/1265 940/1292/1266
f 940/1292/1266 956/1291/1265 954/1293/1267
f 940/1292/1266 954/1293/1267 939/1294/1268
f 939/1294/1268 954/1293/1267 952/1295/1269
f 939/1294/1268 952/1295/1269 938/1272/1248
f 938/1272/1248 952/1295/1269 950/1273/1249
f 953/1279/1253 951/1275/1250 950/1273/1249
f 953/1279/1253 950/1273/1249 952/1295/1269
f 955/1281/1255 953/1279/1253 952/1295/1269
f 955/1281/1255 952/1295/1269 954/1293/1267
f 957/1283/1257 955/1281/1255 954/1293/1267
f 957/1283/1257 954/1293/1267 956/1291/1265
f 959/1285/1259 957/1283/1257 956/1291/1265
f 959/1285/1259 956/1291/1265 958/1287/1261
f 761/1296/1270 609/1297/1271 362/1298/1272
f 362/1298/1272 609/1297/1271 608/1299/1273
f 362/1298/1272 608/1299/1273 607/1300/1274
f 362/1298/1272 607/1300/1274 363/1301/1275
f 363/1301/1275 607/1300/1274 606/1302/1276
f 363/1301/1275 606/1302/1276 364/1303/1277
f 364/1303/1277 606/1302/1276 605/1304/1278
f 364/1303/1277 605/1304/1278 365/1305/1279
f 365/1305/1279 605/1304/1278 366/1306/1280
f 366/1306/1280 605/1304/1278 604/1307/1281
f 366/1306/1280 604/1307/1281 367/1308/1282
f 367/1308/1282 604/1307/1281 603/1309/1283
f 367/1308/1282 603/1309/1283 368/1310/1284
f 368/1310/1284 603/1309/1283 239/1311/1285
f 368/1310/1284 239/1311/1285 979/1312/1286
f 979/1312/1286 239/1311/1285 978/1313/1287
f 978/1313/1287 239/1311/1285 238/1314/1288
f 978/1313/1287 238/1314/1288 977/1315/1289
f 977/1315/1289 238/1314/1288 237/1316/1290
f 977/1315/1289 237/1316/1290 976/1317/1291
f 976/1317/1291 237/1316/1290 975/1318/1292
f 975/1318/1292 237/1316/1290 236/1319/1293
f 975/1318/1292 236/1319/1293 974/1320/1294
f 974/1320/1294 236/1319/1293 235/1321/1295
f 974/1320/1294 235/1321/1295 973/1322/1296
f 973/1322/1296 235/1321/1295 234/1323/1297
f 973/1322/1296 234/1323/1297 233/1324/1298
f 973/1322/1296 233/1324/1298 972/1325/1299
f 972/1325/1299 233/1324/1298 960/1326/1300
f 972/1325/1299 960/1326/1300 961/1327/1301
f 961/1327/1301 962/1328/1302 972/1325/1299
f 972/1325/1299 962/1328/1302 971/1329/1303
f 971/1329/1303 962/1328/1302 963/1330/1304
f 971/1329/1303 963/1330/1304 970/1331/1305
f 970/1331/1305 963/1330/1304 964/1332/1306
f 970/1331/1305 964/1332/1306 969/1333/1307
f 969/1333/1307 964/1332/1306 968/1334/1308
f 968/1334/1308 964/1332/1306 965/1335/1309
f 968/1334/1308 965/1335/1309 967/1336/1310
f 967/1336/1310 965/1335/1309 966/1337/1311
f 967/1336/1310 966/1337/1311 843/1338/1312
f 843/1338/1312 966/1337/1311 943/1339/1313
f 843/1338/1312 943/1339/1313 811/1340/1314
f 811/1340/1314 943/1339/1313 812/1341/1315
f 812/1341/1315 943/1339/1313 942/1342/1316
f 812/1341/1315 942/1342/1316 813/1343/1317
f 813/1343/1317 942/1342/1316 941/1344/1318
f 813/1343/1317 941/1344/1318 814/1345/1319
f 814/1345/1319 941/1344/1318 815/1346/1320
f 815/1346/1320 941/1344/1318 940/1347/1321
f 815/1346/1320 940/1347/1321 816/1348/1322
f 816/1348/1322 940/1347/1321 939/1349/1323
f 816/1348/1322 939/1349/1323 602/1350/1324
f 602/1350/1324 939/1349/1323 938/1351/1325
f 602/1350/1324 938/1351/1325 761/1296/1270
f 602/1350/1324 761/1296/1270 362/1298/1272
f 732/1352/1326 986/1353/1327 733/1354/1328
f 733/1354/1328 986/1353/1327 987/1355/1329
f 733/1354/1328 987/1355/1329 985/1356/1330
f 985/1356/1330 987/1355/1329 984/1357/1331
f 984/1357/1331 987/1355/1329 983/1358/1332
f 983/1358/1332 987/1355/1329 989/1359/1333
f 983/1358/1332 989/1359/1333 982/1360/1334
f 982/1360/1334 989/1359/1333 991/1361/1335
f 982/1360/1334 991/1361/1335 981/1362/1336
f 981/1362/1336 991/1361/1335 993/1363/1337
f 981/1362/1336 993/1363/1337 980/1364/1338
f 980/1364/1338 993/1363/1337 995/1365/1339
f 980/1364/1338 995/1365/1339 773/1366/1060
f 773/1366/1060 995/1365/1339 994/1367/1340
f 773/1366/1060 994/1367/1340 727/1368/1059
f 727/1368/1059 994/1367/1340 728/1369/1341
f 728/1369/1341 994/1367/1340 729/1370/1342
f 729/1370/1342 994/1367/1340 992/1371/1343
f 729/1370/1342 992/1371/1343 730/1372/1344
f 730/1372/1344 992/1371/1343 990/1373/1345
f 730/1372/1344 990/1373/1345 731/1374/1346
f 731/1374/1346 990/1373/1345 988/1375/1347
f 731/1374/1346 988/1375/1347 732/1352/1326
f 732/1352/1326 988/1375/1347 986/1353/1327
f 989/1359/1333 987/1355/1329 986/1353/1327
f 989/1359/1333 986/1353/1327 988/1375/1347
f 991/1361/1335 989/1359/1333 988/1375/1347
f 991/1361/1335 988/1375/1347 990/1373/1345
f 993/1363/1337 991/1361/1335 990/1373/1345
f 993/1363/1337 990/1373/1345 992/1371/1343
f 995/1365/1339 993/1363/1337 992/1371/1343
f 995/1365/1339 992/1371/1343 994/1367/1340
f 984/1376/1348 775/1377/1349 985/1378/1350
f 985/1378/1350 775/1377/1349 774/1379/1351
f 985/1378/1350 774/1379/1351 1011/1380/1352
f 1011/1380/1352 774/1379/1351 996/1381/1353
f 1011/1380/1352 996/1381/1353 997/1382/1354
f 775/1377/1349 984/1376/1348 776/1383/1355
f 776/1383/1355 984/1376/1348 983/1384/1356
f 776/1383/1355 983/1384/1356 777/1385/1357
f 777/1385/1357 983/1384/1356 982/1386/1358
f 777/1385/1357 982/1386/1358 778/1387/1359
f 778/1387/1359 982/1386/1358 981/1388/1360
f 778/1387/1359 981/1388/1360 779/1389/1361
f 779/1389/1361 981/1388/1360 980/1390/1362
f 779/1389/1361 980/1390/1362 590/1391/1363
f 590/1391/1363 980/1390/1362 773/1392/1364
f 590/1391/1363 773/1392/1364 772/1393/1365
f 772/1393/1365 591/1394/1366 590/1391/1363
f 1011/1380/1352 997/1382/1354 1010/1395/1367
f 1010/1395/1367 997/1382/1354 998/1396/1368
f 1010/1395/1367 998/1396/1368 1009/1397/1369
f 1009/1397/1369 998/1396/1368 999/1398/1370
f 1009/1397/1369 999/1398/1370 1008/1399/1371
f 1008/1399/1371 999/1398/1370 1000/1400/1372
f 1008/1399/1371 1000/1400/1372 1007/1401/1373
f 1007/1401/1373 1000/1400/1372 1001/1402/1374
f 1007/1401/1373 1001/1402/1374 1006/1403/1375
f 1006/1403/1375 1001/1402/1374 1002/1404/1376
f 1006/1403/1375 1002/1404/1376 1005/1405/1377
f 1005/1405/1377 1002/1404/1376 1003/1406/1378
f 1005/1405/1377 1003/1406/1378 1004/1407/1379
f 769/1408/1380 768/1409/1381 595/1410/1382
f 595/1410/1382 768/1409/1381 922/1411/1383
f 595/1410/1382 922/1411/1383 892/1412/1384
f 892/1412/1384 922/1411/1383 921/1413/1385
f 892/1412/1384 921/1413/1385 893/1414/1386
f 893/1414/1386 921/1413/1385 920/1415/1387
f 893/1414/1386 920/1415/1387 894/1416/1388
f 894/1416/1388 920/1415/1387 919/1417/1389
f 894/1416/1388 919/1417/1389 895/1418/1390
f 895/1418/1390 919/1417/1389 918/1419/1391
f 895/1418/1390 918/1419/1391 896/1420/1392
f 896/1420/1392 918/1419/1391 917/1421/1393
f 896/1420/1392 917/1421/1393 897/1422/1394
f 897/1422/1394 917/1421/1393 909/1423/1395
f 909/1423/1395 917/1421/1393 1012/1424/1396
f 909/1423/1395 1012/1424/1396 1026/1425/1397
f 1026/1425/1397 1012/1424/1396 1013/1426/1398
f 1026/1425/1397 1013/1426/1398 1025/1427/1399
f 1025/1427/1399 1013/1426/1398 1014/1428/1400
f 1025/1427/1399 1014/1428/1400 1024/1429/1401
f 1024/1429/1401 1014/1428/1400 1015/1430/1402
f 1024/1429/1401 1015/1430/1402 1023/1431/1403
f 1023/1431/1403 1015/1430/1402 1016/1432/1404
f 1023/1431/1403 1016/1432/1404 1022/1433/1405
f 1022/1433/1405 1016/1432/1404 1017/1434/1406
f 1022/1433/1405 1017/1434/1406 1021/1435/1407
f 1021/1435/1407 1017/1434/1406 1018/1436/1408
f 1021/1435/1407 1018/1436/1408 1020/1437/1409
f 1020/1437/1409 1018/1436/1408 1019/1438/1410
f 595/1410/1382 594/1439/1411 769/1408/1380
f 763/1440/1412 762/1441/1413 601/1442/1414
f 601/1442/1414 762/1441/1413 949/1443/1415
f 601/1442/1414 949/1443/1415 805/1444/1416
f 805/1444/1416 949/1443/1415 948/1445/1417
f 805/1444/1416 948/1445/1417 806/1446/1418
f 806/1446/1418 948/1445/1417 947/1447/1419
f 806/1446/1418 947/1447/1419 807/1448/1420
f 807/1448/1420 947/1447/1419 946/1449/1421
f 807/1448/1420 946/1449/1421 808/1450/1422
f 808/1450/1422 946/1449/1421 945/1451/1423
f 808/1450/1422 945/1451/1423 809/1452/1424
f 809/1452/1424 945/1451/1423 944/1453/1425
f 809/1452/1424 944/1453/1425 810/1454/1426
f 810/1454/1426 944/1453/1425 842/1455/1427
f 842/1455/1427 944/1453/1425 1027/1456/1428
f 842/1455/1427 1027/1456/1428 1041/1457/1429
f 1041/1457/1429 1027/1456/1428 1028/1458/1430
f 1041/1457/1429 1028/1458/1430 1040/1459/1431
f 1040/1459/1431 1028/1458/1430 1029/1460/1432
f 1040/1459/1431 1029/1460/1432 1039/1461/1433
f 1039/1461/1433 1029/1460/1432 1030/1462/1434
f 1039/1461/1433 1030/1462/1434 1038/1463/1435
f 1038/1463/1435 1030/1462/1434 1031/1464/1436
f 1038/1463/1435 1031/1464/1436 1037/1465/1437
f 1037/1465/1437 1031/1464/1436 1032/1466/1438
f 1037/1465/1437 1032/1466/1438 1036/1467/1439
f 1036/1467/1439 1032/1466/1438 1033/1468/1440
f 1036/1467/1439 1033/1468/1440 1035/1469/1441
f 1035/1469/1441 1033/1468/1440 1034/1470/1442
f 601/1442/1414 600/1471/1443 763/1440/1412
f 368/1472/684 1049/1473/1444 355/1474/621
f 355/1474/621 1049/1473/1444 1044/1475/1445
f 355/1474/621 1044/1475/1445 1045/1476/1446
f 1049/1473/1444 368/1472/684 1048/1477/1447
f 1048/1477/1447 368/1472/684 979/1478/1448
f 1048/1477/1447 979/1478/1448 1047/1479/1449
f 1047/1479/1449 979/1478/1448 1046/1480/1450
f 1046/1480/1450 979/1478/1448 741/1481/1451
f 1046/1480/1450 741/1481/1451 1043/1482/1452
f 1043/1482/1452 741/1481/1451 1042/1483/1453
f 1042/1483/1453 741/1481/1451 355/1474/621
f 1042/1483/1453 355/1474/621 1045/1476/1446
f 1043/1482/1452 1044/1475/1445 1046/1480/1450
f 1046/1480/1450 1044/1475/1445 1049/1473/1444
f 616/1484/912 1052/1485/1454 603/1486/869
f 603/1486/869 1052/1485/1454 1053/1487/1455
f 603/1486/869 1053/1487/1455 1050/1488/1456
f 240/1489/502 1056/1490/1457 616/1484/912
f 616/1484/912 1056/1490/1457 1057/1491/1458
f 616/1484/912 1057/1491/1458 1052/1485/1454
f 1052/1485/1454 1057/1491/1458 1054/1492/1459
f 1052/1485/1454 1054/1492/1459 1051/1493/1460
f 1051/1493/1460 1054/1492/1459 240/1489/502
f 1051/1493/1460 240/1489/502 239/1494/543
f 1051/1493/1460 239/1494/543 1050/1488/1456
f 1050/1488/1456 239/1494/543 603/1486/869
f 1054/1492/1459 1055/1495/1461 240/1489/502
f 240/1489/502 1055/1495/1461 1056/1490/1457
f 116/1496/489 1060/1497/1462 117/1498/1463
f 117/1498/1463 1060/1497/1462 1061/1499/1464
f 117/1498/1463 1061/1499/1464 125/1500/1465
f 125/1500/1465 1061/1499/1464 1034/1501/1466
f 125/1500/1465 1034/1501/1466 233/1502/554
f 233/1502/554 1034/1501/1466 960/1503/1467
f 960/1503/1467 1034/1501/1466 1033/1504/1468
f 1060/1497/1462 116/1496/489 1059/1505/1469
f 1059/1505/1469 116/1496/489 246/1506/491
f 1059/1505/1469 246/1506/491 1058/1507/1470
f 1058/1507/1470 246/1506/491 1004/1508/1471
f 1004/1508/1471 246/1506/491 740/1509/1472
f 1004/1508/1471 740/1509/1472 1005/1510/1473
f 1060/1497/1462 1059/1505/1469 930/1511/1474
f 930/1511/1474 1059/1505/1469 1019/1512/1475
f 930/1511/1474 1019/1512/1475 1018/1513/1476
f 1018/1513/1476 931/1514/1477 930/1511/1474
f 233/1502/554 230/1515/568 125/1500/1465
f 978/1516/1478 1062/1517/1479 979/1518/1448
f 979/1518/1448 1062/1517/1479 1063/1519/1480
f 979/1518/1448 1063/1519/1480 1064/1520/1481
f 1064/1520/1481 1063/1519/1480 1108/1521/1482
f 1064/1520/1481 1108/1521/1482 1109/1522/1483
f 1109/1522/1483 1108/1521/1482 1153/1523/1484
f 1109/1522/1483 1153/1523/1484 1154/1524/1485
f 1154/1524/1485 1153/1523/1484 1198/1525/1486
f 1154/1524/1485 1198/1525/1486 1199/1526/1487
f 1199/1526/1487 1198/1525/1486 1243/1527/1488
f 1199/1526/1487 1243/1527/1488 1244/1528/1489
f 1244/1528/1489 1243/1527/1488 973/1529/1490
f 1244/1528/1489 973/1529/1490 1245/1530/1491
f 1245/1530/1491 973/1529/1490 1246/1531/1492
f 1245/1530/1491 1246/1531/1492 1201/1532/1493
f 1201/1532/1493 1246/1531/1492 1202/1533/1494
f 1201/1532/1493 1202/1533/1494 1157/1534/1495
f 1157/1534/1495 1202/1533/1494 1158/1535/1496
f 1157/1534/1495 1158/1535/1496 1113/1536/1497
f 1113/1536/1497 1158/1535/1496 1114/1537/1498
f 1113/1536/1497 1114/1537/1498 1069/1538/1499
f 1069/1538/1499 1114/1537/1498 1070/1539/1500
f 1069/1538/1499 1070/1539/1500 979/1518/1448
f 979/1518/1448 1070/1539/1500 1071/1540/1501
f 979/1518/1448 1071/1540/1501 1072/1541/1502
f 1072/1541/1502 1071/1540/1501 1116/1542/1503
f 1072/1541/1502 1116/1542/1503 1117/1543/1504
f 1117/1543/1504 1116/1542/1503 1161/1544/1505
f 1117/1543/1504 1161/1544/1505 1162/1545/1506
f 1162/1545/1506 1161/1544/1505 1206/1546/1507
f 1162/1545/1506 1206/1546/1507 1207/1547/1508
f 1207/1547/1508 1206/1546/1507 1251/1548/1509
f 1207/1547/1508 1251/1548/1509 1252/1549/1510
f 1252/1549/1510 1251/1548/1509 973/1529/1490
f 1252/1549/1510 973/1529/1490 1253/1550/1511
f 1253/1550/1511 973/1529/1490 1254/1551/1512
f 1253/1550/1511 1254/1551/1512 1209/1552/1513
f 1209/1552/1513 1254/1551/1512 1210/1553/1514
f 1209/1552/1513 1210/1553/1514 1165/1554/1515
f 1165/1554/1515 1210/1553/1514 1166/1555/1516
f 1165/1554/1515 1166/1555/1516 1121/1556/1517
f 1121/1556/1517 1166/1555/1516 1122/1557/1518
f 1121/1556/1517 1122/1557/1518 1077/1558/1519
f 1077/1558/1519 1122/1557/1518 1078/1559/1520
f 1077/1558/1519 1078/1559/1520 979/1518/1448
f 979/1518/1448 1078/1559/1520 1079/1560/1521
f 979/1518/1448 1079/1560/1521 1080/1561/1522
f 1080/1561/1522 1079/1560/1521 1124/1562/1523
f 1080/1561/1522 1124/1562/1523 1125/1563/1524
f 1125/1563/1524 1124/1562/1523 1169/1564/1525
f 1125/1563/1524 1169/1564/1525 1170/1565/1526
f 1170/1565/1526 1169/1564/1525 1214/1566/1527
f 1170/1565/1526 1214/1566/1527 1215/1567/1528
f 1215/1567/1528 1214/1566/1527 1259/1568/1529
f 1215/1567/1528 1259/1568/1529 1260/1569/1530
f 1260/1569/1530 1259/1568/1529 747/1570/1531
f 1260/1569/1530 747/1570/1531 1261/1571/1532
f 1261/1571/1532 747/1570/1531 1262/1572/1533
f 1261/1571/1532 1262/1572/1533 1217/1573/1534
f 1217/1573/1534 1262/1572/1533 1218/1574/1535
f 1217/1573/1534 1218/1574/1535 1173/1575/1536
f 1173/1575/1536 1218/1574/1535 1174/1576/1537
f 1173/1575/1536 1174/1576/1537 1129/1577/1538
f 1129/1577/1538 1174/1576/1537 1130/1578/1539
f 1129/1577/1538 1130/1578/1539 1085/1579/1540
f 1085/1579/1540 1130/1578/1539 1086/1580/1541
f 1085/1579/1540 1086/1580/1541 741/1581/1451
f 741/1581/1451 1086/1580/1541 1087/1582/1542
f 741/1581/1451 1087/1582/1542 1088/1583/1543
f 1088/1583/1543 1087/1582/1542 1132/1584/1544
f 1088/1583/1543 1132/1584/1544 1133/1585/1545
f 1133/1585/1545 1132/1584/1544 1177/1586/1546
f 1133/1585/1545 1177/1586/1546 1178/1587/1547
f 1178/1587/1547 1177/1586/1546 1222/1588/1548
f 1178/1587/1547 1222/1588/1548 1223/1589/1549
f 1223/1589/1549 1222/1588/1548 1267/1590/1550
f 1223/1589/1549 1267/1590/1550 1268/1591/1551
f 1268/1591/1551 1267/1590/1550 747/1570/1531
f 1268/1591/1551 747/1570/1531 1269/1592/1552
f 1269/1592/1552 747/1570/1531 1270/1593/1553
f 1269/1592/1552 1270/1593/1553 1225/1594/1554
f 1225/1594/1554 1270/1593/1553 1226/1595/1555
f 1225/1594/1554 1226/1595/1555 1181/1596/1556
f 1181/1596/1556 1226/1595/1555 1182/1597/1557
f 1181/1596/1556 1182/1597/1557 1137/1598/1558
f 1137/1598/1558 1182/1597/1557 1138/1599/1559
f 1137/1598/1558 1138/1599/1559 1093/1600/1560
f 1093/1600/1560 1138/1599/1559 1094/1601/1561
f 1093/1600/1560 1094/1601/1561 741/1581/1451
f 741/1581/1451 1094/1601/1561 1095/1602/1562
f 741/1581/1451 1095/1602/1562 1096/1603/1563
f 1096/1603/1563 1095/1602/1562 1140/1604/1564
f 1096/1603/1563 1140/1604/1564 1141/1605/1565
f 1141/1605/1565 1140/1604/1564 1185/1606/1566
f 1141/1605/1565 1185/1606/1566 1186/1607/1567
f 1186/1607/1567 1185/1606/1566 1230/1608/1568
f 1186/1607/1567 1230/1608/1568 1231/1609/1569
f 1231/1609/1569 1230/1608/1568 1275/1610/1570
f 1231/1609/1569 1275/1610/1570 1276/1611/1571
f 1276/1611/1571 1275/1610/1570 747/1570/1531
f 1276/1611/1571 747/1570/1531 1277/1612/1572
f 1277/1612/1572 747/1570/1531 1278/1613/1573
f 1277/1612/1572 1278/1613/1573 1233/1614/1574
f 1233/1614/1574 1278/1613/1573 1234/1615/1575
f 1233/1614/1574 1234/1615/1575 1189/1616/1576
f 1189/1616/1576 1234/1615/1575 1190/1617/1577
f 1189/1616/1576 1190/1617/1577 1145/1618/1578
f 1145/1618/1578 1190/1617/1577 1146/1619/1579
f 1145/1618/1578 1146/1619/1579 1101/1620/1580
f 1101/1620/1580 1146/1619/1579 1102/1621/1581
f 1101/1620/1580 1102/1621/1581 741/1581/1451
f 741/1581/1451 1102/1621/1581 1103/1622/1582
f 741/1581/1451 1103/1622/1582 1104/1623/1583
f 1104/1623/1583 1103/1622/1582 1148/1624/1584
f 1104/1623/1583 1148/1624/1584 1149/1625/1585
f 1149/1625/1585 1148/1624/1584 1193/1626/1586
f 1149/1625/1585 1193/1626/1586 744/1627/1587
f 744/1627/1587 1193/1626/1586 745/1628/1588
f 745/1628/1588 1193/1626/1586 1237/1629/1589
f 745/1628/1588 1237/1629/1589 746/1630/1590
f 746/1630/1590 1237/1629/1589 1281/1631/1591
f 746/1630/1590 1281/1631/1591 747/1570/1531
f 747/1570/1531 1281/1631/1591 1280/1632/1592
f 747/1570/1531 1280/1632/1592 1279/1633/1593
f 1279/1633/1593 1280/1632/1592 1235/1634/1594
f 1279/1633/1593 1235/1634/1594 1234/1615/1575
f 1234/1615/1575 1235/1634/1594 1190/1617/1577
f 1062/1517/1479 978/1516/1478 1106/1635/1595
f 1106/1635/1595 978/1516/1478 977/1636/1596
f 1106/1635/1595 977/1636/1596 1150/1637/1597
f 1150/1637/1597 977/1636/1596 976/1638/1598
f 1150/1637/1597 976/1638/1598 1194/1639/1599
f 1194/1639/1599 976/1638/1598 975/1640/1600
f 1194/1639/1599 975/1640/1600 1238/1641/1601
f 1238/1641/1601 975/1640/1600 974/1642/1602
f 1238/1641/1601 974/1642/1602 973/1529/1490
f 747/1570/1531 1259/1568/1529 973/1529/1490
f 973/1529/1490 1259/1568/1529 1258/1643/1603
f 973/1529/1490 1258/1643/1603 1257/1644/1604
f 1257/1644/1604 1258/1643/1603 1213/1645/1605
f 1257/1644/1604 1213/1645/1605 1212/1646/1606
f 1212/1646/1606 1213/1645/1605 1168/1647/1607
f 1212/1646/1606 1168/1647/1607 1167/1648/1608
f 1167/1648/1608 1168/1647/1607 1123/1649/1609
f 1167/1648/1608 1123/1649/1609 1122/1557/1518
f 1122/1557/1518 1123/1649/1609 1078/1559/1520
f 744/1627/1587 743/1650/1610 1149/1625/1585
f 1149/1625/1585 743/1650/1610 1105/1651/1611
f 1149/1625/1585 1105/1651/1611 1104/1623/1583
f 1104/1623/1583 1105/1651/1611 741/1581/1451
f 743/1650/1610 742/1652/1612 1105/1651/1611
f 1105/1651/1611 742/1652/1612 741/1581/1451
f 1085/1579/1540 741/1581/1451 1084/1653/1613
f 1084/1653/1613 741/1581/1451 979/1518/1448
f 1084/1653/1613 979/1518/1448 1083/1654/1614
f 1083/1654/1614 979/1518/1448 1082/1655/1615
f 1083/1654/1614 1082/1655/1615 1127/1656/1616
f 1127/1656/1616 1082/1655/1615 1126/1657/1617
f 1127/1656/1616 1126/1657/1617 1171/1658/1618
f 1171/1658/1618 1126/1657/1617 1170/1565/1526
f 1171/1658/1618 1170/1565/1526 1215/1567/1528
f 1063/1519/1480 1062/1517/1479 1107/1659/1619
f 1107/1659/1619 1062/1517/1479 1106/1635/1595
f 1107/1659/1619 1106/1635/1595 1151/1660/1620
f 1151/1660/1620 1106/1635/1595 1150/1637/1597
f 1151/1660/1620 1150/1637/1597 1195/1661/1621
f 1195/1661/1621 1150/1637/1597 1194/1639/1599
f 1195/1661/1621 1194/1639/1599 1239/1662/1622
f 1239/1662/1622 1194/1639/1599 1238/1641/1601
f 1239/1662/1622 1238/1641/1601 973/1529/1490
f 1064/1520/1481 1065/1663/1623 979/1518/1448
f 979/1518/1448 1065/1663/1623 1066/1664/1624
f 979/1518/1448 1066/1664/1624 1067/1665/1625
f 1067/1665/1625 1066/1664/1624 1111/1666/1626
f 1067/1665/1625 1111/1666/1626 1112/1667/1627
f 1112/1667/1627 1111/1666/1626 1156/1668/1628
f 1112/1667/1627 1156/1668/1628 1157/1534/1495
f 1157/1534/1495 1156/1668/1628 1201/1532/1493
f 1064/1520/1481 1109/1522/1483 1065/1663/1623
f 1065/1663/1623 1109/1522/1483 1110/1669/1629
f 1065/1663/1623 1110/1669/1629 1066/1664/1624
f 1066/1664/1624 1110/1669/1629 1111/1666/1626
f 1069/1538/1499 979/1518/1448 1068/1670/1630
f 1068/1670/1630 979/1518/1448 1067/1665/1625
f 1068/1670/1630 1067/1665/1625 1112/1667/1627
f 1113/1536/1497 1069/1538/1499 1068/1670/1630
f 1113/1536/1497 1068/1670/1630 1112/1667/1627
f 1071/1540/1501 1070/1539/1500 1115/1671/1631
f 1115/1671/1631 1070/1539/1500 1114/1537/1498
f 1115/1671/1631 1114/1537/1498 1159/1672/1632
f 1159/1672/1632 1114/1537/1498 1158/1535/1496
f 1159/1672/1632 1158/1535/1496 1203/1673/1633
f 1203/1673/1633 1158/1535/1496 1202/1533/1494
f 1203/1673/1633 1202/1533/1494 1247/1674/1634
f 1247/1674/1634 1202/1533/1494 1246/1531/1492
f 1247/1674/1634 1246/1531/1492 973/1529/1490
f 1072/1541/1502 1073/1675/1635 979/1518/1448
f 979/1518/1448 1073/1675/1635 1074/1676/1636
f 979/1518/1448 1074/1676/1636 1075/1677/1637
f 1075/1677/1637 1074/1676/1636 1119/1678/1638
f 1075/1677/1637 1119/1678/1638 1120/1679/1639
f 1120/1679/1639 1119/1678/1638 1164/1680/1640
f 1120/1679/1639 1164/1680/1640 1165/1554/1515
f 1165/1554/1515 1164/1680/1640 1209/1552/1513
f 1072/1541/1502 1117/1543/1504 1073/1675/1635
f 1073/1675/1635 1117/1543/1504 1118/1681/1641
f 1073/1675/1635 1118/1681/1641 1074/1676/1636
f 1074/1676/1636 1118/1681/1641 1119/1678/1638
f 1077/1558/1519 979/1518/1448 1076/1682/1642
f 1076/1682/1642 979/1518/1448 1075/1677/1637
f 1076/1682/1642 1075/1677/1637 1120/1679/1639
f 1121/1556/1517 1077/1558/1519 1076/1682/1642
f 1121/1556/1517 1076/1682/1642 1120/1679/1639
f 1124/1562/1523 1079/1560/1521 1123/1649/1609
f 1123/1649/1609 1079/1560/1521 1078/1559/1520
f 1082/1655/1615 979/1518/1448 1081/1683/1643
f 1081/1683/1643 979/1518/1448 1080/1561/1522
f 1081/1683/1643 1080/1561/1522 1125/1563/1524
f 1126/1657/1617 1082/1655/1615 1081/1683/1643
f 1126/1657/1617 1081/1683/1643 1125/1563/1524
f 1129/1577/1538 1085/1579/1540 1084/1653/1613
f 1084/1653/1613 1083/1654/1614 1128/1684/1644
f 1128/1684/1644 1083/1654/1614 1127/1656/1616
f 1128/1684/1644 1127/1656/1616 1172/1685/1645
f 1172/1685/1645 1127/1656/1616 1171/1658/1618
f 1172/1685/1645 1171/1658/1618 1216/1686/1646
f 1216/1686/1646 1171/1658/1618 1215/1567/1528
f 1216/1686/1646 1215/1567/1528 1260/1569/1530
f 1087/1582/1542 1086/1580/1541 1131/1687/1647
f 1131/1687/1647 1086/1580/1541 1130/1578/1539
f 1131/1687/1647 1130/1578/1539 1175/1688/1648
f 1175/1688/1648 1130/1578/1539 1174/1576/1537
f 1175/1688/1648 1174/1576/1537 1219/1689/1649
f 1219/1689/1649 1174/1576/1537 1218/1574/1535
f 1219/1689/1649 1218/1574/1535 1263/1690/1650
f 1263/1690/1650 1218/1574/1535 1262/1572/1533
f 1263/1690/1650 1262/1572/1533 747/1570/1531
f 1088/1583/1543 1089/1691/1651 741/1581/1451
f 741/1581/1451 1089/1691/1651 1090/1692/1652
f 741/1581/1451 1090/1692/1652 1091/1693/1653
f 1091/1693/1653 1090/1692/1652 1135/1694/1654
f 1091/1693/1653 1135/1694/1654 1136/1695/1655
f 1136/1695/1655 1135/1694/1654 1180/1696/1656
f 1136/1695/1655 1180/1696/1656 1181/1596/1556
f 1181/1596/1556 1180/1696/1656 1225/1594/1554
f 1088/1583/1543 1133/1585/1545 1089/1691/1651
f 1089/1691/1651 1133/1585/1545 1134/1697/1657
f 1089/1691/1651 1134/1697/1657 1090/1692/1652
f 1090/1692/1652 1134/1697/1657 1135/1694/1654
f 1093/1600/1560 741/1581/1451 1092/1698/1658
f 1092/1698/1658 741/1581/1451 1091/1693/1653
f 1092/1698/1658 1091/1693/1653 1136/1695/1655
f 1137/1598/1558 1093/1600/1560 1092/1698/1658
f 1137/1598/1558 1092/1698/1658 1136/1695/1655
f 1095/1602/1562 1094/1601/1561 1139/1699/1659
f 1139/1699/1659 1094/1601/1561 1138/1599/1559
f 1139/1699/1659 1138/1599/1559 1183/1700/1660
f 1183/1700/1660 1138/1599/1559 1182/1597/1557
f 1183/1700/1660 1182/1597/1557 1227/1701/1661
f 1227/1701/1661 1182/1597/1557 1226/1595/1555
f 1227/1701/1661 1226/1595/1555 1271/1702/1662
f 1271/1702/1662 1226/1595/1555 1270/1593/1553
f 1271/1702/1662 1270/1593/1553 747/1570/1531
f 1096/1603/1563 1097/1703/1663 741/1581/1451
f 741/1581/1451 1097/1703/1663 1098/1704/1664
f 741/1581/1451 1098/1704/1664 1099/1705/1665
f 1099/1705/1665 1098/1704/1664 1143/1706/1666
f 1099/1705/1665 1143/1706/1666 1144/1707/1667
f 1144/1707/1667 1143/1706/1666 1188/1708/1668
f 1144/1707/1667 1188/1708/1668 1189/1616/1576
f 1189/1616/1576 1188/1708/1668 1233/1614/1574
f 1096/1603/1563 1141/1605/1565 1097/1703/1663
f 1097/1703/1663 1141/1605/1565 1142/1709/1669
f 1097/1703/1663 1142/1709/1669 1098/1704/1664
f 1098/1704/1664 1142/1709/1669 1143/1706/1666
f 1101/1620/1580 741/1581/1451 1100/1710/1670
f 1100/1710/1670 741/1581/1451 1099/1705/1665
f 1100/1710/1670 1099/1705/1665 1144/1707/1667
f 1145/1618/1578 1101/1620/1580 1100/1710/1670
f 1145/1618/1578 1100/1710/1670 1144/1707/1667
f 1103/1622/1582 1102/1621/1581 1147/1711/1671
f 1147/1711/1671 1102/1621/1581 1146/1619/1579
f 1147/1711/1671 1146/1619/1579 1191/1712/1672
f 1191/1712/1672 1146/1619/1579 1190/1617/1577
f 1191/1712/1672 1190/1617/1577 1235/1634/1594
f 1063/1519/1480 1107/1659/1619 1108/1521/1482
f 1108/1521/1482 1107/1659/1619 1152/1713/1673
f 1108/1521/1482 1152/1713/1673 1153/1523/1484
f 1153/1523/1484 1152/1713/1673 1197/1714/1674
f 1153/1523/1484 1197/1714/1674 1198/1525/1486
f 1198/1525/1486 1197/1714/1674 1242/1715/1675
f 1198/1525/1486 1242/1715/1675 1243/1527/1488
f 1243/1527/1488 1242/1715/1675 973/1529/1490
f 1152/1713/1673 1107/1659/1619 1151/1660/1620
f 1109/1522/1483 1154/1524/1485 1110/1669/1629
f 1110/1669/1629 1154/1524/1485 1155/1716/1676
f 1110/1669/1629 1155/1716/1676 1111/1666/1626
f 1111/1666/1626 1155/1716/1676 1156/1668/1628
f 1157/1534/1495 1113/1536/1497 1112/1667/1627
f 1071/1540/1501 1115/1671/1631 1116/1542/1503
f 1116/1542/1503 1115/1671/1631 1160/1717/1677
f 1116/1542/1503 1160/1717/1677 1161/1544/1505
f 1161/1544/1505 1160/1717/1677 1205/1718/1678
f 1161/1544/1505 1205/1718/1678 1206/1546/1507
f 1206/1546/1507 1205/1718/1678 1250/1719/1679
f 1206/1546/1507 1250/1719/1679 1251/1548/1509
f 1251/1548/1509 1250/1719/1679 973/1529/1490
f 1160/1717/1677 1115/1671/1631 1159/1672/1632
f 1117/1543/1504 1162/1545/1506 1118/1681/1641
f 1118/1681/1641 1162/1545/1506 1163/1720/1680
f 1118/1681/1641 1163/1720/1680 1119/1678/1638
f 1119/1678/1638 1163/1720/1680 1164/1680/1640
f 1165/1554/1515 1121/1556/1517 1120/1679/1639
f 1167/1648/1608 1122/1557/1518 1166/1555/1516
f 1169/1564/1525 1124/1562/1523 1168/1647/1607
f 1168/1647/1607 1124/1562/1523 1123/1649/1609
f 1170/1565/1526 1126/1657/1617 1125/1563/1524
f 1173/1575/1536 1129/1577/1538 1128/1684/1644
f 1128/1684/1644 1129/1577/1538 1084/1653/1613
f 1173/1575/1536 1128/1684/1644 1172/1685/1645
f 1087/1582/1542 1131/1687/1647 1132/1584/1544
f 1132/1584/1544 1131/1687/1647 1176/1721/1681
f 1132/1584/1544 1176/1721/1681 1177/1586/1546
f 1177/1586/1546 1176/1721/1681 1221/1722/1682
f 1177/1586/1546 1221/1722/1682 1222/1588/1548
f 1222/1588/1548 1221/1722/1682 1266/1723/1683
f 1222/1588/1548 1266/1723/1683 1267/1590/1550
f 1267/1590/1550 1266/1723/1683 747/1570/1531
f 1176/1721/1681 1131/1687/1647 1175/1688/1648
f 1133/1585/1545 1178/1587/1547 1134/1697/1657
f 1134/1697/1657 1178/1587/1547 1179/1724/1684
f 1134/1697/1657 1179/1724/1684 1135/1694/1654
f 1135/1694/1654 1179/1724/1684 1180/1696/1656
f 1181/1596/1556 1137/1598/1558 1136/1695/1655
f 1095/1602/1562 1139/1699/1659 1140/1604/1564
f 1140/1604/1564 1139/1699/1659 1184/1725/1685
f 1140/1604/1564 1184/1725/1685 1185/1606/1566
f 1185/1606/1566 1184/1725/1685 1229/1726/1686
f 1185/1606/1566 1229/1726/1686 1230/1608/1568
f 1230/1608/1568 1229/1726/1686 1274/1727/1687
f 1230/1608/1568 1274/1727/1687 1275/1610/1570
f 1275/1610/1570 1274/1727/1687 747/1570/1531
f 1184/1725/1685 1139/1699/1659 1183/1700/1660
f 1141/1605/1565 1186/1607/1567 1142/1709/1669
f 1142/1709/1669 1186/1607/1567 1187/1728/1688
f 1142/1709/1669 1187/1728/1688 1143/1706/1666
f 1143/1706/1666 1187/1728/1688 1188/1708/1668
f 1189/1616/1576 1145/1618/1578 1144/1707/1667
f 1103/1622/1582 1147/1711/1671 1148/1624/1584
f 1148/1624/1584 1147/1711/1671 1192/1729/1689
f 1148/1624/1584 1192/1729/1689 1193/1626/1586
f 1193/1626/1586 1192/1729/1689 1237/1629/1589
f 1192/1729/1689 1147/1711/1671 1191/1712/1672
f 1152/1713/1673 1151/1660/1620 1196/1730/1690
f 1196/1730/1690 1151/1660/1620 1195/1661/1621
f 1196/1730/1690 1195/1661/1621 1240/1731/1691
f 1240/1731/1691 1195/1661/1621 1239/1662/1622
f 1240/1731/1691 1239/1662/1622 973/1529/1490
f 1154/1524/1485 1199/1526/1487 1155/1716/1676
f 1155/1716/1676 1199/1526/1487 1200/1732/1692
f 1155/1716/1676 1200/1732/1692 1156/1668/1628
f 1156/1668/1628 1200/1732/1692 1201/1532/1493
f 1160/1717/1677 1159/1672/1632 1204/1733/1693
f 1204/1733/1693 1159/1672/1632 1203/1673/1633
f 1204/1733/1693 1203/1673/1633 1248/1734/1694
f 1248/1734/1694 1203/1673/1633 1247/1674/1634
f 1248/1734/1694 1247/1674/1634 973/1529/1490
f 1162/1545/1506 1207/1547/1508 1163/1720/1680
f 1163/1720/1680 1207/1547/1508 1208/1735/1695
f 1163/1720/1680 1208/1735/1695 1164/1680/1640
f 1164/1680/1640 1208/1735/1695 1209/1552/1513
f 1167/1648/1608 1166/1555/1516 1211/1736/1696
f 1211/1736/1696 1166/1555/1516 1210/1553/1514
f 1211/1736/1696 1210/1553/1514 1255/1737/1697
f 1255/1737/1697 1210/1553/1514 1254/1551/1512
f 1255/1737/1697 1254/1551/1512 973/1529/1490
f 1214/1566/1527 1169/1564/1525 1213/1645/1605
f 1213/1645/1605 1169/1564/1525 1168/1647/1607
f 1217/1573/1534 1173/1575/1536 1172/1685/1645
f 1217/1573/1534 1172/1685/1645 1216/1686/1646
f 1176/1721/1681 1175/1688/1648 1220/1738/1698
f 1220/1738/1698 1175/1688/1648 1219/1689/1649
f 1220/1738/1698 1219/1689/1649 1264/1739/1699
f 1264/1739/1699 1219/1689/1649 1263/1690/1650
f 1264/1739/1699 1263/1690/1650 747/1570/1531
f 1178/1587/1547 1223/1589/1549 1179/1724/1684
f 1179/1724/1684 1223/1589/1549 1224/1740/1700
f 1179/1724/1684 1224/1740/1700 1180/1696/1656
f 1180/1696/1656 1224/1740/1700 1225/1594/1554
f 1184/1725/1685 1183/1700/1660 1228/1741/1701
f 1228/1741/1701 1183/1700/1660 1227/1701/1661
f 1228/1741/1701 1227/1701/1661 1272/1742/1702
f 1272/1742/1702 1227/1701/1661 1271/1702/1662
f 1272/1742/1702 1271/1702/1662 747/1570/1531
f 1186/1607/1567 1231/1609/1569 1187/1728/1688
f 1187/1728/1688 1231/1609/1569 1232/1743/1703
f 1187/1728/1688 1232/1743/1703 1188/1708/1668
f 1188/1708/1668 1232/1743/1703 1233/1614/1574
f 1192/1729/1689 1191/1712/1672 1236/1744/1704
f 1236/1744/1704 1191/1712/1672 1235/1634/1594
f 1236/1744/1704 1235/1634/1594 1280/1632/1592
f 1152/1713/1673 1196/1730/1690 1197/1714/1674
f 1197/1714/1674 1196/1730/1690 1241/1745/1705
f 1197/1714/1674 1241/1745/1705 1242/1715/1675
f 1242/1715/1675 1241/1745/1705 973/1529/1490
f 1241/1745/1705 1196/1730/1690 1240/1731/1691
f 1245/1530/1491 1201/1532/1493 1200/1732/1692
f 1245/1530/1491 1200/1732/1692 1244/1528/1489
f 1244/1528/1489 1200/1732/1692 1199/1526/1487
f 1160/1717/1677 1204/1733/1693 1205/1718/1678
f 1205/1718/1678 1204/1733/1693 1249/1746/1706
f 1205/1718/1678 1249/1746/1706 1250/1719/1679
f 1250/1719/1679 1249/1746/1706 973/1529/1490
f 1249/1746/1706 1204/1733/1693 1248/1734/1694
f 1253/1550/1511 1209/1552/1513 1208/1735/1695
f 1253/1550/1511 1208/1735/1695 1252/1549/1510
f 1252/1549/1510 1208/1735/1695 1207/1547/1508
f 1167/1648/1608 1211/1736/1696 1212/1646/1606
f 1212/1646/1606 1211/1736/1696 1256/1747/1707
f 1212/1646/1606 1256/1747/1707 1257/1644/1604
f 1257/1644/1604 1256/1747/1707 973/1529/1490
f 1256/1747/1707 1211/1736/1696 1255/1737/1697
f 1259/1568/1529 1214/1566/1527 1258/1643/1603
f 1258/1643/1603 1214/1566/1527 1213/1645/1605
f 1261/1571/1532 1217/1573/1534 1216/1686/1646
f 1261/1571/1532 1216/1686/1646 1260/1569/1530
f 1176/1721/1681 1220/1738/1698 1221/1722/1682
f 1221/1722/1682 1220/1738/1698 1265/1748/1708
f 1221/1722/1682 1265/1748/1708 1266/1723/1683
f 1266/1723/1683 1265/1748/1708 747/1570/1531
f 1265/1748/1708 1220/1738/1698 1264/1739/1699
f 1269/1592/1552 1225/1594/1554 1224/1740/1700
f 1269/1592/1552 1224/1740/1700 1268/1591/1551
f 1268/1591/1551 1224/1740/1700 1223/1589/1549
f 1184/1725/1685 1228/1741/1701 1229/1726/1686
f 1229/1726/1686 1228/1741/1701 1273/1749/1709
f 1229/1726/1686 1273/1749/1709 1274/1727/1687
f 1274/1727/1687 1273/1749/1709 747/1570/1531
f 1273/1749/1709 1228/1741/1701 1272/1742/1702
f 1277/1612/1572 1233/1614/1574 1232/1743/1703
f 1277/1612/1572 1232/1743/1703 1276/1611/1571
f 1276/1611/1571 1232/1743/1703 1231/1609/1569
f 1279/1633/1593 1234/1615/1575 1278/1613/1573
f 1281/1631/1591 1237/1629/1589 1236/1744/1704
f 1236/1744/1704 1237/1629/1589 1192/1729/1689
f 1281/1631/1591 1236/1744/1704 1280/1632/1592
f 973/1529/1490 1241/1745/1705 1240/1731/1691
f 973/1529/1490 1249/1746/1706 1248/1734/1694
f 973/1529/1490 1256/1747/1707 1255/1737/1697
f 747/1570/1531 1265/1748/1708 1264/1739/1699
f 747/1570/1531 1273/1749/1709 1272/1742/1702
f 747/1570/1531 1279/1633/1593 1278/1613/1573
f 973/1750/1490 1283/1751/1710 747/1752/1531
f 747/1752/1531 1283/1751/1710 1284/1753/1711
f 747/1752/1531 1284/1753/1711 1285/1754/1712
f 972/1755/1713 1035/1756/1714 973/1750/1490
f 973/1750/1490 1035/1756/1714 1282/1757/1715
f 973/1750/1490 1282/1757/1715 1283/1751/1710
f 972/1755/1713 1036/1758/1716 1035/1756/1714
f 1283/1751/1710 929/1759/1717 1284/1753/1711
f 1284/1753/1711 929/1759/1717 1020/1760/1718
f 1020/1760/1718 929/1759/1717 928/1761/1719
f 1020/1760/1718 928/1761/1719 1021/1762/1720
f 1285/1754/1712 1003/1763/1721 747/1752/1531
f 747/1752/1531 1003/1763/1721 748/1764/1722
f 748/1764/1722 1003/1763/1721 1002/1765/1723
f 739/1766/1724 1286/1767/1725 740/1768/1472
f 740/1768/1472 1286/1767/1725 1287/1769/1726
f 740/1768/1472 1287/1769/1726 1005/1770/1473
f 1005/1770/1473 1287/1769/1726 1006/1771/1727
f 1006/1771/1727 1287/1769/1726 1007/1772/1728
f 1007/1772/1728 1287/1769/1726 1289/1773/1729
f 1007/1772/1728 1289/1773/1729 1008/1774/1730
f 1008/1774/1730 1289/1773/1729 1291/1775/1731
f 1008/1774/1730 1291/1775/1731 1009/1776/1732
f 1009/1776/1732 1291/1775/1731 1293/1777/1733
f 1009/1776/1732 1293/1777/1733 1010/1778/1734
f 1010/1778/1734 1293/1777/1733 1295/1779/1735
f 1010/1778/1734 1295/1779/1735 1011/1780/1736
f 1011/1780/1736 1295/1779/1735 1294/1781/1737
f 1011/1780/1736 1294/1781/1737 734/1782/1738
f 734/1782/1738 1294/1781/1737 735/1783/1739
f 735/1783/1739 1294/1781/1737 736/1784/1740
f 736/1784/1740 1294/1781/1737 1292/1785/1741
f 736/1784/1740 1292/1785/1741 737/1786/1742
f 737/1786/1742 1292/1785/1741 1290/1787/1743
f 737/1786/1742 1290/1787/1743 738/1788/1744
f 738/1788/1744 1290/1787/1743 1288/1789/1745
f 738/1788/1744 1288/1789/1745 739/1766/1724
f 739/1766/1724 1288/1789/1745 1286/1767/1725
f 1289/1773/1729 1287/1769/1726 1286/1767/1725
f 1289/1773/1729 1286/1767/1725 1288/1789/1745
f 1291/1775/1731 1289/1773/1729 1288/1789/1745
f 1291/1775/1731 1288/1789/1745 1290/1787/1743
f 1293/1777/1733 1291/1775/1731 1290/1787/1743
f 1293/1777/1733 1290/1787/1743 1292/1785/1741
f 1295/1779/1735 1293/1777/1733 1292/1785/1741
f 1295/1779/1735 1292/1785/1741 1294/1781/1737
f 965/1790/1746 1296/1791/1747 966/1792/1748
f 966/1792/1748 1296/1791/1747 1297/1793/1749
f 966/1792/1748 1297/1793/1749 1027/1794/1750
f 1027/1794/1750 1297/1793/1749 1028/1795/1751
f 1028/1795/1751 1297/1793/1749 1029/1796/1752
f 1029/1796/1752 1297/1793/1749 1299/1797/1753
f 1029/1796/1752 1299/1797/1753 1030/1798/1754
f 1030/1798/1754 1299/1797/1753 1301/1799/1755
f 1030/1798/1754 1301/1799/1755 1031/1800/1756
f 1031/1800/1756 1301/1799/1755 1303/1801/1757
f 1031/1800/1756 1303/1801/1757 1032/1802/1758
f 1032/1802/1758 1303/1801/1757 1305/1803/1759
f 1032/1802/1758 1305/1803/1759 1033/1804/1468
f 1033/1804/1468 1305/1803/1759 1304/1805/1760
f 1033/1804/1468 1304/1805/1760 960/1806/1467
f 960/1806/1467 1304/1805/1760 961/1807/1761
f 961/1807/1761 1304/1805/1760 962/1808/1762
f 962/1808/1762 1304/1805/1760 1302/1809/1763
f 962/1808/1762 1302/1809/1763 963/1810/1764
f 963/1810/1764 1302/1809/1763 1300/1811/1765
f 963/1810/1764 1300/1811/1765 964/1812/1766
f 964/1812/1766 1300/1811/1765 1298/1813/1767
f 964/1812/1766 1298/1813/1767 965/1790/1746
f 965/1790/1746 1298/1813/1767 1296/1791/1747
f 1299/1797/1753 1297/1793/1749 1296/1791/1747
f 1299/1797/1753 1296/1791/1747 1298/1813/1767
f 1301/1799/1755 1299/1797/1753 1298/1813/1767
f 1301/1799/1755 1298/1813/1767 1300/1811/1765
f 1303/1801/1757 1301/1799/1755 1300/1811/1765
f 1303/1801/1757 1300/1811/1765 1302/1809/1763
f 1305/1803/1759 1303/1801/1757 1302/1809/1763
f 1305/1803/1759 1302/1809/1763 1304/1805/1760
f 931/1814/1477 1018/1815/1476 932/1816/1768
f 932/1816/1768 1018/1815/1476 1017/1817/1769
f 932/1816/1768 1017/1817/1769 933/1818/1770
f 933/1818/1770 1017/1817/1769 1016/1819/1771
f 933/1818/1770 1016/1819/1771 934/1820/1772
f 934/1820/1772 1016/1819/1771 1015/1821/1773
f 934/1820/1772 1015/1821/1773 935/1822/1774
f 935/1822/1774 1015/1821/1773 1014/1823/1775
f 935/1822/1774 1014/1823/1775 936/1824/1776
f 936/1824/1776 1014/1823/1775 1013/1825/1777
f 936/1824/1776 1013/1825/1777 937/1826/1778
f 937/1826/1778 1013/1825/1777 1012/1827/1779
f 916/1828/1215 937/1829/1778 917/1830/1214
f 917/1830/1214 937/1829/1778 1012/1831/1779
f 1021/1832/1720 928/1833/1719 1306/1834/1780
f 1306/1834/1780 928/1833/1719 927/1835/1781
f 1306/1834/1780 927/1835/1781 1307/1836/1782
f 1307/1836/1782 927/1835/1781 926/1837/1783
f 1307/1836/1782 926/1837/1783 1308/1838/1784
f 1308/1838/1784 926/1837/1783 925/1839/1785
f 1308/1838/1784 925/1839/1785 1309/1840/1786
f 1309/1840/1786 925/1839/1785 924/1841/1787
f 1309/1840/1786 924/1841/1787 1310/1842/1788
f 1310/1842/1788 924/1841/1787 923/1843/1789
f 1310/1842/1788 923/1843/1789 910/1844/1203
f 910/1844/1203 909/1845/1202 1310/1842/1788
f 1310/1842/1788 909/1845/1202 1026/1846/1790
f 1310/1842/1788 1026/1846/1790 1309/1840/1786
f 1309/1840/1786 1026/1846/1790 1025/1847/1791
f 1309/1840/1786 1025/1847/1791 1308/1838/1784
f 1308/1838/1784 1025/1847/1791 1024/1848/1792
f 1308/1838/1784 1024/1848/1792 1307/1836/1782
f 1307/1836/1782 1024/1848/1792 1023/1849/1793
f 1307/1836/1782 1023/1849/1793 1306/1834/1780
f 1306/1834/1780 1023/1849/1793 1022/1850/1794
f 1306/1834/1780 1022/1850/1794 1021/1832/1720
f 1041/1851/1795 1311/1852/1796 842/1853/1138
f 842/1853/1138 1311/1852/1796 1312/1854/1797
f 842/1853/1138 1312/1854/1797 1313/1855/1798
f 1313/1855/1798 1312/1854/1797 1318/1856/1799
f 1313/1855/1798 1318/1856/1799 1319/1857/1800
f 1319/1857/1800 1318/1856/1799 1324/1858/1801
f 1319/1857/1800 1324/1858/1801 1325/1859/1802
f 1325/1859/1802 1324/1858/1801 1330/1860/1803
f 1325/1859/1802 1330/1860/1803 970/1861/1804
f 970/1861/1804 1330/1860/1803 971/1862/1805
f 971/1862/1805 1330/1860/1803 1335/1863/1806
f 971/1862/1805 1335/1863/1806 972/1864/1713
f 972/1864/1713 1335/1863/1806 1334/1865/1807
f 972/1864/1713 1334/1865/1807 1333/1866/1808
f 1333/1866/1808 1334/1865/1807 1328/1867/1809
f 1333/1866/1808 1328/1867/1809 1327/1868/1810
f 1327/1868/1810 1328/1867/1809 1322/1869/1811
f 1327/1868/1810 1322/1869/1811 1321/1870/1812
f 1321/1870/1812 1322/1869/1811 1316/1871/1813
f 1321/1870/1812 1316/1871/1813 1040/1872/1814
f 1040/1872/1814 1316/1871/1813 1041/1851/1795
f 1041/1851/1795 1316/1871/1813 1311/1852/1796
f 1040/1872/1814 1039/1873/1815 1321/1870/1812
f 1321/1870/1812 1039/1873/1815 1326/1874/1816
f 1321/1870/1812 1326/1874/1816 1327/1868/1810
f 1327/1868/1810 1326/1874/1816 1332/1875/1817
f 1327/1868/1810 1332/1875/1817 1333/1866/1808
f 1333/1866/1808 1332/1875/1817 1036/1876/1716
f 1333/1866/1808 1036/1876/1716 972/1864/1713
f 1039/1873/1815 1038/1877/1818 1326/1874/1816
f 1326/1874/1816 1038/1877/1818 1331/1878/1819
f 1326/1874/1816 1331/1878/1819 1332/1875/1817
f 1332/1875/1817 1331/1878/1819 1036/1876/1716
f 1038/1877/1818 1037/1879/1820 1331/1878/1819
f 1331/1878/1819 1037/1879/1820 1036/1876/1716
f 970/1861/1804 969/1880/1821 1325/1859/1802
f 1325/1859/1802 969/1880/1821 1320/1881/1822
f 1325/1859/1802 1320/1881/1822 1319/1857/1800
f 1319/1857/1800 1320/1881/1822 1314/1882/1823
f 1319/1857/1800 1314/1882/1823 1313/1855/1798
f 1313/1855/1798 1314/1882/1823 843/1883/1142
f 1313/1855/1798 843/1883/1142 842/1853/1138
f 969/1880/1821 968/1884/1824 1320/1881/1822
f 1320/1881/1822 968/1884/1824 1315/1885/1825
f 1320/1881/1822 1315/1885/1825 1314/1882/1823
f 1314/1882/1823 1315/1885/1825 843/1883/1142
f 968/1884/1824 967/1886/1826 1315/1885/1825
f 1315/1885/1825 967/1886/1826 843/1883/1142
f 1312/1854/1797 1311/1852/1796 1317/1887/1827
f 1317/1887/1827 1311/1852/1796 1316/1871/1813
f 1317/1887/1827 1316/1871/1813 1322/1869/1811
f 1312/1854/1797 1317/1887/1827 1318/1856/1799
f 1318/1856/1799 1317/1887/1827 1323/1888/1828
f 1318/1856/1799 1323/1888/1828 1324/1858/1801
f 1324/1858/1801 1323/1888/1828 1329/1889/1829
f 1324/1858/1801 1329/1889/1829 1330/1860/1803
f 1330/1860/1803 1329/1889/1829 1335/1863/1806
f 1323/1888/1828 1317/1887/1827 1322/1869/1811
f 1329/1889/1829 1323/1888/1828 1328/1867/1809
f 1328/1867/1809 1323/1888/1828 1322/1869/1811
f 1335/1863/1806 1329/1889/1829 1334/1865/1807
f 1334/1865/1807 1329/1889/1829 1328/1867/1809
f 1001/1890/1830 1336/1891/1831 1002/1892/1723
f 1002/1892/1723 1336/1891/1831 1337/1893/1832
f 1002/1892/1723 1337/1893/1832 1338/1894/1833
f 1338/1894/1833 1337/1893/1832 1343/1895/1834
f 1338/1894/1833 1343/1895/1834 1344/1896/1835
f 1344/1896/1835 1343/1895/1834 1349/1897/1836
f 1344/1896/1835 1349/1897/1836 1350/1898/1837
f 1350/1898/1837 1349/1897/1836 1355/1899/1838
f 1350/1898/1837 1355/1899/1838 752/1900/1839
f 752/1900/1839 1355/1899/1838 753/1901/1840
f 753/1901/1840 1355/1899/1838 1360/1902/1841
f 753/1901/1840 1360/1902/1841 754/1903/1842
f 754/1903/1842 1360/1902/1841 1359/1904/1843
f 754/1903/1842 1359/1904/1843 1358/1905/1844
f 1358/1905/1844 1359/1904/1843 1353/1906/1845
f 1358/1905/1844 1353/1906/1845 1352/1907/1846
f 1352/1907/1846 1353/1906/1845 1347/1908/1847
f 1352/1907/1846 1347/1908/1847 1346/1909/1848
f 1346/1909/1848 1347/1908/1847 1341/1910/1849
f 1346/1909/1848 1341/1910/1849 1000/1911/1850
f 1000/1911/1850 1341/1910/1849 1001/1890/1830
f 1001/1890/1830 1341/1910/1849 1336/1891/1831
f 1000/1911/1850 999/1912/1851 1346/1909/1848
f 1346/1909/1848 999/1912/1851 1351/1913/1852
f 1346/1909/1848 1351/1913/1852 1352/1907/1846
f 1352/1907/1846 1351/1913/1852 1357/1914/1853
f 1352/1907/1846 1357/1914/1853 1358/1905/1844
f 1358/1905/1844 1357/1914/1853 996/1915/1854
f 1358/1905/1844 996/1915/1854 754/1903/1842
f 999/1912/1851 998/1916/1855 1351/1913/1852
f 1351/1913/1852 998/1916/1855 1356/1917/1856
f 1351/1913/1852 1356/1917/1856 1357/1914/1853
f 1357/1914/1853 1356/1917/1856 996/1915/1854
f 998/1916/1855 997/1918/1857 1356/1917/1856
f 1356/1917/1856 997/1918/1857 996/1915/1854
f 752/1900/1839 751/1919/1858 1350/1898/1837
f 1350/1898/1837 751/1919/1858 1345/1920/1859
f 1350/1898/1837 1345/1920/1859 1344/1896/1835
f 1344/1896/1835 1345/1920/1859 1339/1921/1860
f 1344/1896/1835 1339/1921/1860 1338/1894/1833
f 1338/1894/1833 1339/1921/1860 748/1922/1722
f 1338/1894/1833 748/1922/1722 1002/1892/1723
f 751/1919/1858 750/1923/1861 1345/1920/1859
f 1345/1920/1859 750/1923/1861 1340/1924/1862
f 1345/1920/1859 1340/1924/1862 1339/1921/1860
f 1339/1921/1860 1340/1924/1862 748/1922/1722
f 750/1923/1861 749/1925/1863 1340/1924/1862
f 1340/1924/1862 749/1925/1863 748/1922/1722
f 1337/1893/1832 1336/1891/1831 1342/1926/1864
f 1342/1926/1864 1336/1891/1831 1341/1910/1849
f 1342/1926/1864 1341/1910/1849 1347/1908/1847
f 1337/1893/1832 1342/1926/1864 1343/1895/1834
f 1343/1895/1834 1342/1926/1864 1348/1927/1865
f 1343/1895/1834 1348/1927/1865 1349/1897/1836
f 1349/1897/1836 1348/1927/1865 1354/1928/1866
f 1349/1897/1836 1354/1928/1866 1355/1899/1838
f 1355/1899/1838 1354/1928/1866 1360/1902/1841
f 1348/1927/1865 1342/1926/1864 1347/1908/1847
f 1354/1928/1866 1348/1927/1865 1353/1906/1845
f 1353/1906/1845 1348/1927/1865 1347/1908/1847
f 1360/1902/1841 1354/1928/1866 1359/1904/1843
f 1359/1904/1843 1354/1928/1866 1353/1906/1845
f 755/1929/1091 1362/1930/1867 774/1931/1063
f 774/1931/1063 1362/1930/1867 1396/1932/1868
f 774/1931/1063 1396/1932/1868 1397/1933/1869
f 754/1934/1842 1379/1935/1870 755/1929/1091
f 755/1929/1091 1379/1935/1870 1380/1936/1871
f 755/1929/1091 1380/1936/1871 1381/1937/1872
f 996/1938/1854 1372/1939/1873 754/1934/1842
f 754/1934/1842 1372/1939/1873 1373/1940/1874
f 754/1934/1842 1373/1940/1874 1374/1941/1875
f 774/1931/1063 1403/1942/1876 996/1938/1854
f 996/1938/1854 1403/1942/1876 1404/1943/1877
f 996/1938/1854 1404/1943/1877 1405/1944/1878
f 1384/1945/1879 1361/1946/1880 755/1929/1091
f 755/1929/1091 1361/1946/1880 1362/1930/1867
f 1362/1930/1867 1363/1947/1881 1396/1932/1868
f 1396/1932/1868 1363/1947/1881 1395/1948/1882
f 1395/1948/1882 1363/1947/1881 1394/1949/1883
f 1394/1949/1883 1363/1947/1881 1364/1950/1884
f 1394/1949/1883 1364/1950/1884 1393/1951/1885
f 1393/1951/1885 1364/1950/1884 1365/1952/1886
f 1393/1951/1885 1365/1952/1886 1392/1953/1887
f 1392/1953/1887 1365/1952/1886 1366/1954/1888
f 1392/1953/1887 1366/1954/1888 1391/1955/1889
f 1391/1955/1889 1366/1954/1888 1367/1956/1890
f 1391/1955/1889 1367/1956/1890 1368/1957/1891
f 1391/1955/1889 1368/1957/1891 1390/1958/1892
f 1390/1958/1892 1368/1957/1891 1369/1959/1893
f 1390/1958/1892 1369/1959/1893 1389/1960/1894
f 1389/1960/1894 1369/1959/1893 1370/1961/1895
f 1389/1960/1894 1370/1961/1895 1388/1962/1896
f 1388/1962/1896 1370/1961/1895 1371/1963/1897
f 1388/1962/1896 1371/1963/1897 1387/1964/1898
f 1387/1964/1898 1371/1963/1897 1386/1965/1899
f 1386/1965/1899 1371/1963/1897 1372/1939/1873
f 1386/1965/1899 1372/1939/1873 996/1938/1854
f 1374/1941/1875 1375/1966/1900 754/1934/1842
f 754/1934/1842 1375/1966/1900 1376/1967/1901
f 754/1934/1842 1376/1967/1901 1377/1968/1902
f 1377/1968/1902 1378/1969/1903 754/1934/1842
f 754/1934/1842 1378/1969/1903 1379/1935/1870
f 1381/1937/1872 1382/1970/1904 755/1929/1091
f 755/1929/1091 1382/1970/1904 1383/1971/1905
f 755/1929/1091 1383/1971/1905 1384/1945/1879
f 1408/1972/1906 1385/1973/1907 996/1938/1854
f 996/1938/1854 1385/1973/1907 1386/1965/1899
f 1397/1933/1869 1398/1974/1908 774/1931/1063
f 774/1931/1063 1398/1974/1908 1399/1975/1909
f 774/1931/1063 1399/1975/1909 1400/1976/1910
f 1400/1976/1910 1401/1977/1911 774/1931/1063
f 774/1931/1063 1401/1977/1911 1402/1978/1912
f 774/1931/1063 1402/1978/1912 1403/1942/1876
f 1405/1944/1878 1406/1979/1913 996/1938/1854
f 996/1938/1854 1406/1979/1913 1407/1980/1914
f 996/1938/1854 1407/1980/1914 1408/1972/1906
f 1285/1981/1915 1058/1982/1916 1003/1983/1917
f 1003/1983/1917 1058/1982/1916 1004/1984/1918
f 1285/1985/1919 1284/1986/1920 1058/1987/1921
f 1058/1987/1921 1284/1986/1920 1059/1988/1922
f 591/1989/1923 772/1990/1924 592/1991/1925
f 592/1991/1925 772/1990/1924 771/1992/1926
f 1035/1993/1927 1034/1994/1928 1282/1995/1929
f 1282/1995/1929 1034/1994/1928 1061/1996/1930
f 599/1997/1931 764/1998/1932 600/1999/1933
f 600/1999/1933 764/1998/1932 763/2000/1934
f 599/2001/1935 598/2002/1936 764/2003/1937
f 764/2003/1937 598/2002/1936 765/2004/1938
f 1020/2005/1939 1019/2006/1940 1284/2007/1941
f 1284/2007/1941 1019/2006/1940 1059/2008/1942
f 593/2009/1943 770/2010/1944 594/2011/1945
f 594/2011/1945 770/2010/1944 769/2012/1946
f 771/2013/1947 770/2014/1948 592/2015/1949
f 592/2015/1949 770/2014/1948 593/2016/1950
f 1283/2017/1951 1060/2018/1952 929/2019/1953
f 929/2019/1953 1060/2018/1952 930/2020/1954
f 1061/2021/1955 1060/2022/1956 1282/2023/1957
f 1282/2023/1957 1060/2022/1956 1283/2024/1958
f 597/2025/1959 766/2026/1960 598/2027/1961
f 598/2027/1961 766/2026/1960 765/2028/1962
f 1057/2029/1963 1056/2030/1964 1044/2031/1965
f 1044/2031/1965 1056/2030/1964 1045/2032/1966
f 1054/2033/1967 1057/2034/1968 1043/2035/1969
f 1043/2035/1969 1057/2034/1968 1044/2036/1970
f 1055/2037/1971 1054/2038/1972 1042/2039/1973
f 1042/2039/1973 1054/2038/1972 1043/2040/1974
f 1056/2041/1975 1055/2042/1976 1045/2043/1977
f 1045/2043/1977 1055/2042/1976 1042/2044/1978
f 1053/2045/1979 1052/2046/1980 1048/2047/1981
f 1048/2047/1981 1052/2046/1980 1049/2048/1982
f 1050/2049/1983 1053/2050/1984 1047/2051/1985
f 1047/2051/1985 1053/2050/1984 1048/2052/1986
f 1051/2053/1987 1050/2054/1988 1046/2055/1989
f 1046/2055/1989 1050/2054/1988 1047/2056/1990
f 1052/2057/1991 1051/2058/1992 1049/2059/1993
f 1049/2059/1993 1051/2058/1992 1046/2060/1994
f 1410/2061/1995 869/2062/1996 1409/2063/1997
f 1409/2063/1997 869/2062/1996 868/2064/1998
f 1409/2065/1997 868/2066/1998 1432/2067/1999
f 1432/2067/1999 868/2066/1998 891/2068/2000
f 1432/2067/1999 891/2068/2000 1431/2069/2001
f 1431/2069/2001 891/2068/2000 890/2070/2002
f 1431/2069/2001 890/2070/2002 1430/2071/2003
f 1430/2071/2003 890/2070/2002 889/2072/2004
f 1430/2071/2003 889/2072/2004 1429/2073/2005
f 1429/2073/2005 889/2072/2004 888/2074/2006
f 1429/2073/2005 888/2074/2006 1428/2075/2007
f 1428/2075/2007 888/2074/2006 887/2076/2008
f 1428/2075/2007 887/2076/2008 1427/2077/2009
f 1427/2077/2009 887/2076/2008 886/2078/2010
f 1427/2077/2009 886/2078/2010 1426/2079/2011
f 1426/2079/2011 886/2078/2010 885/2080/2012
f 1426/2079/2011 885/2080/2012 1425/2081/2013
f 1425/2081/2013 885/2080/2012 884/2082/2014
f 1425/2081/2013 884/2082/2014 1424/2083/2015
f 1424/2083/2015 884/2082/2014 883/2084/2016
f 1424/2083/2015 883/2084/2016 1423/2085/2017
f 1423/2085/2017 883/2084/2016 882/2086/2018
f 1423/2085/2017 882/2086/2018 1422/2087/2019
f 1422/2087/2019 882/2086/2018 881/2088/2020
f 1422/2087/2019 881/2088/2020 1421/2089/2021
f 1421/2089/2021 881/2088/2020 880/2090/2022
f 1421/2089/2021 880/2090/2022 1420/2091/2023
f 1420/2091/2023 880/2090/2022 879/2092/2024
f 1420/2091/2023 879/2092/2024 1419/2093/2025
f 1419/2093/2025 879/2092/2024 878/2094/2026
f 1419/2093/2025 878/2094/2026 1418/2095/2027
f 1418/2095/2027 878/2094/2026 877/2096/2028
f 1418/2095/2027 877/2096/2028 1417/2097/2029
f 1417/2097/2029 877/2096/2028 876/2098/2030
f 1417/2097/2029 876/2098/2030 1416/2099/2031
f 1416/2099/2031 876/2098/2030 875/2100/2032
f 1416/2099/2031 875/2100/2032 1415/2101/2033
f 1415/2101/2033 875/2100/2032 874/2102/2034
f 1415/2101/2033 874/2102/2034 1414/2103/2035
f 1414/2103/2035 874/2102/2034 873/2104/2036
f 1414/2103/2035 873/2104/2036 1413/2105/2037
f 1413/2105/2037 873/2104/2036 872/2106/2038
f 1413/2105/2037 872/2106/2038 1412/2107/2039
f 1412/2107/2039 872/2106/2038 871/2108/2040
f 1412/2107/2039 871/2108/2040 1411/2109/2041
f 1411/2109/2041 871/2108/2040 870/2110/2042
f 1411/2109/2041 870/2110/2042 1410/2061/1995
f 1410/2061/1995 870/2110/2042 869/2062/1996
f 1434/2111/2043 1386/2112/2044 1433/2113/2045
f 1433/2113/2045 1386/2112/2044 1385/2114/2046
f 1433/2115/2045 1385/2116/2046 1456/2117/2047
f 1456/2117/2047 1385/2116/2046 1408/2118/2048
f 1456/2117/2047 1408/2118/2048 1455/2119/2049
f 1455/2119/2049 1408/2118/2048 1407/2120/2050
f 1455/2119/2049 1407/2120/2050 1454/2121/2051
f 1454/2121/2051 1407/2120/2050 1406/2122/2052
f 1454/2121/2051 1406/2122/2052 1453/2123/2053
f 1453/2123/2053 1406/2122/2052 1405/2124/2054
f 1453/2123/2053 1405/2124/2054 1452/2125/2055
f 1452/2125/2055 1405/2124/2054 1404/2126/2056
f 1452/2125/2055 1404/2126/2056 1451/2127/2057
f 1451/2127/2057 1404/2126/2056 1403/2128/2058
f 1451/2127/2057 1403/2128/2058 1450/2129/2059
f 1450/2129/2059 1403/2128/2058 1402/2130/2060
f 1450/2129/2059 1402/2130/2060 1449/2131/2061
f 1449/2131/2061 1402/2130/2060 1401/2132/2062
f 1449/2131/2061 1401/2132/2062 1448/2133/2063
f 1448/2133/2063 1401/2132/2062 1400/2134/2064
f 1448/2133/2063 1400/2134/2064 1447/2135/2065
f 1447/2135/2065 1400/2134/2064 1399/2136/2066
f 1447/2135/2065 1399/2136/2066 1446/2137/2067
f 1446/2137/2067 1399/2136/2066 1398/2138/2068
f 1446/2137/2067 1398/2138/2068 1445/2139/2069
f 1445/2139/2069 1398/2138/2068 1397/2140/2070
f 1445/2139/2069 1397/2140/2070 1444/2141/2071
f 1444/2141/2071 1397/2140/2070 1396/2142/2072
f 1444/2141/2071 1396/2142/2072 1443/2143/2073
f 1443/2143/2073 1396/2142/2072 1395/2144/2074
f 1443/2143/2073 1395/2144/2074 1442/2145/2075
f 1442/2145/2075 1395/2144/2074 1394/2146/2076
f 1442/2145/2075 1394/2146/2076 1441/2147/2077
f 1441/2147/2077 1394/2146/2076 1393/2148/2078
f 1441/2147/2077 1393/2148/2078 1440/2149/2079
f 1440/2149/2079 1393/2148/2078 1392/2150/2080
f 1440/2149/2079 1392/2150/2080 1439/2151/2081
f 1439/2151/2081 1392/2150/2080 1391/2152/2082
f 1439/2151/2081 1391/2152/2082 1438/2153/2083
f 1438/2153/2083 1391/2152/2082 1390/2154/2084
f 1438/2153/2083 1390/2154/2084 1437/2155/2085
f 1437/2155/2085 1390/2154/2084 1389/2156/2086
f 1437/2155/2085 1389/2156/2086 1436/2157/2087
f 1436/2157/2087 1389/2156/2086 1388/2158/2088
f 1436/2157/2087 1388/2158/2088 1435/2159/2089
f 1435/2159/2089 1388/2158/2088 1387/2160/2090
f 1435/2159/2089 1387/2160/2090 1434/2111/2043
f 1434/2111/2043 1387/2160/2090 1386/2112/2044
f 1458/2161/2091 1362/2162/2092 1457/2163/2093
f 1457/2163/2093 1362/2162/2092 1361/2164/2094
f 1457/2165/2093 1361/2166/2094 1480/2167/2095
f 1480/2167/2095 1361/2166/2094 1384/2168/2096
f 1480/2167/2095 1384/2168/2096 1479/2169/2097
f 1479/2169/2097 1384/2168/2096 1383/2170/2098
f 1479/2169/2097 1383/2170/2098 1478/2171/2099
f 1478/2171/2099 1383/2170/2098 1382/2172/2100
f 1478/2171/2099 1382/2172/2100 1477/2173/2101
f 1477/2173/2101 1382/2172/2100 1381/2174/2102
f 1477/2173/2101 1381/2174/2102 1476/2175/2103
f 1476/2175/2103 1381/2174/2102 1380/2176/2104
f 1476/2175/2103 1380/2176/2104 1475/2177/2105
f 1475/2177/2105 1380/2176/2104 1379/2178/2106
f 1475/2177/2105 1379/2178/2106 1474/2179/2107
f 1474/2179/2107 1379/2178/2106 1378/2180/2108
f 1474/2179/2107 1378/2180/2108 1473/2181/2109
f 1473/2181/2109 1378/2180/2108 1377/2182/2110
f 1473/2181/2109 1377/2182/2110 1472/2183/2111
f 1472/2183/2111 1377/2182/2110 1376/2184/2112
f 1472/2183/2111 1376/2184/2112 1471/2185/2113
f 1471/2185/2113 1376/2184/2112 1375/2186/2114
f 1471/2185/2113 1375/2186/2114 1470/2187/2115
f 1470/2187/2115 1375/2186/2114 1374/2188/2116
f 1470/2187/2115 1374/2188/2116 1469/2189/2117
f 1469/2189/2117 1374/2188/2116 1373/2190/2118
f 1469/2189/2117 1373/2190/2118 1468/2191/2119
f 1468/2191/2119 1373/2190/2118 1372/2192/2120
f 1468/2191/2119 1372/2192/2120 1467/2193/2121
f 1467/2193/2121 1372/2192/2120 1371/2194/2122
f 1467/2193/2121 1371/2194/2122 1466/2195/2123
f 1466/2195/2123 1371/2194/2122 1370/2196/2124
f 1466/2195/2123 1370/2196/2124 1465/2197/2125
f 1465/2197/2125 1370/2196/2124 1369/2198/2126
f 1465/2197/2125 1369/2198/2126 1464/2199/2127
f 1464/2199/2127 1369/2198/2126 1368/2200/2128
f 1464/2199/2127 1368/2200/2128 1463/2201/2129
f 1463/2201/2129 1368/2200/2128 1367/2202/2130
f 1463/2201/2129 1367/2202/2130 1462/2203/2131
f 1462/2203/2131 1367/2202/2130 1366/2204/2132
f 1462/2203/2131 1366/2204/2132 1461/2205/2133
f 1461/2205/2133 1366/2204/2132 1365/2206/2134
f 1461/2205/2133 1365/2206/2134 1460/2207/2135
f 1460/2207/2135 1365/2206/2134 1364/2208/2136
f 1460/2207/2135 1364/2208/2136 1459/2209/2137
f 1459/2209/2137 1364/2208/2136 1363/2210/2138
f 1459/2209/2137 1363/2210/2138 1458/2161/2091
f 1458/2161/2091 1363/2210/2138 1362/2162/2092
f 1482/2211/2139 845/2212/2140 1481/2213/2141
f 1481/2213/2141 845/2212/2140 844/2214/2142
f 1481/2215/2141 844/2216/2142 1504/2217/2143
f 1504/2217/2143 844/2216/2142 867/2218/2144
f 1504/2217/2143 867/2218/2144 1503/2219/2145
f 1503/2219/2145 867/2218/2144 866/2220/2146
f 1503/2219/2145 866/2220/2146 1502/2221/2147
f 1502/2221/2147 866/2220/2146 865/2222/2148
f 1502/2221/2147 865/2222/2148 1501/2223/2149
f 1501/2223/2149 865/2222/2148 864/2224/2150
f 1501/2223/2149 864/2224/2150 1500/2225/2151
f 1500/2225/2151 864/2224/2150 863/2226/2152
f 1500/2225/2151 863/2226/2152 1499/2227/2153
f 1499/2227/2153 863/2226/2152 862/2228/2154
f 1499/2227/2153 862/2228/2154 1498/2229/2155
f 1498/2229/2155 862/2228/2154 861/2230/2156
f 1498/2229/2155 861/2230/2156 1497/2231/2157
f 1497/2231/2157 861/2230/2156 860/2232/2158
f 1497/2231/2157 860/2232/2158 1496/2233/2159
f 1496/2233/2159 860/2232/2158 859/2234/2160
f 1496/2233/2159 859/2234/2160 1495/2235/2161
f 1495/2235/2161 859/2234/2160 858/2236/2162
f 1495/2235/2161 858/2236/2162 1494/2237/2163
f 1494/2237/2163 858/2236/2162 857/2238/2164
f 1494/2237/2163 857/2238/2164 1493/2239/2165
f 1493/2239/2165 857/2238/2164 856/2240/2166
f 1493/2239/2165 856/2240/2166 1492/2241/2167
f 1492/2241/2167 856/2240/2166 855/2242/2168
f 1492/2241/2167 855/2242/2168 1491/2243/2169
f 1491/2243/2169 855/2242/2168 854/2244/2170
f 1491/2243/2169 854/2244/2170 1490/2245/2171
f 1490/2245/2171 854/2244/2170 853/2246/2172
f 1490/2245/2171 853/2246/2172 1489/2247/2173
f 1489/2247/2173 853/2246/2172 852/2248/2174
f 1489/2247/2173 852/2248/2174 1488/2249/2175
f 1488/2249/2175 852/2248/2174 851/2250/2176
f 1488/2249/2175 851/2250/2176 1487/2251/2177
f 1487/2251/2177 851/2250/2176 850/2252/2178
f 1487/2251/2177 850/2252/2178 1486/2253/2179
f 1486/2253/2179 850/2252/2178 849/2254/2180
f 1486/2253/2179 849/2254/2180 1485/2255/2181
f 1485/2255/2181 849/2254/2180 848/2256/2182
f 1485/2255/2181 848/2256/2182 1484/2257/2183
f 1484/2257/2183 848/2256/2182 847/2258/2184
f 1484/2257/2183 847/2258/2184 1483/2259/2185
f 1483/2259/2185 847/2258/2184 846/2260/2186
f 1483/2259/2185 846/2260/2186 1482/2211/2139
f 1482/2211/2139 846/2260/2186 845/2212/2140
f 985/2261/1330 1458/2262/2187 733/2263/1328
f 733/2263/1328 1458/2262/2187 1457/2264/2188
f 733/2263/1328 1457/2264/2188 1480/2265/2189
f 1011/2266/1736 1451/2267/2190 985/2261/1330
f 985/2261/1330 1451/2267/2190 1450/2268/2191
f 985/2261/1330 1450/2268/2191 1449/2269/2192
f 734/2270/1738 1468/2271/2193 1011/2266/1736
f 1011/2266/1736 1468/2271/2193 1434/2272/2194
f 1011/2266/1736 1434/2272/2194 1433/2273/2195
f 733/2263/1328 1475/2274/2196 734/2270/1738
f 734/2270/1738 1475/2274/2196 1474/2275/2197
f 734/2270/1738 1474/2275/2197 1473/2276/2198
f 1433/2273/2195 1456/2277/2199 1011/2266/1736
f 1011/2266/1736 1456/2277/2199 1455/2278/2200
f 1011/2266/1736 1455/2278/2200 1454/2279/2201
f 1454/2279/2201 1453/2280/2202 1011/2266/1736
f 1011/2266/1736 1453/2280/2202 1452/2281/2203
f 1011/2266/1736 1452/2281/2203 1451/2267/2190
f 1449/2269/2192 1448/2282/2204 985/2261/1330
f 985/2261/1330 1448/2282/2204 1447/2283/2205
f 985/2261/1330 1447/2283/2205 1446/2284/2206
f 1446/2284/2206 1445/2285/2207 985/2261/1330
f 985/2261/1330 1445/2285/2207 1444/2286/2208
f 985/2261/1330 1444/2286/2208 1458/2262/2187
f 1458/2262/2187 1444/2286/2208 1459/2287/2209
f 1459/2287/2209 1444/2286/2208 1443/2288/2210
f 1459/2287/2209 1443/2288/2210 1442/2289/2211
f 1459/2287/2209 1442/2289/2211 1460/2290/2212
f 1460/2290/2212 1442/2289/2211 1441/2291/2213
f 1460/2290/2212 1441/2291/2213 1461/2292/2214
f 1461/2292/2214 1441/2291/2213 1440/2293/2215
f 1461/2292/2214 1440/2293/2215 1462/2294/2216
f 1462/2294/2216 1440/2293/2215 1439/2295/2217
f 1462/2294/2216 1439/2295/2217 1463/2296/2218
f 1463/2296/2218 1439/2295/2217 1464/2297/2219
f 1464/2297/2219 1439/2295/2217 1438/2298/2220
f 1464/2297/2219 1438/2298/2220 1465/2299/2221
f 1465/2299/2221 1438/2298/2220 1437/2300/2222
f 1465/2299/2221 1437/2300/2222 1466/2301/2223
f 1466/2301/2223 1437/2300/2222 1436/2302/2224
f 1466/2301/2223 1436/2302/2224 1467/2303/2225
f 1467/2303/2225 1436/2302/2224 1435/2304/2226
f 1467/2303/2225 1435/2304/2226 1434/2272/2194
f 1480/2265/2189 1479/2305/2227 733/2263/1328
f 733/2263/1328 1479/2305/2227 1478/2306/2228
f 733/2263/1328 1478/2306/2228 1477/2307/2229
f 1477/2307/2229 1476/2308/2230 733/2263/1328
f 733/2263/1328 1476/2308/2230 1475/2274/2196
f 1473/2276/2198 1472/2309/2231 734/2270/1738
f 734/2270/1738 1472/2309/2231 1471/2310/2232
f 734/2270/1738 1471/2310/2232 1470/2311/2233
f 1470/2311/2233 1469/2312/2234 734/2270/1738
f 734/2270/1738 1469/2312/2234 1468/2271/2193
f 1468/2271/2193 1467/2303/2225 1434/2272/2194
f 943/2313/1262 1504/2314/2235 944/2315/1260
f 944/2315/1260 1504/2314/2235 1422/2316/2236
f 944/2315/1260 1422/2316/2236 1421/2317/2237
f 966/2318/1748 1487/2319/2238 943/2313/1262
f 943/2313/1262 1487/2319/2238 1486/2320/2239
f 943/2313/1262 1486/2320/2239 1485/2321/2240
f 1027/2322/1750 1494/2323/2241 966/2318/1748
f 966/2318/1748 1494/2323/2241 1493/2324/2242
f 966/2318/1748 1493/2324/2242 1492/2325/2243
f 944/2315/1260 1415/2326/2244 1027/2322/1750
f 1027/2322/1750 1415/2326/2244 1414/2327/2245
f 1027/2322/1750 1414/2327/2245 1413/2328/2246
f 1410/2329/2247 1409/2330/2248 1027/2322/1750
f 1027/2322/1750 1409/2330/2248 1432/2331/2249
f 1027/2322/1750 1432/2331/2249 1494/2323/2241
f 1494/2323/2241 1432/2331/2249 1431/2332/2250
f 1494/2323/2241 1431/2332/2250 1495/2333/2251
f 1495/2333/2251 1431/2332/2250 1496/2334/2252
f 1496/2334/2252 1431/2332/2250 1430/2335/2253
f 1496/2334/2252 1430/2335/2253 1497/2336/2254
f 1497/2336/2254 1430/2335/2253 1429/2337/2255
f 1497/2336/2254 1429/2337/2255 1498/2338/2256
f 1498/2338/2256 1429/2337/2255 1428/2339/2257
f 1498/2338/2256 1428/2339/2257 1499/2340/2258
f 1499/2340/2258 1428/2339/2257 1427/2341/2259
f 1499/2340/2258 1427/2341/2259 1426/2342/2260
f 1499/2340/2258 1426/2342/2260 1500/2343/2261
f 1500/2343/2261 1426/2342/2260 1425/2344/2262
f 1500/2343/2261 1425/2344/2262 1501/2345/2263
f 1501/2345/2263 1425/2344/2262 1424/2346/2264
f 1501/2345/2263 1424/2346/2264 1502/2347/2265
f 1502/2347/2265 1424/2346/2264 1423/2348/2266
f 1502/2347/2265 1423/2348/2266 1503/2349/2267
f 1503/2349/2267 1423/2348/2266 1504/2314/2235
f 1504/2314/2235 1423/2348/2266 1422/2316/2236
f 1421/2317/2237 1420/2350/2268 944/2315/1260
f 944/2315/1260 1420/2350/2268 1419/2351/2269
f 944/2315/1260 1419/2351/2269 1418/2352/2270
f 1418/2352/2270 1417/2353/2271 944/2315/1260
f 944/2315/1260 1417/2353/2271 1416/2354/2272
f 944/2315/1260 1416/2354/2272 1415/2326/2244
f 1413/2328/2246 1412/2355/2273 1027/2322/1750
f 1027/2322/1750 1412/2355/2273 1411/2356/2274
f 1027/2322/1750 1411/2356/2274 1410/2329/2247
f 1482/2357/2275 1481/2358/2276 943/2313/1262
f 943/2313/1262 1481/2358/2276 1504/2314/2235
f 1492/2325/2243 1491/2359/2277 966/2318/1748
f 966/2318/1748 1491/2359/2277 1490/2360/2278
f 966/2318/1748 1490/2360/2278 1489/2361/2279
f 1489/2361/2279 1488/2362/2280 966/2318/1748
f 966/2318/1748 1488/2362/2280 1487/2319/2238
f 1485/2321/2240 1484/2363/2281 943/2313/1262
f 943/2313/1262 1484/2363/2281 1483/2364/2282
f 943/2313/1262 1483/2364/2282 1482/2357/2275
g Body3

v 672.696394 5324.475000 -1689.649910
v 462.765394 5324.475000 -1689.649910
v 462.765394 5324.475000 -197.655434
v 672.696394 5324.475000 -197.655434
v 672.696394 5324.475000 -238.800386
v 686.412394 5324.475000 -238.800386
v 686.412394 5324.475000 -209.463386
v 707.745346 5324.475000 -209.463386
v 707.745346 5324.475000 -1677.838910
v 686.412394 5324.475000 -1677.838910
v 686.412394 5324.475000 -1648.882910
v 672.696394 5324.475000 -1648.882910
v 462.765394 -0.000000 -1689.649910
v 672.696394 -0.000000 -1689.649910
v 672.696394 -0.000000 -1648.882910
v 686.412394 -0.000000 -1648.882910
v 686.412394 -0.000000 -1677.838910
v 707.745346 -0.000000 -1677.838910
v 707.745346 -0.000000 -209.463386
v 686.412394 -0.000000 -209.463386
v 686.412394 -0.000000 -238.800386
v 672.696394 -0.000000 -238.800386
v 672.696394 -0.000000 -197.655434
v 462.765394 -0.000000 -197.655434
v 707.745346 3441.382500 -238.992410
v 707.745346 5153.025000 -238.992410
v 707.745346 5153.025000 -1648.692410
v 707.745346 3441.382500 -1648.692410
v 707.745346 59.055000 -238.992410
v 707.745346 3214.687599 -238.992410
v 707.745346 3214.687500 -1648.692410
v 707.745346 59.055000 -1648.692410
v 462.765394 3214.687500 -1648.692410
v 462.765394 3214.687599 -238.992410
v 462.765394 59.055000 -238.992410
v 462.765394 59.055000 -1648.692410
v 462.765394 5153.025000 -1648.692410
v 462.765394 5153.025000 -238.992410
v 462.765394 3441.382500 -238.992410
v 462.765394 3441.382500 -1648.692410
vt 0.000000 20.993100 0.000000
vt 0.000000 0.000000 0.000000
vt 4.076700 20.993100 0.000000
vt 145.084952 20.993100 0.000000
vt 4.076700 22.364700 0.000000
vt 145.084952 22.364700 0.000000
vt 1.181100 24.497995 0.000000
vt 148.018652 24.497995 0.000000
vt 148.018652 22.364700 0.000000
vt 149.199448 -0.000000 0.000000
vt 149.199448 20.993100 0.000000
vt 1.181100 22.364700 0.000000
vt 151.542750 20.993100 0.000000
vt 147.466050 20.993100 0.000000
vt 151.542750 0.000000 0.000000
vt 6.457798 20.993100 0.000000
vt 2.343302 0.000000 0.000000
vt 2.343302 20.993100 0.000000
vt 6.457798 22.364700 0.000000
vt 147.466050 22.364700 0.000000
vt 150.361650 24.497995 0.000000
vt 150.361650 22.364700 0.000000
vt 3.524098 24.497995 0.000000
vt 3.524098 22.364700 0.000000
vt 0.000000 12.700000 0.000000
vt 4.114495 12.700000 0.000000
vt 0.000000 545.147500 0.000000
vt 4.114495 545.147500 0.000000
vt 0.000000 12.700000 0.000000
vt 1.371600 12.700000 0.000000
vt 0.000000 545.147500 0.000000
vt 1.371600 545.147500 0.000000
vt 0.000000 12.700000 0.000000
vt 2.933700 12.700000 0.000000
vt 0.000000 545.147500 0.000000
vt 2.933700 545.147500 0.000000
vt 0.000000 12.700000 0.000000
vt 2.133295 12.700000 0.000000
vt 0.000000 545.147500 0.000000
vt 2.133295 545.147500 0.000000
vt 0.000000 12.700000 0.000000
vt 2.133295 12.700000 0.000000
vt 0.000000 545.147500 0.000000
vt 2.133295 545.147500 0.000000
vt 0.000000 12.700000 0.000000
vt 2.895600 12.700000 0.000000
vt 0.000000 545.147500 0.000000
vt 2.895600 545.147500 0.000000
vt 0.000000 12.700000 0.000000
vt 1.371600 12.700000 0.000000
vt 0.000000 545.147500 0.000000
vt 1.371600 545.147500 0.000000
vt 0.000000 12.700000 0.000000
vt 4.076700 12.700000 0.000000
vt 0.000000 545.147500 0.000000
vt 4.076700 545.147500 0.000000
vt 2.952902 528.002500 0.000000
vt 0.000000 545.147500 0.000000
vt 2.952902 356.838250 0.000000
vt 2.952902 334.168760 0.000000
vt 143.922902 334.168750 0.000000
vt 146.837552 545.147500 0.000000
vt 143.922902 528.002500 0.000000
vt 143.922902 356.838250 0.000000
vt 0.000000 12.700000 0.000000
vt 2.952902 18.605500 0.000000
vt 146.837552 12.700000 0.000000
vt 143.922902 18.605500 0.000000
vt -17.983505 12.700000 0.000000
vt 3.009595 12.700000 0.000000
vt -17.983505 545.147500 0.000000
vt 3.009595 545.147500 0.000000
vt 266.223750 -73.428073 0.000000
vt 55.245010 -69.294375 0.000000
vt -266.223750 -73.428073 0.000000
vt -260.318250 -69.294375 0.000000
vt -266.223750 75.771375 0.000000
vt -260.318250 71.675625 0.000000
vt 55.245000 71.675625 0.000000
vt 266.223750 75.771375 0.000000
vt 249.078750 -69.294375 0.000000
vt 77.914500 -69.294375 0.000000
vt 77.914500 71.675625 0.000000
vt 249.078750 71.675625 0.000000
vt 140.970000 24.497995 0.000000
vt -0.000000 24.497995 0.000000
vt 140.970000 0.000000 0.000000
vt -0.000000 0.000000 0.000000
vt 315.563260 24.497995 0.000000
vt 0.000000 24.497995 0.000000
vt 315.563260 0.000000 0.000000
vt 0.000000 0.000000 0.000000
vt 140.970000 24.497995 0.000000
vt 0.000000 24.497995 0.000000
vt 140.970000 0.000000 0.000000
vt 0.000000 0.000000 0.000000
vt 171.164250 24.497995 0.000000
vt 0.000000 24.497995 0.000000
vt 171.164250 -0.000000 0.000000
vt 0.000000 0.000000 0.000000
vt 140.970000 24.497995 0.000000
vt 0.000000 24.497995 0.000000
vt 140.970000 0.000000 0.000000
vt 0.000000 0.000000 0.000000
vt 315.563250 24.497995 0.000000
vt -0.000000 24.497995 0.000000
vt 315.563250 -0.000000 0.000000
vt 0.000000 0.000000 0.000000
vt 140.970000 24.497995 0.000000
vt 0.000000 24.497995 0.000000
vt 140.970000 0.000000 0.000000
vt 0.000000 0.000000 0.000000
vt 171.164250 24.497995 0.000000
vt -0.000000 24.497995 0.000000
vt 171.164250 0.000000 0.000000
vt 0.000000 0.000000 0.000000
vt 532.447500 20.993100 0.000000
vt -0.000000 20.993100 0.000000
vt 532.447500 0.000000 0.000000
vt 0.000000 0.000000 0.000000
vn 0.000000 0.100000 0.000000
vn 0.000000 0.100000 0.000000
vn 0.000000 0.100000 0.000000
vn 0.000000 0.100000 0.000000
vn 0.000000 0.100000 0.000000
vn 0.000000 0.100000 0.000000
vn 0.000000 0.100000 0.000000
vn 0.000000 0.100000 0.000000
vn 0.000000 0.100000 0.000000
vn 0.000000 0.100000 0.000000
vn 0.000000 0.100000 0.000000
vn 0.000000 0.100000 0.000000
vn -0.000000 -0.100000 0.000000
vn -0.000000 -0.100000 0.000000
vn -0.000000 -0.100000 0.000000
vn -0.000000 -0.100000 0.000000
vn -0.000000 -0.100000 0.000000
vn -0.000000 -0.100000 0.000000
vn -0.000000 -0.100000 0.000000
vn -0.000000 -0.100000 0.000000
vn -0.000000 -0.100000 0.000000
vn -0.000000 -0.100000 0.000000
vn -0.000000 -0.100000 0.000000
vn -0.000000 -0.100000 0.000000
vn 0.100000 0.000000 0.000000
vn 0.100000 0.000000 0.000000
vn 0.100000 0.000000 0.000000
vn 0.100000 0.000000 0.000000
vn 0.000000 0.000000 0.100000
vn 0.000000 0.000000 0.100000
vn 0.000000 0.000000 0.100000
vn 0.000000 0.000000 0.100000
vn -0.100000 0.000000 0.000000
vn -0.100000 0.000000 0.000000
vn -0.100000 0.000000 0.000000
vn -0.100000 0.000000 0.000000
vn 0.000000 0.000000 0.100000
vn 0.000000 0.000000 0.100000
vn 0.000000 0.000000 0.100000
vn 0.000000 0.000000 0.100000
vn 0.000000 0.000000 -0.100000
vn 0.000000 0.000000 -0.100000
vn 0.000000 0.000000 -0.100000
vn 0.000000 0.000000 -0.100000
vn -0.100000 0.000000 0.000000
vn -0.100000 0.000000 0.000000
vn -0.100000 0.000000 0.000000
vn -0.100000 0.000000 0.000000
vn 0.000000 0.000000 -0.100000
vn 0.000000 0.000000 -0.100000
vn 0.000000 0.000000 -0.100000
vn 0.000000 0.000000 -0.100000
vn 0.100000 0.000000 0.000000
vn 0.100000 0.000000 0.000000
vn 0.100000 0.000000 0.000000
vn 0.100000 0.000000 0.000000
vn 0.100000 0.000000 0.000000
vn 0.100000 0.000000 0.000000
vn 0.100000 0.000000 0.000000
vn 0.100000 0.000000 0.000000
vn 0.100000 0.000000 0.000000
vn 0.100000 0.000000 0.000000
vn 0.100000 0.000000 0.000000
vn 0.100000 0.000000 0.000000
vn 0.100000 0.000000 0.000000
vn 0.100000 0.000000 0.000000
vn 0.100000 0.000000 0.000000
vn 0.100000 0.000000 0.000000
vn 0.000000 0.000000 0.100000
vn 0.000000 0.000000 0.100000
vn 0.000000 0.000000 0.100000
vn 0.000000 0.000000 0.100000
vn -0.100000 0.000000 -0.000000
vn -0.100000 0.000000 -0.000000
vn -0.100000 0.000000 -0.000000
vn -0.100000 0.000000 -0.000000
vn -0.100000 0.000000 -0.000000
vn -0.100000 0.000000 -0.000000
vn -0.100000 0.000000 -0.000000
vn -0.100000 0.000000 -0.000000
vn -0.100000 0.000000 -0.000000
vn -0.100000 0.000000 -0.000000
vn -0.100000 0.000000 -0.000000
vn -0.100000 0.000000 -0.000000
vn -0.000000 -0.100000 0.000000
vn -0.000000 -0.100000 0.000000
vn -0.000000 -0.100000 0.000000
vn -0.000000 -0.100000 0.000000
vn 0.000000 0.000000 -0.100000
vn 0.000000 0.000000 -0.100000
vn 0.000000 0.000000 -0.100000
vn 0.000000 0.000000 -0.100000
vn -0.000000 -0.100000 0.000000
vn -0.000000 -0.100000 0.000000
vn -0.000000 -0.100000 0.000000
vn -0.000000 -0.100000 0.000000
vn 0.000000 0.000000 -0.100000
vn 0.000000 0.000000 -0.100000
vn 0.000000 0.000000 -0.100000
vn 0.000000 0.000000 -0.100000
vn 0.000000 0.100000 0.000000
vn 0.000000 0.100000 0.000000
vn 0.000000 0.100000 0.000000
vn 0.000000 0.100000 0.000000
vn 0.000000 0.000000 0.100000
vn 0.000000 0.000000 0.100000
vn 0.000000 0.000000 0.100000
vn 0.000000 0.000000 0.100000
vn 0.000000 0.100000 0.000000
vn 0.000000 0.100000 0.000000
vn 0.000000 0.100000 0.000000
vn 0.000000 0.100000 0.000000
vn 0.000000 0.000000 0.100000
vn 0.000000 0.000000 0.100000
vn 0.000000 0.000000 0.100000
vn 0.000000 0.000000 0.100000
vn 0.000000 0.000000 -0.100000
vn 0.000000 0.000000 -0.100000
vn 0.000000 0.000000 -0.100000
vn 0.000000 0.000000 -0.100000
f 1505/2365/2283 1506/2366/2284 1516/2367/2285
f 1516/2367/2285 1506/2366/2284 1509/2368/2286
f 1516/2367/2285 1509/2368/2286 1515/2369/2287
f 1515/2369/2287 1509/2368/2286 1510/2370/2288
f 1515/2369/2287 1510/2370/2288 1513/2371/2289
f 1513/2371/2289 1510/2370/2288 1512/2372/2290
f 1512/2372/2290 1510/2370/2288 1511/2373/2291
f 1506/2366/2284 1507/2374/2292 1509/2368/2286
f 1509/2368/2286 1507/2374/2292 1508/2375/2293
f 1513/2371/2289 1514/2376/2294 1515/2369/2287
f 1518/2377/2295 1519/2378/2296 1517/2379/2297
f 1517/2379/2297 1519/2378/2296 1526/2380/2298
f 1517/2379/2297 1526/2380/2298 1528/2381/2299
f 1528/2381/2299 1526/2380/2298 1527/2382/2300
f 1526/2380/2298 1519/2378/2296 1525/2383/2301
f 1525/2383/2301 1519/2378/2296 1520/2384/2302
f 1525/2383/2301 1520/2384/2302 1522/2385/2303
f 1522/2385/2303 1520/2384/2302 1521/2386/2304
f 1522/2385/2303 1523/2387/2305 1525/2383/2301
f 1525/2383/2301 1523/2387/2305 1524/2388/2306
f 1527/2389/2307 1526/2390/2308 1508/2391/2309
f 1508/2391/2309 1526/2390/2308 1509/2392/2310
f 1526/2393/2311 1525/2394/2312 1509/2395/2313
f 1509/2395/2313 1525/2394/2312 1510/2396/2314
f 1525/2397/2315 1524/2398/2316 1510/2399/2317
f 1510/2399/2317 1524/2398/2316 1511/2400/2318
f 1524/2401/2319 1523/2402/2320 1511/2403/2321
f 1511/2403/2321 1523/2402/2320 1512/2404/2322
f 1522/2405/2323 1521/2406/2324 1513/2407/2325
f 1513/2407/2325 1521/2406/2324 1514/2408/2326
f 1521/2409/2327 1520/2410/2328 1514/2411/2329
f 1514/2411/2329 1520/2410/2328 1515/2412/2330
f 1520/2413/2331 1519/2414/2332 1515/2415/2333
f 1515/2415/2333 1519/2414/2332 1516/2416/2334
f 1519/2417/2335 1518/2418/2336 1516/2419/2337
f 1516/2419/2337 1518/2418/2336 1505/2420/2338
f 1530/2421/2339 1512/2422/2340 1529/2423/2341
f 1529/2423/2341 1512/2422/2340 1534/2424/2342
f 1529/2423/2341 1534/2424/2342 1535/2425/2343
f 1512/2422/2340 1530/2421/2339 1513/2426/2344
f 1513/2426/2344 1530/2421/2339 1531/2427/2345
f 1513/2426/2344 1531/2427/2345 1532/2428/2346
f 1513/2426/2344 1532/2428/2346 1535/2425/2343
f 1535/2425/2343 1532/2428/2346 1529/2423/2341
f 1534/2424/2342 1523/2429/2347 1533/2430/2348
f 1533/2430/2348 1523/2429/2347 1522/2431/2349
f 1533/2430/2348 1522/2431/2349 1536/2432/2350
f 1536/2432/2350 1522/2431/2349 1535/2425/2343
f 1535/2425/2343 1522/2431/2349 1513/2426/2344
f 1512/2422/2340 1523/2429/2347 1534/2424/2342
f 1528/2433/2351 1527/2434/2352 1507/2435/2353
f 1507/2435/2353 1527/2434/2352 1508/2436/2354
f 1507/2437/2355 1538/2438/2356 1528/2439/2357
f 1528/2439/2357 1538/2438/2356 1539/2440/2358
f 1528/2439/2357 1539/2440/2358 1517/2441/2359
f 1517/2441/2359 1539/2440/2358 1540/2442/2360
f 1517/2441/2359 1540/2442/2360 1537/2443/2361
f 1506/2444/2362 1542/2445/2363 1507/2437/2355
f 1507/2437/2355 1542/2445/2363 1543/2446/2364
f 1507/2437/2355 1543/2446/2364 1538/2438/2356
f 1538/2438/2356 1543/2446/2364 1537/2443/2361
f 1537/2443/2361 1543/2446/2364 1544/2447/2365
f 1537/2443/2361 1544/2447/2365 1506/2444/2362
f 1506/2444/2362 1544/2447/2365 1541/2448/2366
f 1506/2444/2362 1541/2448/2366 1542/2445/2363
f 1506/2444/2362 1517/2441/2359 1537/2443/2361
f 1535/2449/2367 1534/2450/2368 1537/2451/2369
f 1537/2451/2369 1534/2450/2368 1538/2452/2370
f 1534/2453/2371 1533/2454/2372 1538/2455/2373
f 1538/2455/2373 1533/2454/2372 1539/2456/2374
f 1531/2457/2375 1530/2458/2376 1541/2459/2377
f 1541/2459/2377 1530/2458/2376 1542/2460/2378
f 1530/2461/2379 1529/2462/2380 1542/2463/2381
f 1542/2463/2381 1529/2462/2380 1543/2464/2382
f 1533/2465/2383 1536/2466/2384 1539/2467/2385
f 1539/2467/2385 1536/2466/2384 1540/2468/2386
f 1536/2469/2387 1535/2470/2388 1540/2471/2389
f 1540/2471/2389 1535/2470/2388 1537/2472/2390
f 1529/2473/2391 1532/2474/2392 1543/2475/2393
f 1543/2475/2393 1532/2474/2392 1544/2476/2394
f 1532/2477/2395 1531/2478/2396 1544/2479/2397
f 1544/2479/2397 1531/2478/2396 1541/2480/2398
f 1505/2481/2399 1518/2482/2400 1506/2483/2401
f 1506/2483/2401 1518/2482/2400 1517/2484/2402
g Body4

v 826.837296 4715.557293 -87.006112
v 826.837296 4715.785717 -86.096930
v 826.837296 4715.923663 -85.169696
v 826.837296 4715.969793 -84.233394
v 826.837296 4715.969793 -45.365044
v 826.837296 4721.907293 -45.365044
v 826.837296 4721.907293 -108.865044
v 826.837296 4620.307293 -108.865044
v 826.837296 4620.307293 -45.365044
v 826.837296 4626.657293 -45.365044
v 826.837296 4626.657293 -102.515044
v 826.837296 4715.557293 -102.515044
v 903.037296 4715.969793 -45.365044
v 903.037296 4721.907293 -45.365044
v 864.937296 4690.951043 -108.865044
v 863.499233 4691.140368 -108.865044
v 862.159171 4691.695440 -108.865044
v 861.008434 4692.578431 -108.865044
v 860.125443 4693.729168 -108.865044
v 859.570371 4695.069230 -108.865044
v 859.381046 4696.507293 -108.865044
v 859.570371 4697.945357 -108.865044
v 860.125443 4699.285418 -108.865044
v 861.008434 4700.436155 -108.865044
v 862.159171 4701.319147 -108.865044
v 863.499233 4701.874219 -108.865044
v 864.937296 4702.063543 -108.865044
v 866.375360 4701.874219 -108.865044
v 867.715421 4701.319147 -108.865044
v 868.866158 4700.436155 -108.865044
v 869.749150 4699.285418 -108.865044
v 870.304222 4697.945357 -108.865044
v 870.493546 4696.507293 -108.865044
v 870.304222 4695.069230 -108.865044
v 869.749150 4693.729168 -108.865044
v 868.866158 4692.578431 -108.865044
v 867.715421 4691.695440 -108.865044
v 866.375360 4691.140368 -108.865044
v 864.937296 4690.951043 -102.515044
v 866.375360 4691.140368 -102.515044
v 867.715421 4691.695440 -102.515044
v 868.866158 4692.578431 -102.515044
v 869.749150 4693.729168 -102.515044
v 870.304222 4695.069230 -102.515044
v 870.493546 4696.507293 -102.515044
v 870.304222 4697.945357 -102.515044
v 869.749150 4699.285418 -102.515044
v 868.866158 4700.436155 -102.515044
v 867.715421 4701.319147 -102.515044
v 866.375360 4701.874219 -102.515044
v 864.937296 4702.063543 -102.515044
v 863.499233 4701.874219 -102.515044
v 862.159171 4701.319147 -102.515044
v 861.008434 4700.436155 -102.515044
v 860.125443 4699.285418 -102.515044
v 859.570371 4697.945357 -102.515044
v 859.381046 4696.507293 -102.515044
v 859.570371 4695.069230 -102.515044
v 860.125443 4693.729168 -102.515044
v 861.008434 4692.578431 -102.515044
v 862.159171 4691.695440 -102.515044
v 863.499233 4691.140368 -102.515044
v 864.937296 4640.151043 -108.865044
v 863.499233 4640.340368 -108.865044
v 862.159171 4640.895440 -108.865044
v 861.008434 4641.778431 -108.865044
v 860.125443 4642.929168 -108.865044
v 859.570371 4644.269230 -108.865044
v 859.381046 4645.707293 -108.865044
v 859.570371 4647.145357 -108.865044
v 860.125443 4648.485418 -108.865044
v 861.008434 4649.636155 -108.865044
v 862.159171 4650.519147 -108.865044
v 863.499233 4651.074219 -108.865044
v 864.937296 4651.263543 -108.865044
v 866.375360 4651.074219 -108.865044
v 867.715421 4650.519147 -108.865044
v 868.866158 4649.636155 -108.865044
v 869.749150 4648.485418 -108.865044
v 870.304222 4647.145357 -108.865044
v 870.493546 4645.707293 -108.865044
v 870.304222 4644.269230 -108.865044
v 869.749150 4642.929168 -108.865044
v 868.866158 4641.778431 -108.865044
v 867.715421 4640.895440 -108.865044
v 866.375360 4640.340368 -108.865044
v 864.937296 4640.151043 -102.515044
v 866.375360 4640.340368 -102.515044
v 867.715421 4640.895440 -102.515044
v 868.866158 4641.778431 -102.515044
v 869.749150 4642.929168 -102.515044
v 870.304222 4644.269230 -102.515044
v 870.493546 4645.707293 -102.515044
v 870.304222 4647.145357 -102.515044
v 869.749150 4648.485418 -102.515044
v 868.866158 4649.636155 -102.515044
v 867.715421 4650.519147 -102.515044
v 866.375360 4651.074219 -102.515044
v 864.937296 4651.263543 -102.515044
v 863.499233 4651.074219 -102.515044
v 862.159171 4650.519147 -102.515044
v 861.008434 4649.636155 -102.515044
v 860.125443 4648.485418 -102.515044
v 859.570371 4647.145357 -102.515044
v 859.381046 4645.707293 -102.515044
v 859.570371 4644.269230 -102.515044
v 860.125443 4642.929168 -102.515044
v 861.008434 4641.778431 -102.515044
v 862.159171 4640.895440 -102.515044
v 863.499233 4640.340368 -102.515044
v 903.037296 4620.307293 -108.865044
v 903.037296 4620.307293 -45.365044
v 903.037296 4626.657293 -45.365044
v 903.037296 4626.657293 -102.515044
v 903.037296 4715.557293 -102.515044
v 903.037296 4715.557293 -87.006112
v 903.037296 4721.907293 -108.865044
v 903.037296 4715.969793 -84.233394
v 903.037296 4715.923663 -85.169696
v 903.037296 4715.785717 -86.096930
v 1042.737296 4715.969793 -84.233394
v 1042.737296 4715.645237 -86.698645
v 1042.737296 4714.693685 -88.995894
v 1042.737296 4713.179985 -90.968586
v 1042.737296 4711.207293 -92.482286
v 1042.737296 4708.910045 -93.433837
v 1042.737296 4706.444793 -93.758394
v -151.062704 4706.444793 -93.758394
v -151.062704 4708.910045 -93.433837
v -151.062704 4711.207293 -92.482286
v -151.062704 4713.179985 -90.968586
v -151.062704 4714.693685 -88.995894
v -151.062704 4715.645237 -86.698645
v -151.062704 4715.969793 -84.233394
v 783.215557 4715.645237 -86.698645
v 731.311209 4715.645237 -86.698645
v 679.406861 4715.645237 -86.698645
v 627.502514 4715.645237 -86.698645
v 575.598166 4715.645237 -86.698645
v 523.693818 4715.645237 -86.698645
v 471.789470 4715.645237 -86.698645
v 419.885122 4715.645237 -86.698645
v 367.980774 4715.645237 -86.698645
v 316.076427 4715.645237 -86.698645
v 264.172079 4715.645237 -86.698645
v 212.267731 4715.645237 -86.698645
v 160.363383 4715.645237 -86.698645
v 108.459035 4715.645237 -86.698645
v 56.554688 4715.645237 -86.698645
v 4.650340 4715.645237 -86.698645
v -47.254008 4715.645237 -86.698645
v -99.158356 4715.645237 -86.698645
v 938.928601 4715.645237 -86.698645
v 990.832948 4715.645237 -86.698645
v 990.832948 4714.693685 -88.995894
v 938.928601 4714.693685 -88.995894
v 887.024253 4714.693685 -88.995894
v 835.119905 4714.693685 -88.995894
v 783.215557 4714.693685 -88.995894
v 731.311209 4714.693685 -88.995894
v 679.406861 4714.693685 -88.995894
v 627.502514 4714.693685 -88.995894
v 575.598166 4714.693685 -88.995894
v 523.693818 4714.693685 -88.995894
v 471.789470 4714.693685 -88.995894
v 419.885122 4714.693685 -88.995894
v 367.980774 4714.693685 -88.995894
v 316.076427 4714.693685 -88.995894
v 264.172079 4714.693685 -88.995894
v 212.267731 4714.693685 -88.995894
v 160.363383 4714.693685 -88.995894
v 108.459035 4714.693685 -88.995894
v 56.554688 4714.693685 -88.995894
v 4.650340 4714.693685 -88.995894
v -47.254008 4714.693685 -88.995894
v -99.158356 4714.693685 -88.995894
v 990.832948 4713.179985 -90.968586
v 938.928601 4713.179985 -90.968586
v 887.024253 4713.179985 -90.968586
v 835.119905 4713.179985 -90.968586
v 783.215557 4713.179985 -90.968586
v 731.311209 4713.179985 -90.968586
v 679.406861 4713.179985 -90.968586
v 627.502514 4713.179985 -90.968586
v 575.598166 4713.179985 -90.968586
v 523.693818 4713.179985 -90.968586
v 471.789470 4713.179985 -90.968586
v 419.885122 4713.179985 -90.968586
v 367.980774 4713.179985 -90.968586
v 316.076427 4713.179985 -90.968586
v 264.172079 4713.179985 -90.968586
v 212.267731 4713.179985 -90.968586
v 160.363383 4713.179985 -90.968586
v 108.459035 4713.179985 -90.968586
v 56.554688 4713.179985 -90.968586
v 4.650340 4713.179985 -90.968586
v -47.254008 4713.179985 -90.968586
v -99.158356 4713.179985 -90.968586
v 990.832948 4711.207293 -92.482286
v 938.928601 4711.207293 -92.482286
v 887.024253 4711.207293 -92.482286
v 835.119905 4711.207293 -92.482286
v 783.215557 4711.207293 -92.482286
v 731.311209 4711.207293 -92.482286
v 679.406861 4711.207293 -92.482286
v 627.502514 4711.207293 -92.482286
v 575.598166 4711.207293 -92.482286
v 523.693818 4711.207293 -92.482286
v 471.789470 4711.207293 -92.482286
v 419.885122 4711.207293 -92.482286
v 367.980774 4711.207293 -92.482286
v 316.076427 4711.207293 -92.482286
v 264.172079 4711.207293 -92.482286
v 212.267731 4711.207293 -92.482286
v 160.363383 4711.207293 -92.482286
v 108.459035 4711.207293 -92.482286
v 56.554688 4711.207293 -92.482286
v 4.650340 4711.207293 -92.482286
v -47.254008 4711.207293 -92.482286
v -99.158356 4711.207293 -92.482286
v 990.832948 4708.910045 -93.433837
v 938.928601 4708.910045 -93.433837
v 887.024253 4708.910045 -93.433837
v 835.119905 4708.910045 -93.433837
v 783.215557 4708.910045 -93.433837
v 731.311209 4708.910045 -93.433837
v 679.406861 4708.910045 -93.433837
v 627.502514 4708.910045 -93.433837
v 575.598166 4708.910045 -93.433837
v 523.693818 4708.910045 -93.433837
v 471.789470 4708.910045 -93.433837
v 419.885122 4708.910045 -93.433837
v 367.980774 4708.910045 -93.433837
v 316.076427 4708.910045 -93.433837
v 264.172079 4708.910045 -93.433837
v 212.267731 4708.910045 -93.433837
v 160.363383 4708.910045 -93.433837
v 108.459035 4708.910045 -93.433837
v 56.554688 4708.910045 -93.433837
v 4.650340 4708.910045 -93.433837
v -47.254008 4708.910045 -93.433837
v -99.158356 4708.910045 -93.433837
v -151.062704 4649.294793 -88.995894
v -151.062704 4648.062168 -88.833615
v -151.062704 4646.913543 -88.357840
v -151.062704 4645.927197 -87.600990
v -151.062704 4645.170347 -86.614644
v -151.062704 4644.694572 -85.466019
v -151.062704 4644.532293 -84.233394
v 1042.737296 4644.532293 -84.233394
v 1042.737296 4644.694572 -85.466019
v 1042.737296 4645.170347 -86.614644
v 1042.737296 4645.927197 -87.600990
v 1042.737296 4646.913543 -88.357840
v 1042.737296 4648.062168 -88.833615
v 1042.737296 4649.294793 -88.995894
v -124.533815 4648.062168 -88.833615
v -98.004926 4648.062168 -88.833615
v -71.476037 4648.062168 -88.833615
v -44.947148 4648.062168 -88.833615
v -18.418259 4648.062168 -88.833615
v 8.110630 4648.062168 -88.833615
v 34.639518 4648.062168 -88.833615
v 61.168407 4648.062168 -88.833615
v 87.697296 4648.062168 -88.833615
v 114.226185 4648.062168 -88.833615
v 140.755074 4648.062168 -88.833615
v 167.283963 4648.062168 -88.833615
v 193.812852 4648.062168 -88.833615
v 220.341741 4648.062168 -88.833615
v 246.870630 4648.062168 -88.833615
v 273.399518 4648.062168 -88.833615
v 299.928407 4648.062168 -88.833615
v 326.457296 4648.062168 -88.833615
v 352.986185 4648.062168 -88.833615
v 379.515074 4648.062168 -88.833615
v 406.043963 4648.062168 -88.833615
v 432.572852 4648.062168 -88.833615
v 459.101741 4648.062168 -88.833615
v 485.630630 4648.062168 -88.833615
v 512.159518 4648.062168 -88.833615
v 538.688407 4648.062168 -88.833615
v 565.217296 4648.062168 -88.833615
v 591.746185 4648.062168 -88.833615
v 618.275074 4648.062168 -88.833615
v 644.803963 4648.062168 -88.833615
v 671.332852 4648.062168 -88.833615
v 697.861741 4648.062168 -88.833615
v 724.390630 4648.062168 -88.833615
v 750.919518 4648.062168 -88.833615
v 777.448407 4648.062168 -88.833615
v 803.977296 4648.062168 -88.833615
v 830.506185 4648.062168 -88.833615
v 857.035074 4648.062168 -88.833615
v 883.563963 4648.062168 -88.833615
v 910.092852 4648.062168 -88.833615
v 936.621741 4648.062168 -88.833615
v 963.150630 4648.062168 -88.833615
v 989.679518 4648.062168 -88.833615
v 1016.208407 4648.062168 -88.833615
v -124.533815 4646.913543 -88.357840
v -98.004926 4646.913543 -88.357840
v -71.476037 4646.913543 -88.357840
v -44.947148 4646.913543 -88.357840
v -18.418259 4646.913543 -88.357840
v 8.110630 4646.913543 -88.357840
v 34.639518 4646.913543 -88.357840
v 61.168407 4646.913543 -88.357840
v 87.697296 4646.913543 -88.357840
v 114.226185 4646.913543 -88.357840
v 140.755074 4646.913543 -88.357840
v 167.283963 4646.913543 -88.357840
v 193.812852 4646.913543 -88.357840
v 220.341741 4646.913543 -88.357840
v 246.870630 4646.913543 -88.357840
v 273.399518 4646.913543 -88.357840
v 299.928407 4646.913543 -88.357840
v 326.457296 4646.913543 -88.357840
v 352.986185 4646.913543 -88.357840
v 379.515074 4646.913543 -88.357840
v 406.043963 4646.913543 -88.357840
v 432.572852 4646.913543 -88.357840
v 459.101741 4646.913543 -88.357840
v 485.630630 4646.913543 -88.357840
v 512.159518 4646.913543 -88.357840
v 538.688407 4646.913543 -88.357840
v 565.217296 4646.913543 -88.357840
v 591.746185 4646.913543 -88.357840
v 618.275074 4646.913543 -88.357840
v 644.803963 4646.913543 -88.357840
v 671.332852 4646.913543 -88.357840
v 697.861741 4646.913543 -88.357840
v 724.390630 4646.913543 -88.357840
v 750.919518 4646.913543 -88.357840
v 777.448407 4646.913543 -88.357840
v 803.977296 4646.913543 -88.357840
v 830.506185 4646.913543 -88.357840
v 857.035074 4646.913543 -88.357840
v 883.563963 4646.913543 -88.357840
v 910.092852 4646.913543 -88.357840
v 936.621741 4646.913543 -88.357840
v 963.150630 4646.913543 -88.357840
v 989.679518 4646.913543 -88.357840
v 1016.208407 4646.913543 -88.357840
v -124.533815 4645.927197 -87.600990
v -98.004926 4645.927197 -87.600990
v -71.476037 4645.927197 -87.600990
v -44.947148 4645.927197 -87.600990
v -18.418259 4645.927197 -87.600990
v 8.110630 4645.927197 -87.600990
v 34.639518 4645.927197 -87.600990
v 61.168407 4645.927197 -87.600990
v 87.697296 4645.927197 -87.600990
v 114.226185 4645.927197 -87.600990
v 140.755074 4645.927197 -87.600990
v 167.283963 4645.927197 -87.600990
v 193.812852 4645.927197 -87.600990
v 220.341741 4645.927197 -87.600990
v 246.870630 4645.927197 -87.600990
v 273.399518 4645.927197 -87.600990
v 299.928407 4645.927197 -87.600990
v 326.457296 4645.927197 -87.600990
v 352.986185 4645.927197 -87.600990
v 379.515074 4645.927197 -87.600990
v 406.043963 4645.927197 -87.600990
v 432.572852 4645.927197 -87.600990
v 459.101741 4645.927197 -87.600990
v 485.630630 4645.927197 -87.600990
v 512.159518 4645.927197 -87.600990
v 538.688407 4645.927197 -87.600990
v 565.217296 4645.927197 -87.600990
v 591.746185 4645.927197 -87.600990
v 618.275074 4645.927197 -87.600990
v 644.803963 4645.927197 -87.600990
v 671.332852 4645.927197 -87.600990
v 697.861741 4645.927197 -87.600990
v 724.390630 4645.927197 -87.600990
v 750.919518 4645.927197 -87.600990
v 777.448407 4645.927197 -87.600990
v 803.977296 4645.927197 -87.600990
v 830.506185 4645.927197 -87.600990
v 857.035074 4645.927197 -87.600990
v 883.563963 4645.927197 -87.600990
v 910.092852 4645.927197 -87.600990
v 936.621741 4645.927197 -87.600990
v 963.150630 4645.927197 -87.600990
v 989.679518 4645.927197 -87.600990
v 1016.208407 4645.927197 -87.600990
v -124.533815 4645.170347 -86.614644
v -98.004926 4645.170347 -86.614644
v -71.476037 4645.170347 -86.614644
v -44.947148 4645.170347 -86.614644
v -18.418259 4645.170347 -86.614644
v 8.110630 4645.170347 -86.614644
v 34.639518 4645.170347 -86.614644
v 61.168407 4645.170347 -86.614644
v 87.697296 4645.170347 -86.614644
v 114.226185 4645.170347 -86.614644
v 140.755074 4645.170347 -86.614644
v 167.283963 4645.170347 -86.614644
v 193.812852 4645.170347 -86.614644
v 220.341741 4645.170347 -86.614644
v 246.870630 4645.170347 -86.614644
v 273.399518 4645.170347 -86.614644
v 299.928407 4645.170347 -86.614644
v 326.457296 4645.170347 -86.614644
v 352.986185 4645.170347 -86.614644
v 379.515074 4645.170347 -86.614644
v 406.043963 4645.170347 -86.614644
v 432.572852 4645.170347 -86.614644
v 459.101741 4645.170347 -86.614644
v 485.630630 4645.170347 -86.614644
v 512.159518 4645.170347 -86.614644
v 538.688407 4645.170347 -86.614644
v 565.217296 4645.170347 -86.614644
v 591.746185 4645.170347 -86.614644
v 618.275074 4645.170347 -86.614644
v 644.803963 4645.170347 -86.614644
v 671.332852 4645.170347 -86.614644
v 697.861741 4645.170347 -86.614644
v 724.390630 4645.170347 -86.614644
v 750.919518 4645.170347 -86.614644
v 777.448407 4645.170347 -86.614644
v 803.977296 4645.170347 -86.614644
v 830.506185 4645.170347 -86.614644
v 857.035074 4645.170347 -86.614644
v 883.563963 4645.170347 -86.614644
v 910.092852 4645.170347 -86.614644
v 936.621741 4645.170347 -86.614644
v 963.150630 4645.170347 -86.614644
v 989.679518 4645.170347 -86.614644
v 1016.208407 4645.170347 -86.614644
v -124.533815 4644.694572 -85.466019
v -98.004926 4644.694572 -85.466019
v -71.476037 4644.694572 -85.466019
v -44.947148 4644.694572 -85.466019
v -18.418259 4644.694572 -85.466019
v 8.110630 4644.694572 -85.466019
v 34.639518 4644.694572 -85.466019
v 61.168407 4644.694572 -85.466019
v 87.697296 4644.694572 -85.466019
v 114.226185 4644.694572 -85.466019
v 140.755074 4644.694572 -85.466019
v 167.283963 4644.694572 -85.466019
v 193.812852 4644.694572 -85.466019
v 220.341741 4644.694572 -85.466019
v 246.870630 4644.694572 -85.466019
v 273.399518 4644.694572 -85.466019
v 299.928407 4644.694572 -85.466019
v 326.457296 4644.694572 -85.466019
v 352.986185 4644.694572 -85.466019
v 379.515074 4644.694572 -85.466019
v 406.043963 4644.694572 -85.466019
v 432.572852 4644.694572 -85.466019
v 459.101741 4644.694572 -85.466019
v 485.630630 4644.694572 -85.466019
v 512.159518 4644.694572 -85.466019
v 538.688407 4644.694572 -85.466019
v 565.217296 4644.694572 -85.466019
v 591.746185 4644.694572 -85.466019
v 618.275074 4644.694572 -85.466019
v 644.803963 4644.694572 -85.466019
v 671.332852 4644.694572 -85.466019
v 697.861741 4644.694572 -85.466019
v 724.390630 4644.694572 -85.466019
v 750.919518 4644.694572 -85.466019
v 777.448407 4644.694572 -85.466019
v 803.977296 4644.694572 -85.466019
v 830.506185 4644.694572 -85.466019
v 857.035074 4644.694572 -85.466019
v 883.563963 4644.694572 -85.466019
v 910.092852 4644.694572 -85.466019
v 936.621741 4644.694572 -85.466019
v 963.150630 4644.694572 -85.466019
v 989.679518 4644.694572 -85.466019
v 1016.208407 4644.694572 -85.466019
v -151.062704 4644.532293 49.116606
v 1.337296 4644.532293 49.116606
v 1.337296 4644.532293 -23.908394
v 14.037296 4644.532293 -36.608394
v 407.737296 4644.532293 -36.608394
v 420.437296 4644.532293 -23.908394
v 420.437296 4644.532293 49.116606
v 471.237296 4644.532293 49.116606
v 471.237296 4644.532293 -23.908394
v 483.937296 4644.532293 -36.608394
v 877.637296 4644.532293 -36.608394
v 890.337296 4644.532293 -23.908394
v 890.337296 4644.532293 49.116606
v 1042.737296 4644.532293 49.116606
v 1042.737296 4649.294793 -93.758394
v 1042.737296 4646.829542 -93.433837
v 1042.737296 4644.532293 -92.482286
v 1042.737296 4642.559601 -90.968586
v 1042.737296 4641.045901 -88.995894
v 1042.737296 4640.094350 -86.698645
v 1042.737296 4639.769793 -84.233394
v -151.062704 4639.769793 -84.233394
v -151.062704 4640.094350 -86.698645
v -151.062704 4641.045901 -88.995894
v -151.062704 4642.559601 -90.968586
v -151.062704 4644.532293 -92.482286
v -151.062704 4646.829542 -93.433837
v -151.062704 4649.294793 -93.758394
v 990.832948 4646.829542 -93.433837
v 938.928601 4646.829542 -93.433837
v 887.024253 4646.829542 -93.433837
v 835.119905 4646.829542 -93.433837
v 783.215557 4646.829542 -93.433837
v 731.311209 4646.829542 -93.433837
v 679.406861 4646.829542 -93.433837
v 627.502514 4646.829542 -93.433837
v 575.598166 4646.829542 -93.433837
v 523.693818 4646.829542 -93.433837
v 471.789470 4646.829542 -93.433837
v 419.885122 4646.829542 -93.433837
v 367.980774 4646.829542 -93.433837
v 316.076427 4646.829542 -93.433837
v 264.172079 4646.829542 -93.433837
v 212.267731 4646.829542 -93.433837
v 160.363383 4646.829542 -93.433837
v 108.459035 4646.829542 -93.433837
v 56.554688 4646.829542 -93.433837
v 4.650340 4646.829542 -93.433837
v -47.254008 4646.829542 -93.433837
v -99.158356 4646.829542 -93.433837
v 990.832948 4644.532293 -92.482286
v 938.928601 4644.532293 -92.482286
v 887.024253 4644.532293 -92.482286
v 835.119905 4644.532293 -92.482286
v 783.215557 4644.532293 -92.482286
v 731.311209 4644.532293 -92.482286
v 679.406861 4644.532293 -92.482286
v 627.502514 4644.532293 -92.482286
v 575.598166 4644.532293 -92.482286
v 523.693818 4644.532293 -92.482286
v 471.789470 4644.532293 -92.482286
v 419.885122 4644.532293 -92.482286
v 367.980774 4644.532293 -92.482286
v 316.076427 4644.532293 -92.482286
v 264.172079 4644.532293 -92.482286
v 212.267731 4644.532293 -92.482286
v 160.363383 4644.532293 -92.482286
v 108.459035 4644.532293 -92.482286
v 56.554688 4644.532293 -92.482286
v 4.650340 4644.532293 -92.482286
v -47.254008 4644.532293 -92.482286
v -99.158356 4644.532293 -92.482286
v 990.832948 4642.559601 -90.968586
v 938.928601 4642.559601 -90.968586
v 887.024253 4642.559601 -90.968586
v 835.119905 4642.559601 -90.968586
v 783.215557 4642.559601 -90.968586
v 731.311209 4642.559601 -90.968586
v 679.406861 4642.559601 -90.968586
v 627.502514 4642.559601 -90.968586
v 575.598166 4642.559601 -90.968586
v 523.693818 4642.559601 -90.968586
v 471.789470 4642.559601 -90.968586
v 419.885122 4642.559601 -90.968586
v 367.980774 4642.559601 -90.968586
v 316.076427 4642.559601 -90.968586
v 264.172079 4642.559601 -90.968586
v 212.267731 4642.559601 -90.968586
v 160.363383 4642.559601 -90.968586
v 108.459035 4642.559601 -90.968586
v 56.554688 4642.559601 -90.968586
v 4.650340 4642.559601 -90.968586
v -47.254008 4642.559601 -90.968586
v -99.158356 4642.559601 -90.968586
v 990.832948 4641.045901 -88.995894
v 938.928601 4641.045901 -88.995894
v 887.024253 4641.045901 -88.995894
v 835.119905 4641.045901 -88.995894
v 783.215557 4641.045901 -88.995894
v 731.311209 4641.045901 -88.995894
v 679.406861 4641.045901 -88.995894
v 627.502514 4641.045901 -88.995894
v 575.598166 4641.045901 -88.995894
v 523.693818 4641.045901 -88.995894
v 471.789470 4641.045901 -88.995894
v 419.885122 4641.045901 -88.995894
v 367.980774 4641.045901 -88.995894
v 316.076427 4641.045901 -88.995894
v 264.172079 4641.045901 -88.995894
v 212.267731 4641.045901 -88.995894
v 160.363383 4641.045901 -88.995894
v 108.459035 4641.045901 -88.995894
v 56.554688 4641.045901 -88.995894
v 4.650340 4641.045901 -88.995894
v -47.254008 4641.045901 -88.995894
v -99.158356 4641.045901 -88.995894
v 990.832948 4640.094350 -86.698645
v 938.928601 4640.094350 -86.698645
v 887.024253 4640.094350 -86.698645
v 835.119905 4640.094350 -86.698645
v 783.215557 4640.094350 -86.698645
v 731.311209 4640.094350 -86.698645
v 679.406861 4640.094350 -86.698645
v 627.502514 4640.094350 -86.698645
v 575.598166 4640.094350 -86.698645
v 523.693818 4640.094350 -86.698645
v 471.789470 4640.094350 -86.698645
v 419.885122 4640.094350 -86.698645
v 367.980774 4640.094350 -86.698645
v 316.076427 4640.094350 -86.698645
v 264.172079 4640.094350 -86.698645
v 212.267731 4640.094350 -86.698645
v 160.363383 4640.094350 -86.698645
v 108.459035 4640.094350 -86.698645
v 56.554688 4640.094350 -86.698645
v 4.650340 4640.094350 -86.698645
v -47.254008 4640.094350 -86.698645
v -99.158356 4640.094350 -86.698645
v -151.062704 4639.769793 49.116606
v -151.062704 4640.094350 51.581858
v -151.062704 4641.045901 53.879106
v -151.062704 4642.559601 55.851799
v -151.062704 4644.532293 57.365498
v -151.062704 4646.829542 58.317050
v -151.062704 4649.294793 58.641606
v -151.062704 4706.444793 58.641606
v -151.062704 4708.910045 58.317050
v -151.062704 4711.207293 57.365498
v -151.062704 4713.179985 55.851799
v -151.062704 4714.693685 53.879106
v -151.062704 4715.645237 51.581858
v -151.062704 4715.969793 49.116606
v -151.062704 4706.444793 -88.995894
v -151.062704 4707.677419 -88.833615
v -151.062704 4708.826043 -88.357840
v -151.062704 4709.812389 -87.600990
v -151.062704 4710.569239 -86.614644
v -151.062704 4711.045015 -85.466019
v -151.062704 4711.207293 -84.233394
v -151.062704 4711.207293 49.116606
v -151.062704 4711.045015 50.349232
v -151.062704 4710.569239 51.497856
v -151.062704 4709.812389 52.484203
v -151.062704 4708.826043 53.241052
v -151.062704 4707.677419 53.716828
v -151.062704 4706.444793 53.879106
v -151.062704 4649.294793 53.879106
v -151.062704 4648.062168 53.716828
v -151.062704 4646.913543 53.241052
v -151.062704 4645.927197 52.484203
v -151.062704 4645.170347 51.497856
v -151.062704 4644.694572 50.349232
v 1042.737296 4639.769793 49.116606
v 890.337296 4639.769793 49.116606
v 890.337296 4639.769793 -23.908394
v 877.637296 4639.769793 -36.608394
v 483.937296 4639.769793 -36.608394
v 471.237296 4639.769793 -23.908394
v 471.237296 4639.769793 49.116606
v 420.437296 4639.769793 49.116606
v 420.437296 4639.769793 -23.908394
v 407.737296 4639.769793 -36.608394
v 14.037296 4639.769793 -36.608394
v 1.337296 4639.769793 -23.908394
v 1.337296 4639.769793 49.116606
v 1.337296 4649.294793 53.879106
v 1.337296 4648.062168 53.716828
v 1.337296 4646.913543 53.241052
v 1.337296 4645.927197 52.484203
v 1.337296 4645.170347 51.497856
v 1.337296 4644.694572 50.349232
v -24.062704 4648.062168 53.716828
v -49.462704 4648.062168 53.716828
v -74.862704 4648.062168 53.716828
v -100.262704 4648.062168 53.716828
v -125.662704 4648.062168 53.716828
v -24.062704 4646.913543 53.241052
v -49.462704 4646.913543 53.241052
v -74.862704 4646.913543 53.241052
v -100.262704 4646.913543 53.241052
v -125.662704 4646.913543 53.241052
v -24.062704 4645.927197 52.484203
v -49.462704 4645.927197 52.484203
v -74.862704 4645.927197 52.484203
v -100.262704 4645.927197 52.484203
v -125.662704 4645.927197 52.484203
v -24.062704 4645.170347 51.497856
v -49.462704 4645.170347 51.497856
v -74.862704 4645.170347 51.497856
v -100.262704 4645.170347 51.497856
v -125.662704 4645.170347 51.497856
v -24.062704 4644.694572 50.349232
v -49.462704 4644.694572 50.349232
v -74.862704 4644.694572 50.349232
v -100.262704 4644.694572 50.349232
v -125.662704 4644.694572 50.349232
v 890.337296 4644.694572 50.349232
v 890.337296 4645.170347 51.497856
v 890.337296 4645.927197 52.484203
v 890.337296 4646.913543 53.241052
v 890.337296 4648.062168 53.716828
v 890.337296 4649.294793 53.879106
v 1042.737296 4649.294793 53.879106
v 1042.737296 4648.062168 53.716828
v 1042.737296 4646.913543 53.241052
v 1042.737296 4645.927197 52.484203
v 1042.737296 4645.170347 51.497856
v 1042.737296 4644.694572 50.349232
v 915.737296 4644.694572 50.349232
v 941.137296 4644.694572 50.349232
v 966.537296 4644.694572 50.349232
v 991.937296 4644.694572 50.349232
v 1017.337296 4644.694572 50.349232
v 915.737296 4645.170347 51.497856
v 941.137296 4645.170347 51.497856
v 966.537296 4645.170347 51.497856
v 991.937296 4645.170347 51.497856
v 1017.337296 4645.170347 51.497856
v 915.737296 4645.927197 52.484203
v 941.137296 4645.927197 52.484203
v 966.537296 4645.927197 52.484203
v 991.937296 4645.927197 52.484203
v 1017.337296 4645.927197 52.484203
v 915.737296 4646.913543 53.241052
v 941.137296 4646.913543 53.241052
v 966.537296 4646.913543 53.241052
v 991.937296 4646.913543 53.241052
v 1017.337296 4646.913543 53.241052
v 915.737296 4648.062168 53.716828
v 941.137296 4648.062168 53.716828
v 966.537296 4648.062168 53.716828
v 991.937296 4648.062168 53.716828
v 1017.337296 4648.062168 53.716828
v 890.337296 4706.444793 53.879106
v 1042.737296 4706.444793 53.879106
v 1014.162296 4669.932293 53.879106
v 1016.216672 4670.202757 53.879106
v 1018.131046 4670.995717 53.879106
v 1019.774956 4672.257133 53.879106
v 1021.036373 4673.901043 53.879106
v 1021.829332 4675.815417 53.879106
v 1022.099796 4677.869793 53.879106
v 1021.829332 4679.924169 53.879106
v 1021.036373 4681.838543 53.879106
v 1019.774956 4683.482453 53.879106
v 1018.131046 4684.743870 53.879106
v 1016.216672 4685.536830 53.879106
v 1014.162296 4685.807293 53.879106
v 1012.107920 4685.536830 53.879106
v 1010.193546 4684.743870 53.879106
v 1008.549636 4683.482453 53.879106
v 1007.288220 4681.838543 53.879106
v 1006.495260 4679.924169 53.879106
v 1006.224796 4677.869793 53.879106
v 1006.495260 4675.815417 53.879106
v 1007.288220 4673.901043 53.879106
v 1008.549636 4672.257133 53.879106
v 1010.193546 4670.995717 53.879106
v 1012.107920 4670.202757 53.879106
v 915.737296 4685.807293 53.879106
v 913.682920 4685.536830 53.879106
v 911.768546 4684.743870 53.879106
v 910.124636 4683.482453 53.879106
v 908.863220 4681.838543 53.879106
v 908.070260 4679.924169 53.879106
v 907.799796 4677.869793 53.879106
v 908.070260 4675.815417 53.879106
v 908.863220 4673.901043 53.879106
v 910.124636 4672.257133 53.879106
v 911.768546 4670.995717 53.879106
v 913.682920 4670.202757 53.879106
v 915.737296 4669.932293 53.879106
v 917.791672 4670.202757 53.879106
v 919.706046 4670.995717 53.879106
v 921.349956 4672.257133 53.879106
v 922.611373 4673.901043 53.879106
v 923.404332 4675.815417 53.879106
v 923.674796 4677.869793 53.879106
v 923.404332 4679.924169 53.879106
v 922.611373 4681.838543 53.879106
v 921.349956 4683.482453 53.879106
v 919.706046 4684.743870 53.879106
v 917.791672 4685.536830 53.879106
v 420.437296 4644.694572 50.349232
v 420.437296 4645.170347 51.497856
v 420.437296 4645.927197 52.484203
v 420.437296 4646.913543 53.241052
v 420.437296 4648.062168 53.716828
v 420.437296 4649.294793 53.879106
v 471.237296 4649.294793 53.879106
v 471.237296 4648.062168 53.716828
v 471.237296 4646.913543 53.241052
v 471.237296 4645.927197 52.484203
v 471.237296 4645.170347 51.497856
v 471.237296 4644.694572 50.349232
v 445.837296 4644.694572 50.349232
v 445.837296 4645.170347 51.497856
v 445.837296 4645.927197 52.484203
v 445.837296 4646.913543 53.241052
v 445.837296 4648.062168 53.716828
v 420.437296 4706.444793 53.879106
v 471.237296 4706.444793 53.879106
v 471.237296 4640.094350 51.581858
v 471.237296 4641.045901 53.879106
v 471.237296 4642.559601 55.851799
v 471.237296 4644.532293 57.365498
v 471.237296 4646.829542 58.317050
v 471.237296 4649.294793 58.641606
v 420.437296 4649.294793 58.641606
v 420.437296 4646.829542 58.317050
v 420.437296 4644.532293 57.365498
v 420.437296 4642.559601 55.851799
v 420.437296 4641.045901 53.879106
v 420.437296 4640.094350 51.581858
v 471.237296 4707.677419 53.716828
v 471.237296 4708.826043 53.241052
v 471.237296 4709.812389 52.484203
v 471.237296 4710.569239 51.497856
v 471.237296 4711.045015 50.349232
v 471.237296 4711.207293 49.116606
v 471.237296 4711.207293 -23.908394
v 471.237296 4715.969793 -23.908394
v 471.237296 4715.969793 49.116606
v 471.237296 4715.645237 51.581858
v 471.237296 4714.693685 53.879106
v 471.237296 4713.179985 55.851799
v 471.237296 4711.207293 57.365498
v 471.237296 4708.910045 58.317050
v 471.237296 4706.444793 58.641606
v 1042.737296 4640.094350 51.581858
v 1042.737296 4641.045901 53.879106
v 1042.737296 4642.559601 55.851799
v 1042.737296 4644.532293 57.365498
v 1042.737296 4646.829542 58.317050
v 1042.737296 4649.294793 58.641606
v 890.337296 4649.294793 58.641606
v 890.337296 4646.829542 58.317050
v 890.337296 4644.532293 57.365498
v 890.337296 4642.559601 55.851799
v 890.337296 4641.045901 53.879106
v 890.337296 4640.094350 51.581858
v 991.937296 4640.094350 51.581858
v 941.137296 4640.094350 51.581858
v 991.937296 4641.045901 53.879106
v 941.137296 4641.045901 53.879106
v 991.937296 4642.559601 55.851799
v 941.137296 4642.559601 55.851799
v 991.937296 4644.532293 57.365498
v 941.137296 4644.532293 57.365498
v 991.937296 4646.829542 58.317050
v 941.137296 4646.829542 58.317050
v 1042.737296 4715.969793 49.116606
v 1042.737296 4715.645237 51.581858
v 1042.737296 4714.693685 53.879106
v 1042.737296 4713.179985 55.851799
v 1042.737296 4711.207293 57.365498
v 1042.737296 4708.910045 58.317050
v 1042.737296 4706.444793 58.641606
v 1042.737296 4707.677419 53.716828
v 1042.737296 4708.826043 53.241052
v 1042.737296 4709.812389 52.484203
v 1042.737296 4710.569239 51.497856
v 1042.737296 4711.045015 50.349232
v 1042.737296 4711.207293 49.116606
v 1042.737296 4711.207293 -84.233394
v 1042.737296 4711.045015 -85.466019
v 1042.737296 4710.569239 -86.614644
v 1042.737296 4709.812389 -87.600990
v 1042.737296 4708.826043 -88.357840
v 1042.737296 4707.677419 -88.833615
v 1042.737296 4706.444793 -88.995894
v 1.337296 4640.094350 51.581858
v 1.337296 4641.045901 53.879106
v 1.337296 4642.559601 55.851799
v 1.337296 4644.532293 57.365498
v 1.337296 4646.829542 58.317050
v 1.337296 4649.294793 58.641606
v -100.262704 4646.829542 58.317050
v -49.462704 4646.829542 58.317050
v -100.262704 4644.532293 57.365498
v -49.462704 4644.532293 57.365498
v -100.262704 4642.559601 55.851799
v -49.462704 4642.559601 55.851799
v -100.262704 4641.045901 53.879106
v -49.462704 4641.045901 53.879106
v -100.262704 4640.094350 51.581858
v -49.462704 4640.094350 51.581858
v 1.337296 4706.444793 53.879106
v 1.337296 4707.677419 53.716828
v 1.337296 4708.826043 53.241052
v 1.337296 4709.812389 52.484203
v 1.337296 4710.569239 51.497856
v 1.337296 4711.045015 50.349232
v 1.337296 4711.207293 49.116606
v 1.337296 4711.207293 -23.908394
v 1.337296 4715.969793 -23.908394
v 1.337296 4715.969793 49.116606
v 1.337296 4715.645237 51.581858
v 1.337296 4714.693685 53.879106
v 1.337296 4713.179985 55.851799
v 1.337296 4711.207293 57.365498
v 1.337296 4708.910045 58.317050
v 1.337296 4706.444793 58.641606
v 420.437296 4706.444793 58.641606
v 420.437296 4708.910045 58.317050
v 420.437296 4711.207293 57.365498
v 420.437296 4713.179985 55.851799
v 420.437296 4714.693685 53.879106
v 420.437296 4715.645237 51.581858
v 420.437296 4715.969793 49.116606
v 420.437296 4715.969793 -23.908394
v 420.437296 4711.207293 -23.908394
v 420.437296 4711.207293 49.116606
v 420.437296 4711.045015 50.349232
v 420.437296 4710.569239 51.497856
v 420.437296 4709.812389 52.484203
v 420.437296 4708.826043 53.241052
v 420.437296 4707.677419 53.716828
v 890.337296 4706.444793 58.641606
v 890.337296 4708.910045 58.317050
v 890.337296 4711.207293 57.365498
v 890.337296 4713.179985 55.851799
v 890.337296 4714.693685 53.879106
v 890.337296 4715.645237 51.581858
v 890.337296 4715.969793 49.116606
v 890.337296 4715.969793 -23.908394
v 890.337296 4711.207293 -23.908394
v 890.337296 4711.207293 49.116606
v 890.337296 4711.045015 50.349232
v 890.337296 4710.569239 51.497856
v 890.337296 4709.812389 52.484203
v 890.337296 4708.826043 53.241052
v 890.337296 4707.677419 53.716828
v 50.549796 4698.507293 -88.995894
v 206.124796 4698.507293 -88.995894
v 206.124796 4657.232293 -88.995894
v 50.549796 4657.232293 -88.995894
v 685.549796 4698.507293 -88.995894
v 841.124796 4698.507293 -88.995894
v 841.124796 4657.232293 -88.995894
v 685.549796 4657.232293 -88.995894
v 841.124796 4698.507293 -93.758394
v 685.549796 4698.507293 -93.758394
v 685.549796 4657.232293 -93.758394
v 841.124796 4657.232293 -93.758394
v 206.124796 4698.507293 -93.758394
v 50.549796 4698.507293 -93.758394
v 50.549796 4657.232293 -93.758394
v 206.124796 4657.232293 -93.758394
v 14.037296 4715.969793 -36.608394
v 407.737296 4715.969793 -36.608394
v 483.937296 4715.969793 -36.608394
v 877.637296 4715.969793 -36.608394
v 1016.208407 4707.677419 -88.833615
v 989.679518 4707.677419 -88.833615
v 963.150630 4707.677419 -88.833615
v 936.621741 4707.677419 -88.833615
v 910.092852 4707.677419 -88.833615
v 883.563963 4707.677419 -88.833615
v 857.035074 4707.677419 -88.833615
v 830.506185 4707.677419 -88.833615
v 803.977296 4707.677419 -88.833615
v 777.448407 4707.677419 -88.833615
v 750.919518 4707.677419 -88.833615
v 724.390630 4707.677419 -88.833615
v 697.861741 4707.677419 -88.833615
v 671.332852 4707.677419 -88.833615
v 644.803963 4707.677419 -88.833615
v 618.275074 4707.677419 -88.833615
v 591.746185 4707.677419 -88.833615
v 565.217296 4707.677419 -88.833615
v 538.688407 4707.677419 -88.833615
v 512.159518 4707.677419 -88.833615
v 485.630630 4707.677419 -88.833615
v 459.101741 4707.677419 -88.833615
v 432.572852 4707.677419 -88.833615
v 406.043963 4707.677419 -88.833615
v 379.515074 4707.677419 -88.833615
v 352.986185 4707.677419 -88.833615
v 326.457296 4707.677419 -88.833615
v 299.928407 4707.677419 -88.833615
v 273.399518 4707.677419 -88.833615
v 246.870630 4707.677419 -88.833615
v 220.341741 4707.677419 -88.833615
v 193.812852 4707.677419 -88.833615
v 167.283963 4707.677419 -88.833615
v 140.755074 4707.677419 -88.833615
v 114.226185 4707.677419 -88.833615
v 87.697296 4707.677419 -88.833615
v 61.168407 4707.677419 -88.833615
v 34.639518 4707.677419 -88.833615
v 8.110630 4707.677419 -88.833615
v -18.418259 4707.677419 -88.833615
v -44.947148 4707.677419 -88.833615
v -71.476037 4707.677419 -88.833615
v -98.004926 4707.677419 -88.833615
v -124.533815 4707.677419 -88.833615
v 1016.208407 4708.826043 -88.357840
v 989.679518 4708.826043 -88.357840
v 963.150630 4708.826043 -88.357840
v 936.621741 4708.826043 -88.357840
v 910.092852 4708.826043 -88.357840
v 883.563963 4708.826043 -88.357840
v 857.035074 4708.826043 -88.357840
v 830.506185 4708.826043 -88.357840
v 803.977296 4708.826043 -88.357840
v 777.448407 4708.826043 -88.357840
v 750.919518 4708.826043 -88.357840
v 724.390630 4708.826043 -88.357840
v 697.861741 4708.826043 -88.357840
v 671.332852 4708.826043 -88.357840
v 644.803963 4708.826043 -88.357840
v 618.275074 4708.826043 -88.357840
v 591.746185 4708.826043 -88.357840
v 565.217296 4708.826043 -88.357840
v 538.688407 4708.826043 -88.357840
v 512.159518 4708.826043 -88.357840
v 485.630630 4708.826043 -88.357840
v 459.101741 4708.826043 -88.357840
v 432.572852 4708.826043 -88.357840
v 406.043963 4708.826043 -88.357840
v 379.515074 4708.826043 -88.357840
v 352.986185 4708.826043 -88.357840
v 326.457296 4708.826043 -88.357840
v 299.928407 4708.826043 -88.357840
v 273.399518 4708.826043 -88.357840
v 246.870630 4708.826043 -88.357840
v 220.341741 4708.826043 -88.357840
v 193.812852 4708.826043 -88.357840
v 167.283963 4708.826043 -88.357840
v 140.755074 4708.826043 -88.357840
v 114.226185 4708.826043 -88.357840
v 87.697296 4708.826043 -88.357840
v 61.168407 4708.826043 -88.357840
v 34.639518 4708.826043 -88.357840
v 8.110630 4708.826043 -88.357840
v -18.418259 4708.826043 -88.357840
v -44.947148 4708.826043 -88.357840
v -71.476037 4708.826043 -88.357840
v -98.004926 4708.826043 -88.357840
v -124.533815 4708.826043 -88.357840
v 1016.208407 4709.812389 -87.600990
v 989.679518 4709.812389 -87.600990
v 963.150630 4709.812389 -87.600990
v 936.621741 4709.812389 -87.600990
v 910.092852 4709.812389 -87.600990
v 883.563963 4709.812389 -87.600990
v 857.035074 4709.812389 -87.600990
v 830.506185 4709.812389 -87.600990
v 803.977296 4709.812389 -87.600990
v 777.448407 4709.812389 -87.600990
v 750.919518 4709.812389 -87.600990
v 724.390630 4709.812389 -87.600990
v 697.861741 4709.812389 -87.600990
v 671.332852 4709.812389 -87.600990
v 644.803963 4709.812389 -87.600990
v 618.275074 4709.812389 -87.600990
v 591.746185 4709.812389 -87.600990
v 565.217296 4709.812389 -87.600990
v 538.688407 4709.812389 -87.600990
v 512.159518 4709.812389 -87.600990
v 485.630630 4709.812389 -87.600990
v 459.101741 4709.812389 -87.600990
v 432.572852 4709.812389 -87.600990
v 406.043963 4709.812389 -87.600990
v 379.515074 4709.812389 -87.600990
v 352.986185 4709.812389 -87.600990
v 326.457296 4709.812389 -87.600990
v 299.928407 4709.812389 -87.600990
v 273.399518 4709.812389 -87.600990
v 246.870630 4709.812389 -87.600990
v 220.341741 4709.812389 -87.600990
v 193.812852 4709.812389 -87.600990
v 167.283963 4709.812389 -87.600990
v 140.755074 4709.812389 -87.600990
v 114.226185 4709.812389 -87.600990
v 87.697296 4709.812389 -87.600990
v 61.168407 4709.812389 -87.600990
v 34.639518 4709.812389 -87.600990
v 8.110630 4709.812389 -87.600990
v -18.418259 4709.812389 -87.600990
v -44.947148 4709.812389 -87.600990
v -71.476037 4709.812389 -87.600990
v -98.004926 4709.812389 -87.600990
v -124.533815 4709.812389 -87.600990
v 1016.208407 4710.569239 -86.614644
v 989.679518 4710.569239 -86.614644
v 963.150630 4710.569239 -86.614644
v 936.621741 4710.569239 -86.614644
v 910.092852 4710.569239 -86.614644
v 883.563963 4710.569239 -86.614644
v 857.035074 4710.569239 -86.614644
v 830.506185 4710.569239 -86.614644
v 803.977296 4710.569239 -86.614644
v 777.448407 4710.569239 -86.614644
v 750.919518 4710.569239 -86.614644
v 724.390630 4710.569239 -86.614644
v 697.861741 4710.569239 -86.614644
v 671.332852 4710.569239 -86.614644
v 644.803963 4710.569239 -86.614644
v 618.275074 4710.569239 -86.614644
v 591.746185 4710.569239 -86.614644
v 565.217296 4710.569239 -86.614644
v 538.688407 4710.569239 -86.614644
v 512.159518 4710.569239 -86.614644
v 485.630630 4710.569239 -86.614644
v 459.101741 4710.569239 -86.614644
v 432.572852 4710.569239 -86.614644
v 406.043963 4710.569239 -86.614644
v 379.515074 4710.569239 -86.614644
v 352.986185 4710.569239 -86.614644
v 326.457296 4710.569239 -86.614644
v 299.928407 4710.569239 -86.614644
v 273.399518 4710.569239 -86.614644
v 246.870630 4710.569239 -86.614644
v 220.341741 4710.569239 -86.614644
v 193.812852 4710.569239 -86.614644
v 167.283963 4710.569239 -86.614644
v 140.755074 4710.569239 -86.614644
v 114.226185 4710.569239 -86.614644
v 87.697296 4710.569239 -86.614644
v 61.168407 4710.569239 -86.614644
v 34.639518 4710.569239 -86.614644
v 8.110630 4710.569239 -86.614644
v -18.418259 4710.569239 -86.614644
v -44.947148 4710.569239 -86.614644
v -71.476037 4710.569239 -86.614644
v -98.004926 4710.569239 -86.614644
v -124.533815 4710.569239 -86.614644
v 1016.208407 4711.045015 -85.466019
v 989.679518 4711.045015 -85.466019
v 963.150630 4711.045015 -85.466019
v 936.621741 4711.045015 -85.466019
v 910.092852 4711.045015 -85.466019
v 883.563963 4711.045015 -85.466019
v 857.035074 4711.045015 -85.466019
v 830.506185 4711.045015 -85.466019
v 803.977296 4711.045015 -85.466019
v 777.448407 4711.045015 -85.466019
v 750.919518 4711.045015 -85.466019
v 724.390630 4711.045015 -85.466019
v 697.861741 4711.045015 -85.466019
v 671.332852 4711.045015 -85.466019
v 644.803963 4711.045015 -85.466019
v 618.275074 4711.045015 -85.466019
v 591.746185 4711.045015 -85.466019
v 565.217296 4711.045015 -85.466019
v 538.688407 4711.045015 -85.466019
v 512.159518 4711.045015 -85.466019
v 485.630630 4711.045015 -85.466019
v 459.101741 4711.045015 -85.466019
v 432.572852 4711.045015 -85.466019
v 406.043963 4711.045015 -85.466019
v 379.515074 4711.045015 -85.466019
v 352.986185 4711.045015 -85.466019
v 326.457296 4711.045015 -85.466019
v 299.928407 4711.045015 -85.466019
v 273.399518 4711.045015 -85.466019
v 246.870630 4711.045015 -85.466019
v 220.341741 4711.045015 -85.466019
v 193.812852 4711.045015 -85.466019
v 167.283963 4711.045015 -85.466019
v 140.755074 4711.045015 -85.466019
v 114.226185 4711.045015 -85.466019
v 87.697296 4711.045015 -85.466019
v 61.168407 4711.045015 -85.466019
v 34.639518 4711.045015 -85.466019
v 8.110630 4711.045015 -85.466019
v -18.418259 4711.045015 -85.466019
v -44.947148 4711.045015 -85.466019
v -71.476037 4711.045015 -85.466019
v -98.004926 4711.045015 -85.466019
v -124.533815 4711.045015 -85.466019
v 877.637296 4711.207293 -36.608394
v 483.937296 4711.207293 -36.608394
v 407.737296 4711.207293 -36.608394
v 14.037296 4711.207293 -36.608394
v -100.262704 4715.645237 51.581858
v -49.462704 4715.645237 51.581858
v -100.262704 4714.693685 53.879106
v -49.462704 4714.693685 53.879106
v -100.262704 4713.179985 55.851799
v -49.462704 4713.179985 55.851799
v -100.262704 4711.207293 57.365498
v -49.462704 4711.207293 57.365498
v -100.262704 4708.910045 58.317050
v -49.462704 4708.910045 58.317050
v 991.937296 4708.910045 58.317050
v 941.137296 4708.910045 58.317050
v 991.937296 4711.207293 57.365498
v 941.137296 4711.207293 57.365498
v 991.937296 4713.179985 55.851799
v 941.137296 4713.179985 55.851799
v 991.937296 4714.693685 53.879106
v 941.137296 4714.693685 53.879106
v 991.937296 4715.645237 51.581858
v 941.137296 4715.645237 51.581858
v 445.837296 4711.045015 50.349232
v 445.837296 4710.569239 51.497856
v 445.837296 4709.812389 52.484203
v 445.837296 4708.826043 53.241052
v 445.837296 4707.677419 53.716828
v 915.737296 4707.677419 53.716828
v 941.137296 4707.677419 53.716828
v 966.537296 4707.677419 53.716828
v 991.937296 4707.677419 53.716828
v 1017.337296 4707.677419 53.716828
v 915.737296 4708.826043 53.241052
v 941.137296 4708.826043 53.241052
v 966.537296 4708.826043 53.241052
v 991.937296 4708.826043 53.241052
v 1017.337296 4708.826043 53.241052
v 915.737296 4709.812389 52.484203
v 941.137296 4709.812389 52.484203
v 966.537296 4709.812389 52.484203
v 991.937296 4709.812389 52.484203
v 1017.337296 4709.812389 52.484203
v 915.737296 4710.569239 51.497856
v 941.137296 4710.569239 51.497856
v 966.537296 4710.569239 51.497856
v 991.937296 4710.569239 51.497856
v 1017.337296 4710.569239 51.497856
v 915.737296 4711.045015 50.349232
v 941.137296 4711.045015 50.349232
v 966.537296 4711.045015 50.349232
v 991.937296 4711.045015 50.349232
v 1017.337296 4711.045015 50.349232
v -24.062704 4711.045015 50.349232
v -49.462704 4711.045015 50.349232
v -74.862704 4711.045015 50.349232
v -100.262704 4711.045015 50.349232
v -125.662704 4711.045015 50.349232
v -24.062704 4710.569239 51.497856
v -49.462704 4710.569239 51.497856
v -74.862704 4710.569239 51.497856
v -100.262704 4710.569239 51.497856
v -125.662704 4710.569239 51.497856
v -24.062704 4709.812389 52.484203
v -49.462704 4709.812389 52.484203
v -74.862704 4709.812389 52.484203
v -100.262704 4709.812389 52.484203
v -125.662704 4709.812389 52.484203
v -24.062704 4708.826043 53.241052
v -49.462704 4708.826043 53.241052
v -74.862704 4708.826043 53.241052
v -100.262704 4708.826043 53.241052
v -125.662704 4708.826043 53.241052
v -24.062704 4707.677419 53.716828
v -49.462704 4707.677419 53.716828
v -74.862704 4707.677419 53.716828
v -100.262704 4707.677419 53.716828
v -125.662704 4707.677419 53.716828
v -122.487704 4669.932293 53.879106
v -120.433328 4670.202757 53.879106
v -118.518954 4670.995717 53.879106
v -116.875044 4672.257133 53.879106
v -115.613627 4673.901043 53.879106
v -114.820668 4675.815417 53.879106
v -114.550204 4677.869793 53.879106
v -114.820668 4679.924169 53.879106
v -115.613627 4681.838543 53.879106
v -116.875044 4683.482453 53.879106
v -118.518954 4684.743870 53.879106
v -120.433328 4685.536830 53.879106
v -122.487704 4685.807293 53.879106
v -124.542080 4685.536830 53.879106
v -126.456454 4684.743870 53.879106
v -128.100364 4683.482453 53.879106
v -129.361780 4681.838543 53.879106
v -130.154740 4679.924169 53.879106
v -130.425204 4677.869793 53.879106
v -130.154740 4675.815417 53.879106
v -129.361780 4673.901043 53.879106
v -128.100364 4672.257133 53.879106
v -126.456454 4670.995717 53.879106
v -124.542080 4670.202757 53.879106
v -24.062704 4685.807293 53.879106
v -26.117080 4685.536830 53.879106
v -28.031454 4684.743870 53.879106
v -29.675364 4683.482453 53.879106
v -30.936780 4681.838543 53.879106
v -31.729740 4679.924169 53.879106
v -32.000204 4677.869793 53.879106
v -31.729740 4675.815417 53.879106
v -30.936780 4673.901043 53.879106
v -29.675364 4672.257133 53.879106
v -28.031454 4670.995717 53.879106
v -26.117080 4670.202757 53.879106
v -24.062704 4669.932293 53.879106
v -22.008328 4670.202757 53.879106
v -20.093954 4670.995717 53.879106
v -18.450044 4672.257133 53.879106
v -17.188627 4673.901043 53.879106
v -16.395668 4675.815417 53.879106
v -16.125204 4677.869793 53.879106
v -16.395668 4679.924169 53.879106
v -17.188627 4681.838543 53.879106
v -18.450044 4683.482453 53.879106
v -20.093954 4684.743870 53.879106
v -22.008328 4685.536830 53.879106
v 915.737296 4685.807293 58.641606
v 913.682920 4685.536830 58.641606
v 911.768546 4684.743870 58.641606
v 910.124636 4683.482453 58.641606
v 908.863220 4681.838543 58.641606
v 908.070260 4679.924169 58.641606
v 907.799796 4677.869793 58.641606
v 908.070260 4675.815417 58.641606
v 908.863220 4673.901043 58.641606
v 910.124636 4672.257133 58.641606
v 911.768546 4670.995717 58.641606
v 913.682920 4670.202757 58.641606
v 915.737296 4669.932293 58.641606
v 917.791672 4670.202757 58.641606
v 919.706046 4670.995717 58.641606
v 921.349956 4672.257133 58.641606
v 922.611373 4673.901043 58.641606
v 923.404332 4675.815417 58.641606
v 923.674796 4677.869793 58.641606
v 923.404332 4679.924169 58.641606
v 922.611373 4681.838543 58.641606
v 921.349956 4683.482453 58.641606
v 919.706046 4684.743870 58.641606
v 917.791672 4685.536830 58.641606
v -24.062704 4685.807293 58.641606
v -26.117080 4685.536830 58.641606
v -28.031454 4684.743870 58.641606
v -29.675364 4683.482453 58.641606
v -30.936780 4681.838543 58.641606
v -31.729740 4679.924169 58.641606
v -32.000204 4677.869793 58.641606
v -31.729740 4675.815417 58.641606
v -30.936780 4673.901043 58.641606
v -29.675364 4672.257133 58.641606
v -28.031454 4670.995717 58.641606
v -26.117080 4670.202757 58.641606
v -24.062704 4669.932293 58.641606
v -22.008328 4670.202757 58.641606
v -20.093954 4670.995717 58.641606
v -18.450044 4672.257133 58.641606
v -17.188627 4673.901043 58.641606
v -16.395668 4675.815417 58.641606
v -16.125204 4677.869793 58.641606
v -16.395668 4679.924169 58.641606
v -17.188627 4681.838543 58.641606
v -18.450044 4683.482453 58.641606
v -20.093954 4684.743870 58.641606
v -22.008328 4685.536830 58.641606
v -122.487704 4669.932293 58.641606
v -120.433328 4670.202757 58.641606
v -118.518954 4670.995717 58.641606
v -116.875044 4672.257133 58.641606
v -115.613627 4673.901043 58.641606
v -114.820668 4675.815417 58.641606
v -114.550204 4677.869793 58.641606
v -114.820668 4679.924169 58.641606
v -115.613627 4681.838543 58.641606
v -116.875044 4683.482453 58.641606
v -118.518954 4684.743870 58.641606
v -120.433328 4685.536830 58.641606
v -122.487704 4685.807293 58.641606
v -124.542080 4685.536830 58.641606
v -126.456454 4684.743870 58.641606
v -128.100364 4683.482453 58.641606
v -129.361780 4681.838543 58.641606
v -130.154740 4679.924169 58.641606
v -130.425204 4677.869793 58.641606
v -130.154740 4675.815417 58.641606
v -129.361780 4673.901043 58.641606
v -128.100364 4672.257133 58.641606
v -126.456454 4670.995717 58.641606
v -124.542080 4670.202757 58.641606
v 1014.162296 4669.932293 58.641606
v 1016.216672 4670.202757 58.641606
v 1018.131046 4670.995717 58.641606
v 1019.774956 4672.257133 58.641606
v 1021.036373 4673.901043 58.641606
v 1021.829332 4675.815417 58.641606
v 1022.099796 4677.869793 58.641606
v 1021.829332 4679.924169 58.641606
v 1021.036373 4681.838543 58.641606
v 1019.774956 4683.482453 58.641606
v 1018.131046 4684.743870 58.641606
v 1016.216672 4685.536830 58.641606
v 1014.162296 4685.807293 58.641606
v 1012.107920 4685.536830 58.641606
v 1010.193546 4684.743870 58.641606
v 1008.549636 4683.482453 58.641606
v 1007.288220 4681.838543 58.641606
v 1006.495260 4679.924169 58.641606
v 1006.224796 4677.869793 58.641606
v 1006.495260 4675.815417 58.641606
v 1007.288220 4673.901043 58.641606
v 1008.549636 4672.257133 58.641606
v 1010.193546 4670.995717 58.641606
v 1012.107920 4670.202757 58.641606
vt 4.445000 1.478643 0.000000
vt 4.445000 -0.072250 0.000000
vt 5.080000 2.113643 0.000000
vt 4.467842 -0.163169 0.000000
vt 4.481637 -0.255892 0.000000
vt 4.486250 -0.349522 0.000000
vt 5.080000 -4.236357 0.000000
vt 4.486250 -4.236357 0.000000
vt -5.080000 2.113643 0.000000
vt -4.445000 1.478643 0.000000
vt -5.080000 -4.236357 0.000000
vt -4.445000 -4.236357 0.000000
vt 0.593750 7.620000 0.000000
vt 0.000000 7.620000 0.000000
vt 0.593750 -0.000000 0.000000
vt 0.000000 0.000000 0.000000
vt 0.635000 -1.600085 0.000000
vt 0.000000 -1.600085 0.000000
vt 0.635000 -1.745547 0.000000
vt -0.000000 -1.745547 0.000000
vt 0.635000 1.745547 0.000000
vt -0.000000 1.745547 0.000000
vt 0.635000 1.600085 0.000000
vt 0.000000 1.600085 0.000000
vt 0.635000 1.454623 0.000000
vt -0.000000 1.454623 0.000000
vt 0.635000 1.309161 0.000000
vt -0.000000 1.309161 0.000000
vt 0.635000 1.163698 0.000000
vt 0.000000 1.163698 0.000000
vt 0.635000 1.018236 0.000000
vt -0.000000 1.018236 0.000000
vt 0.635000 0.872774 0.000000
vt 0.000000 0.872774 0.000000
vt 0.635000 0.727311 0.000000
vt 0.000000 0.727311 0.000000
vt 0.635000 0.581849 0.000000
vt 0.000000 0.581849 0.000000
vt 0.635000 0.436387 0.000000
vt 0.000000 0.436387 0.000000
vt 0.635000 0.290925 0.000000
vt 0.000000 0.290925 0.000000
vt 0.635000 0.145462 0.000000
vt -0.000000 0.145462 0.000000
vt 0.635000 0.000000 0.000000
vt 0.000000 0.000000 0.000000
vt 0.635000 -0.145462 0.000000
vt -0.000000 -0.145462 0.000000
vt 0.635000 -0.290925 0.000000
vt 0.000000 -0.290925 0.000000
vt 0.635000 -0.436387 0.000000
vt 0.000000 -0.436387 0.000000
vt 0.635000 -0.581849 0.000000
vt -0.000000 -0.581849 0.000000
vt 0.635000 -0.727311 0.000000
vt 0.000000 -0.727311 0.000000
vt 0.635000 -0.872774 0.000000
vt -0.000000 -0.872774 0.000000
vt 0.635000 -1.018236 0.000000
vt -0.000000 -1.018236 0.000000
vt 0.635000 -1.163698 0.000000
vt -0.000000 -1.163698 0.000000
vt 0.635000 -1.309161 0.000000
vt -0.000000 -1.309161 0.000000
vt 0.635000 -1.454623 0.000000
vt -0.000000 -1.454623 0.000000
vt 0.635000 -1.600085 0.000000
vt 0.000000 -1.600085 0.000000
vt 0.635000 -1.745547 0.000000
vt 0.000000 -1.745547 0.000000
vt 0.635000 1.745547 0.000000
vt 0.000000 1.745547 0.000000
vt 0.635000 1.600085 0.000000
vt 0.000000 1.600085 0.000000
vt 0.635000 1.454623 0.000000
vt -0.000000 1.454623 0.000000
vt 0.635000 1.309161 0.000000
vt -0.000000 1.309161 0.000000
vt 0.635000 1.163698 0.000000
vt 0.000000 1.163698 0.000000
vt 0.635000 1.018236 0.000000
vt -0.000000 1.018236 0.000000
vt 0.635000 0.872774 0.000000
vt 0.000000 0.872774 0.000000
vt 0.635000 0.727311 0.000000
vt 0.000000 0.727311 0.000000
vt 0.635000 0.581849 0.000000
vt 0.000000 0.581849 0.000000
vt 0.635000 0.436387 0.000000
vt 0.000000 0.436387 0.000000
vt 0.635000 0.290925 0.000000
vt 0.000000 0.290925 0.000000
vt 0.635000 0.145462 0.000000
vt -0.000000 0.145462 0.000000
vt 0.635000 0.000000 0.000000
vt 0.000000 0.000000 0.000000
vt 0.635000 -0.145462 0.000000
vt -0.000000 -0.145462 0.000000
vt 0.635000 -0.290925 0.000000
vt 0.000000 -0.290925 0.000000
vt 0.635000 -0.436387 0.000000
vt 0.000000 -0.436387 0.000000
vt 0.635000 -0.581849 0.000000
vt -0.000000 -0.581849 0.000000
vt 0.635000 -0.727311 0.000000
vt 0.000000 -0.727311 0.000000
vt 0.635000 -0.872774 0.000000
vt -0.000000 -0.872774 0.000000
vt 0.635000 -1.018236 0.000000
vt -0.000000 -1.018236 0.000000
vt 0.635000 -1.163698 0.000000
vt -0.000000 -1.163698 0.000000
vt 0.635000 -1.309161 0.000000
vt -0.000000 -1.309161 0.000000
vt 0.635000 -1.454623 0.000000
vt -0.000000 -1.454623 0.000000
vt 0.000000 0.000000 0.000000
vt 6.350000 -0.000000 0.000000
vt 0.000000 7.620000 0.000000
vt 6.350000 7.620000 0.000000
vt 0.000000 0.000000 0.000000
vt 0.635000 -0.000000 0.000000
vt 0.000000 7.620000 0.000000
vt 0.635000 7.620000 0.000000
vt 0.000000 0.000000 0.000000
vt 5.715000 0.000000 0.000000
vt -0.000000 7.620000 0.000000
vt 5.715000 7.620000 0.000000
vt 8.890000 -0.000000 0.000000
vt 2.182812 3.328815 0.000000
vt 0.000000 0.000000 0.000000
vt 2.048806 3.273307 0.000000
vt 1.905000 3.254375 0.000000
vt 8.890000 7.620000 0.000000
vt 7.540625 3.810000 0.000000
vt 7.521693 3.666194 0.000000
vt 7.466185 3.532187 0.000000
vt -0.000000 7.620000 0.000000
vt 6.707187 4.291185 0.000000
vt 6.841194 4.346693 0.000000
vt 6.985000 4.365625 0.000000
vt 1.349375 3.810000 0.000000
vt 1.368307 3.953806 0.000000
vt 1.423815 4.087812 0.000000
vt 2.441693 3.666194 0.000000
vt 6.448307 3.666194 0.000000
vt 2.460625 3.810000 0.000000
vt 6.429375 3.810000 0.000000
vt 2.441693 3.953806 0.000000
vt 6.448307 3.953806 0.000000
vt 2.386185 4.087812 0.000000
vt 6.503815 4.087812 0.000000
vt 2.297886 4.202886 0.000000
vt 6.592114 4.202886 0.000000
vt 2.182812 4.291185 0.000000
vt 6.503815 3.532187 0.000000
vt 2.386185 3.532187 0.000000
vt 6.592114 3.417114 0.000000
vt 2.297886 3.417114 0.000000
vt 6.707187 3.328815 0.000000
vt 1.761194 3.273307 0.000000
vt 1.627187 3.328815 0.000000
vt 1.512114 3.417114 0.000000
vt 1.423815 3.532187 0.000000
vt 1.368307 3.666194 0.000000
vt 1.512114 4.202886 0.000000
vt 1.627187 4.291185 0.000000
vt 1.761194 4.346693 0.000000
vt 1.905000 4.365625 0.000000
vt 2.048806 4.346693 0.000000
vt 7.377886 3.417114 0.000000
vt 7.262812 3.328815 0.000000
vt 7.128806 3.273307 0.000000
vt 6.985000 3.254375 0.000000
vt 6.841194 3.273307 0.000000
vt 7.128806 4.346693 0.000000
vt 7.262812 4.291185 0.000000
vt 7.377886 4.202886 0.000000
vt 7.466185 4.087812 0.000000
vt 7.521693 3.953806 0.000000
vt 4.164107 -0.000000 0.000000
vt 5.715000 -0.000000 0.000000
vt 4.164107 7.620000 0.000000
vt 5.715000 7.620000 0.000000
vt 0.000000 0.000000 0.000000
vt 6.350000 0.000000 0.000000
vt 0.000000 7.620000 0.000000
vt 6.350000 7.620000 0.000000
vt 10.160000 0.000000 0.000000
vt 2.683806 3.273307 0.000000
vt 0.000000 0.000000 0.000000
vt 2.540000 3.254375 0.000000
vt 2.396194 3.273307 0.000000
vt 10.160000 7.620000 0.000000
vt 8.175625 3.810000 0.000000
vt 8.156693 3.666194 0.000000
vt 8.101185 3.532187 0.000000
vt 0.000000 7.620000 0.000000
vt 7.476194 4.346693 0.000000
vt 7.620000 4.365625 0.000000
vt 7.763806 4.346693 0.000000
vt 1.984375 3.810000 0.000000
vt 2.003307 3.953806 0.000000
vt 2.058815 4.087812 0.000000
vt 7.083307 3.953806 0.000000
vt 3.076693 3.953806 0.000000
vt 7.064375 3.810000 0.000000
vt 3.095625 3.810000 0.000000
vt 7.083307 3.666194 0.000000
vt 3.076693 3.666194 0.000000
vt 7.138815 3.532187 0.000000
vt 3.021185 3.532187 0.000000
vt 7.227114 3.417114 0.000000
vt 2.932886 3.417114 0.000000
vt 7.342188 3.328815 0.000000
vt 2.817813 3.328815 0.000000
vt 7.476194 3.273307 0.000000
vt 3.021185 4.087812 0.000000
vt 7.138815 4.087812 0.000000
vt 2.932886 4.202886 0.000000
vt 7.227114 4.202886 0.000000
vt 2.817813 4.291185 0.000000
vt 7.342188 4.291185 0.000000
vt 2.683806 4.346693 0.000000
vt 7.897813 4.291185 0.000000
vt 8.012886 4.202886 0.000000
vt 8.101185 4.087812 0.000000
vt 8.156693 3.953806 0.000000
vt 8.012886 3.417114 0.000000
vt 7.897813 3.328815 0.000000
vt 7.763806 3.273307 0.000000
vt 7.620000 3.254375 0.000000
vt 2.147114 4.202886 0.000000
vt 2.262188 4.291185 0.000000
vt 2.396194 4.346693 0.000000
vt 2.540000 4.365625 0.000000
vt 2.262188 3.328815 0.000000
vt 2.147114 3.417114 0.000000
vt 2.058815 3.532187 0.000000
vt 2.003307 3.666194 0.000000
vt -4.481637 -0.255892 0.000000
vt -5.080000 2.113643 0.000000
vt -4.486250 -0.349522 0.000000
vt -5.080000 -4.236357 0.000000
vt -4.486250 -4.236357 0.000000
vt -4.467842 -0.163169 0.000000
vt -4.445000 -0.072250 0.000000
vt -4.445000 1.478643 0.000000
vt 4.445000 1.478643 0.000000
vt 5.080000 2.113643 0.000000
vt 5.080000 -4.236357 0.000000
vt 4.445000 -4.236357 0.000000
vt 97.790000 -0.748092 0.000000
vt 97.790000 -0.654310 0.000000
vt 0.000000 -0.748092 0.000000
vt 0.000000 -0.498728 0.000000
vt 5.190435 -0.498728 0.000000
vt 0.000000 -0.249364 0.000000
vt 5.190435 -0.249364 0.000000
vt -0.000000 -0.000000 0.000000
vt 5.190435 -0.000000 0.000000
vt 0.000000 0.249364 0.000000
vt 5.190435 0.249364 0.000000
vt -0.000000 0.498728 0.000000
vt 5.190435 0.498728 0.000000
vt -0.000000 0.748092 0.000000
vt 10.380870 0.498728 0.000000
vt 15.571304 0.498728 0.000000
vt 15.571304 0.249364 0.000000
vt 20.761739 0.249364 0.000000
vt 20.761739 -0.000000 0.000000
vt 25.952174 -0.000000 0.000000
vt 25.952174 -0.249364 0.000000
vt 31.142609 -0.249364 0.000000
vt 31.142609 -0.498728 0.000000
vt 36.333043 -0.498728 0.000000
vt 41.523478 -0.498728 0.000000
vt 46.713913 -0.498728 0.000000
vt 41.523478 -0.249364 0.000000
vt 46.713913 -0.249364 0.000000
vt 41.523478 -0.000000 0.000000
vt 46.713913 -0.000000 0.000000
vt 41.523478 0.249364 0.000000
vt 46.713913 0.249364 0.000000
vt 41.523478 0.498728 0.000000
vt 46.713913 0.498728 0.000000
vt 51.904348 0.498728 0.000000
vt 57.094783 0.498728 0.000000
vt 57.094783 0.249364 0.000000
vt 62.285217 0.249364 0.000000
vt 62.285217 -0.000000 0.000000
vt 67.475652 -0.000000 0.000000
vt 67.475652 -0.249364 0.000000
vt 72.666087 -0.249364 0.000000
vt 72.666087 -0.498728 0.000000
vt 77.856522 -0.498728 0.000000
vt 83.046957 -0.498728 0.000000
vt 88.237391 -0.498728 0.000000
vt 83.046957 -0.249364 0.000000
vt 88.237391 -0.249364 0.000000
vt 83.046957 -0.000000 0.000000
vt 88.237391 -0.000000 0.000000
vt 83.046957 0.249364 0.000000
vt 88.237391 0.249364 0.000000
vt 83.046957 0.498728 0.000000
vt 88.237391 0.498728 0.000000
vt 119.380000 0.748092 0.000000
vt 93.427826 0.498728 0.000000
vt 98.618261 0.498728 0.000000
vt 98.618261 0.249364 0.000000
vt 103.808696 0.249364 0.000000
vt 103.808696 -0.000000 0.000000
vt 108.999130 -0.000000 0.000000
vt 108.999130 -0.249364 0.000000
vt 114.189565 -0.249364 0.000000
vt 114.189565 -0.498728 0.000000
vt 119.380000 -0.498728 0.000000
vt 119.380000 -0.748092 0.000000
vt 108.999130 -0.498728 0.000000
vt 105.410000 -0.654310 0.000000
vt 105.410000 -0.560528 0.000000
vt 105.410000 -0.466747 0.000000
vt 103.808696 -0.249364 0.000000
vt 98.618261 -0.000000 0.000000
vt 93.427826 0.249364 0.000000
vt 93.427826 -0.498728 0.000000
vt 97.790000 -0.560528 0.000000
vt 97.790000 -0.466747 0.000000
vt 98.618261 -0.249364 0.000000
vt 93.427826 -0.249364 0.000000
vt 93.427826 -0.000000 0.000000
vt 105.410000 -0.748092 0.000000
vt 119.380000 -0.249364 0.000000
vt 114.189565 -0.000000 0.000000
vt 108.999130 0.249364 0.000000
vt 103.808696 0.498728 0.000000
vt 119.380000 -0.000000 0.000000
vt 114.189565 0.249364 0.000000
vt 108.999130 0.498728 0.000000
vt 119.380000 0.249364 0.000000
vt 114.189565 0.498728 0.000000
vt 119.380000 0.498728 0.000000
vt 62.285217 0.498728 0.000000
vt 67.475652 0.498728 0.000000
vt 72.666087 0.498728 0.000000
vt 72.666087 0.249364 0.000000
vt 77.856522 0.249364 0.000000
vt 77.856522 -0.000000 0.000000
vt 77.856522 -0.249364 0.000000
vt 67.475652 -0.498728 0.000000
vt 62.285217 -0.498728 0.000000
vt 57.094783 -0.498728 0.000000
vt 57.094783 -0.249364 0.000000
vt 51.904348 -0.249364 0.000000
vt 51.904348 -0.000000 0.000000
vt 62.285217 -0.249364 0.000000
vt 51.904348 -0.498728 0.000000
vt 36.333043 -0.249364 0.000000
vt 36.333043 -0.000000 0.000000
vt 36.333043 0.249364 0.000000
vt 36.333043 0.498728 0.000000
vt 25.952174 -0.498728 0.000000
vt 20.761739 -0.498728 0.000000
vt 15.571304 -0.498728 0.000000
vt 15.571304 -0.249364 0.000000
vt 10.380870 -0.249364 0.000000
vt 10.380870 -0.000000 0.000000
vt 20.761739 -0.249364 0.000000
vt 10.380870 -0.498728 0.000000
vt 72.666087 -0.000000 0.000000
vt 67.475652 0.249364 0.000000
vt 57.094783 -0.000000 0.000000
vt 31.142609 -0.000000 0.000000
vt 25.952174 0.249364 0.000000
vt 20.761739 0.498728 0.000000
vt 15.571304 -0.000000 0.000000
vt 51.904348 0.249364 0.000000
vt 31.142609 0.249364 0.000000
vt 31.142609 0.498728 0.000000
vt 10.380870 0.249364 0.000000
vt 77.856522 0.498728 0.000000
vt 25.952174 0.498728 0.000000
vt -0.000000 0.249364 0.000000
vt 2.652889 0.249364 0.000000
vt -0.000000 0.374046 0.000000
vt 5.305778 0.249364 0.000000
vt 7.958667 0.249364 0.000000
vt 7.958667 0.124682 0.000000
vt 10.611556 0.124682 0.000000
vt 10.611556 0.000000 0.000000
vt 13.264444 0.000000 0.000000
vt 13.264444 -0.124682 0.000000
vt 15.917333 -0.124682 0.000000
vt 15.917333 -0.249364 0.000000
vt 18.570222 -0.249364 0.000000
vt 0.000000 -0.374046 0.000000
vt 21.223111 -0.249364 0.000000
vt 23.876000 -0.249364 0.000000
vt 21.223111 -0.124682 0.000000
vt 23.876000 -0.124682 0.000000
vt 21.223111 0.000000 0.000000
vt 23.876000 0.000000 0.000000
vt 21.223111 0.124682 0.000000
vt 23.876000 0.124682 0.000000
vt 21.223111 0.249364 0.000000
vt 23.876000 0.249364 0.000000
vt 26.528889 0.249364 0.000000
vt 29.181778 0.249364 0.000000
vt 29.181778 0.124682 0.000000
vt 31.834667 0.124682 0.000000
vt 31.834667 0.000000 0.000000
vt 34.487556 0.000000 0.000000
vt 34.487556 -0.124682 0.000000
vt 37.140444 -0.124682 0.000000
vt 37.140444 -0.249364 0.000000
vt 39.793333 -0.249364 0.000000
vt 42.446222 -0.249364 0.000000
vt 45.099111 -0.249364 0.000000
vt 42.446222 -0.124682 0.000000
vt 45.099111 -0.124682 0.000000
vt 42.446222 0.000000 0.000000
vt 45.099111 0.000000 0.000000
vt 42.446222 0.124682 0.000000
vt 45.099111 0.124682 0.000000
vt 42.446222 0.249364 0.000000
vt 45.099111 0.249364 0.000000
vt 47.752000 0.249364 0.000000
vt 50.404889 0.249364 0.000000
vt 50.404889 0.124682 0.000000
vt 53.057778 0.124682 0.000000
vt 53.057778 0.000000 0.000000
vt 55.710667 0.000000 0.000000
vt 55.710667 -0.124682 0.000000
vt 58.363556 -0.124682 0.000000
vt 58.363556 -0.249364 0.000000
vt 61.016444 -0.249364 0.000000
vt 119.380000 -0.374046 0.000000
vt 63.669333 -0.249364 0.000000
vt 66.322222 -0.249364 0.000000
vt 63.669333 -0.124682 0.000000
vt 66.322222 -0.124682 0.000000
vt 63.669333 0.000000 0.000000
vt 66.322222 0.000000 0.000000
vt 63.669333 0.124682 0.000000
vt 66.322222 0.124682 0.000000
vt 63.669333 0.249364 0.000000
vt 66.322222 0.249364 0.000000
vt 119.380000 0.374046 0.000000
vt 68.975111 0.249364 0.000000
vt 71.628000 0.249364 0.000000
vt 71.628000 0.124682 0.000000
vt 74.280889 0.124682 0.000000
vt 74.280889 0.000000 0.000000
vt 76.933778 0.000000 0.000000
vt 76.933778 -0.124682 0.000000
vt 79.586667 -0.124682 0.000000
vt 79.586667 -0.249364 0.000000
vt 82.239556 -0.249364 0.000000
vt 84.892444 -0.249364 0.000000
vt 87.545333 -0.249364 0.000000
vt 84.892444 -0.124682 0.000000
vt 87.545333 -0.124682 0.000000
vt 84.892444 0.000000 0.000000
vt 87.545333 0.000000 0.000000
vt 84.892444 0.124682 0.000000
vt 87.545333 0.124682 0.000000
vt 84.892444 0.249364 0.000000
vt 87.545333 0.249364 0.000000
vt 90.198222 0.249364 0.000000
vt 92.851111 0.249364 0.000000
vt 92.851111 0.124682 0.000000
vt 95.504000 0.124682 0.000000
vt 95.504000 0.000000 0.000000
vt 98.156889 0.000000 0.000000
vt 98.156889 -0.124682 0.000000
vt 100.809778 -0.124682 0.000000
vt 100.809778 -0.249364 0.000000
vt 103.462667 -0.249364 0.000000
vt 106.115556 -0.249364 0.000000
vt 108.768444 -0.249364 0.000000
vt 106.115556 -0.124682 0.000000
vt 108.768444 -0.124682 0.000000
vt 106.115556 0.000000 0.000000
vt 108.768444 0.000000 0.000000
vt 106.115556 0.124682 0.000000
vt 108.768444 0.124682 0.000000
vt 106.115556 0.249364 0.000000
vt 108.768444 0.249364 0.000000
vt 111.421333 0.249364 0.000000
vt 114.074222 0.249364 0.000000
vt 114.074222 0.124682 0.000000
vt 116.727111 0.124682 0.000000
vt 116.727111 0.000000 0.000000
vt 119.380000 0.000000 0.000000
vt 119.380000 -0.124682 0.000000
vt 116.727111 -0.124682 0.000000
vt 119.380000 -0.249364 0.000000
vt 116.727111 -0.249364 0.000000
vt 114.074222 -0.249364 0.000000
vt 111.421333 -0.249364 0.000000
vt 111.421333 -0.124682 0.000000
vt 2.652889 0.124682 0.000000
vt -0.000000 0.124682 0.000000
vt 2.652889 0.000000 0.000000
vt -0.000000 0.000000 0.000000
vt 2.652889 -0.124682 0.000000
vt -0.000000 -0.124682 0.000000
vt 2.652889 -0.249364 0.000000
vt -0.000000 -0.249364 0.000000
vt 55.710667 -0.249364 0.000000
vt 53.057778 -0.249364 0.000000
vt 53.057778 -0.124682 0.000000
vt 50.404889 -0.124682 0.000000
vt 50.404889 0.000000 0.000000
vt 47.752000 0.000000 0.000000
vt 47.752000 0.124682 0.000000
vt 119.380000 0.124682 0.000000
vt 116.727111 0.249364 0.000000
vt 119.380000 0.249364 0.000000
vt 61.016444 0.249364 0.000000
vt 58.363556 0.249364 0.000000
vt 55.710667 0.249364 0.000000
vt 58.363556 0.124682 0.000000
vt 55.710667 0.124682 0.000000
vt 58.363556 0.000000 0.000000
vt 5.305778 0.124682 0.000000
vt 5.305778 0.000000 0.000000
vt 5.305778 -0.124682 0.000000
vt 5.305778 -0.249364 0.000000
vt 10.611556 0.249364 0.000000
vt 13.264444 0.249364 0.000000
vt 15.917333 0.249364 0.000000
vt 15.917333 0.124682 0.000000
vt 18.570222 0.124682 0.000000
vt 18.570222 0.000000 0.000000
vt 13.264444 0.124682 0.000000
vt 18.570222 0.249364 0.000000
vt 26.528889 0.124682 0.000000
vt 26.528889 0.000000 0.000000
vt 26.528889 -0.124682 0.000000
vt 26.528889 -0.249364 0.000000
vt 31.834667 0.249364 0.000000
vt 34.487556 0.249364 0.000000
vt 37.140444 0.249364 0.000000
vt 37.140444 0.124682 0.000000
vt 39.793333 0.124682 0.000000
vt 39.793333 0.000000 0.000000
vt 34.487556 0.124682 0.000000
vt 39.793333 0.249364 0.000000
vt 53.057778 0.249364 0.000000
vt 61.016444 0.124682 0.000000
vt 61.016444 0.000000 0.000000
vt 61.016444 -0.124682 0.000000
vt 68.975111 0.124682 0.000000
vt 68.975111 0.000000 0.000000
vt 68.975111 -0.124682 0.000000
vt 68.975111 -0.249364 0.000000
vt 74.280889 0.249364 0.000000
vt 76.933778 0.249364 0.000000
vt 79.586667 0.249364 0.000000
vt 79.586667 0.124682 0.000000
vt 82.239556 0.124682 0.000000
vt 82.239556 0.000000 0.000000
vt 76.933778 0.124682 0.000000
vt 82.239556 0.249364 0.000000
vt 90.198222 0.124682 0.000000
vt 90.198222 0.000000 0.000000
vt 90.198222 -0.124682 0.000000
vt 90.198222 -0.249364 0.000000
vt 95.504000 0.249364 0.000000
vt 98.156889 0.249364 0.000000
vt 100.809778 0.249364 0.000000
vt 100.809778 0.124682 0.000000
vt 103.462667 0.124682 0.000000
vt 103.462667 0.000000 0.000000
vt 98.156889 0.124682 0.000000
vt 103.462667 0.249364 0.000000
vt 111.421333 0.124682 0.000000
vt 111.421333 0.000000 0.000000
vt 7.958667 0.000000 0.000000
vt 10.611556 -0.124682 0.000000
vt 13.264444 -0.249364 0.000000
vt 15.917333 0.000000 0.000000
vt 29.181778 0.000000 0.000000
vt 31.834667 -0.124682 0.000000
vt 34.487556 -0.249364 0.000000
vt 37.140444 0.000000 0.000000
vt 71.628000 0.000000 0.000000
vt 74.280889 -0.124682 0.000000
vt 76.933778 -0.249364 0.000000
vt 79.586667 0.000000 0.000000
vt 92.851111 0.000000 0.000000
vt 95.504000 -0.124682 0.000000
vt 98.156889 -0.249364 0.000000
vt 100.809778 0.000000 0.000000
vt 114.074222 0.000000 0.000000
vt 7.958667 -0.124682 0.000000
vt 7.958667 -0.249364 0.000000
vt 18.570222 -0.124682 0.000000
vt 29.181778 -0.124682 0.000000
vt 29.181778 -0.249364 0.000000
vt 39.793333 -0.124682 0.000000
vt 47.752000 -0.124682 0.000000
vt 47.752000 -0.249364 0.000000
vt 71.628000 -0.124682 0.000000
vt 71.628000 -0.249364 0.000000
vt 82.239556 -0.124682 0.000000
vt 92.851111 -0.124682 0.000000
vt 92.851111 -0.249364 0.000000
vt 103.462667 -0.124682 0.000000
vt 114.074222 -0.124682 0.000000
vt 10.611556 -0.249364 0.000000
vt 31.834667 -0.249364 0.000000
vt 50.404889 -0.249364 0.000000
vt 74.280889 -0.249364 0.000000
vt 95.504000 -0.249364 0.000000
vt -13.335000 0.000000 0.000000
vt -8.572500 63.500000 0.000000
vt -13.335000 119.380000 0.000000
vt -8.572500 102.870000 0.000000
vt -7.302500 104.140000 0.000000
vt 0.000000 0.000000 0.000000
vt -7.302500 15.240000 0.000000
vt -8.572500 16.510000 0.000000
vt -8.572500 55.880000 0.000000
vt 0.000000 15.240000 0.000000
vt -7.302500 57.150000 0.000000
vt -7.302500 62.230000 0.000000
vt 0.000000 57.150000 0.000000
vt 0.000000 62.230000 0.000000
vt 0.000000 104.140000 0.000000
vt 0.000000 119.380000 0.000000
vt -119.380000 0.498728 0.000000
vt -114.189565 0.498728 0.000000
vt -119.380000 0.748092 0.000000
vt -108.999130 0.498728 0.000000
vt -103.808696 0.498728 0.000000
vt -103.808696 0.249364 0.000000
vt -98.618261 0.249364 0.000000
vt -98.618261 -0.000000 0.000000
vt -93.427826 -0.000000 0.000000
vt -93.427826 -0.249364 0.000000
vt -88.237391 -0.249364 0.000000
vt -88.237391 -0.498728 0.000000
vt -83.046957 -0.498728 0.000000
vt -119.380000 -0.748092 0.000000
vt -77.856522 -0.498728 0.000000
vt -72.666087 -0.498728 0.000000
vt -77.856522 -0.249364 0.000000
vt -72.666087 -0.249364 0.000000
vt -77.856522 -0.000000 0.000000
vt -72.666087 -0.000000 0.000000
vt -77.856522 0.249364 0.000000
vt -72.666087 0.249364 0.000000
vt -77.856522 0.498728 0.000000
vt -72.666087 0.498728 0.000000
vt -67.475652 0.498728 0.000000
vt -62.285217 0.498728 0.000000
vt -62.285217 0.249364 0.000000
vt -57.094783 0.249364 0.000000
vt -57.094783 -0.000000 0.000000
vt -51.904348 -0.000000 0.000000
vt -51.904348 -0.249364 0.000000
vt -46.713913 -0.249364 0.000000
vt -46.713913 -0.498728 0.000000
vt -41.523478 -0.498728 0.000000
vt 0.000000 -0.748092 0.000000
vt -36.333043 -0.498728 0.000000
vt -31.142609 -0.498728 0.000000
vt -36.333043 -0.249364 0.000000
vt -31.142609 -0.249364 0.000000
vt -36.333043 -0.000000 0.000000
vt -31.142609 -0.000000 0.000000
vt -36.333043 0.249364 0.000000
vt -31.142609 0.249364 0.000000
vt -36.333043 0.498728 0.000000
vt -31.142609 0.498728 0.000000
vt 0.000000 0.748092 0.000000
vt -25.952174 0.498728 0.000000
vt -20.761739 0.498728 0.000000
vt -20.761739 0.249364 0.000000
vt -15.571304 0.249364 0.000000
vt -15.571304 -0.000000 0.000000
vt -10.380870 -0.000000 0.000000
vt -10.380870 -0.249364 0.000000
vt -5.190435 -0.249364 0.000000
vt -5.190435 -0.498728 0.000000
vt 0.000000 -0.498728 0.000000
vt -10.380870 -0.498728 0.000000
vt -15.571304 -0.498728 0.000000
vt -15.571304 -0.249364 0.000000
vt -20.761739 -0.249364 0.000000
vt -20.761739 -0.000000 0.000000
vt -25.952174 -0.000000 0.000000
vt -25.952174 0.249364 0.000000
vt -114.189565 0.249364 0.000000
vt -119.380000 0.249364 0.000000
vt -114.189565 -0.000000 0.000000
vt -119.380000 -0.000000 0.000000
vt -114.189565 -0.249364 0.000000
vt -119.380000 -0.249364 0.000000
vt -114.189565 -0.498728 0.000000
vt -119.380000 -0.498728 0.000000
vt -62.285217 -0.498728 0.000000
vt -67.475652 -0.498728 0.000000
vt 0.000000 -0.249364 0.000000
vt -5.190435 -0.000000 0.000000
vt -10.380870 0.249364 0.000000
vt -15.571304 0.498728 0.000000
vt -0.000000 -0.000000 0.000000
vt -5.190435 0.249364 0.000000
vt -10.380870 0.498728 0.000000
vt -0.000000 0.249364 0.000000
vt -5.190435 0.498728 0.000000
vt -0.000000 0.498728 0.000000
vt -57.094783 0.498728 0.000000
vt -51.904348 0.498728 0.000000
vt -46.713913 0.498728 0.000000
vt -46.713913 0.249364 0.000000
vt -41.523478 0.249364 0.000000
vt -41.523478 -0.000000 0.000000
vt -108.999130 0.249364 0.000000
vt -108.999130 -0.000000 0.000000
vt -108.999130 -0.249364 0.000000
vt -108.999130 -0.498728 0.000000
vt -98.618261 0.498728 0.000000
vt -93.427826 0.498728 0.000000
vt -88.237391 0.498728 0.000000
vt -88.237391 0.249364 0.000000
vt -83.046957 0.249364 0.000000
vt -83.046957 -0.000000 0.000000
vt -93.427826 0.249364 0.000000
vt -83.046957 0.498728 0.000000
vt -67.475652 0.249364 0.000000
vt -67.475652 -0.000000 0.000000
vt -67.475652 -0.249364 0.000000
vt -51.904348 0.249364 0.000000
vt -41.523478 0.498728 0.000000
vt -103.808696 -0.000000 0.000000
vt -98.618261 -0.249364 0.000000
vt -93.427826 -0.498728 0.000000
vt -88.237391 -0.000000 0.000000
vt -62.285217 -0.000000 0.000000
vt -57.094783 -0.249364 0.000000
vt -51.904348 -0.498728 0.000000
vt -46.713913 -0.000000 0.000000
vt -103.808696 -0.249364 0.000000
vt -103.808696 -0.498728 0.000000
vt -83.046957 -0.249364 0.000000
vt -62.285217 -0.249364 0.000000
vt -41.523478 -0.249364 0.000000
vt -25.952174 -0.249364 0.000000
vt -25.952174 -0.498728 0.000000
vt -98.618261 -0.498728 0.000000
vt -57.094783 -0.498728 0.000000
vt -20.761739 -0.498728 0.000000
vt -3.104025 7.587544 0.000000
vt -2.980763 7.127522 0.000000
vt -2.857500 7.620000 0.000000
vt -2.857500 7.143750 0.000000
vt 2.857500 7.143750 0.000000
vt -3.095625 7.079945 0.000000
vt -3.333750 7.492389 0.000000
vt -3.194260 7.004260 0.000000
vt -3.269945 6.905625 0.000000
vt -3.531019 7.341019 0.000000
vt -3.317522 6.790763 0.000000
vt -3.682389 7.143750 0.000000
vt -3.333750 6.667500 0.000000
vt -3.777544 6.914025 0.000000
vt -3.810000 6.667500 0.000000
vt -3.333750 -6.667500 0.000000
vt -3.810000 -6.667500 0.000000
vt -3.777544 -6.914025 0.000000
vt -3.682389 -7.143750 0.000000
vt -3.317522 -6.790763 0.000000
vt -3.531019 -7.341019 0.000000
vt -3.269945 -6.905625 0.000000
vt -3.333750 -7.492389 0.000000
vt -3.194260 -7.004260 0.000000
vt -3.095625 -7.079945 0.000000
vt -3.104025 -7.587544 0.000000
vt -2.980763 -7.127522 0.000000
vt -2.857500 -7.620000 0.000000
vt -2.857500 -7.143750 0.000000
vt 2.857500 -7.620000 0.000000
vt 2.857500 -7.143750 0.000000
vt 2.980763 -7.127522 0.000000
vt 3.104025 -7.587544 0.000000
vt 3.095625 -7.079945 0.000000
vt 3.333750 -7.492389 0.000000
vt 3.194260 -7.004260 0.000000
vt 3.269945 -6.905625 0.000000
vt 3.531019 -7.341019 0.000000
vt 3.317522 -6.790763 0.000000
vt 3.682389 -7.143750 0.000000
vt 3.333750 -6.667500 0.000000
vt 3.777544 -6.914025 0.000000
vt 3.810000 -6.667500 0.000000
vt 3.333750 6.667500 0.000000
vt 3.810000 6.667500 0.000000
vt 3.777544 6.914025 0.000000
vt 3.682389 7.143750 0.000000
vt 3.317522 6.790763 0.000000
vt 3.531019 7.341019 0.000000
vt 3.269945 6.905625 0.000000
vt 3.333750 7.492389 0.000000
vt 3.194260 7.004260 0.000000
vt 3.095625 7.079945 0.000000
vt 3.104025 7.587544 0.000000
vt 2.980763 7.127522 0.000000
vt 2.857500 7.620000 0.000000
vt 13.335000 119.380000 0.000000
vt 8.572500 63.500000 0.000000
vt 13.335000 -0.000000 0.000000
vt 8.572500 55.880000 0.000000
vt 8.572500 16.510000 0.000000
vt -0.000000 119.380000 0.000000
vt 7.302500 104.140000 0.000000
vt 8.572500 102.870000 0.000000
vt -0.000000 104.140000 0.000000
vt 7.302500 62.230000 0.000000
vt 7.302500 57.150000 0.000000
vt -0.000000 62.230000 0.000000
vt -0.000000 57.150000 0.000000
vt 7.302500 15.240000 0.000000
vt -0.000000 0.000000 0.000000
vt -0.000000 15.240000 0.000000
vt 15.240000 -0.249364 0.000000
vt 12.700000 -0.249364 0.000000
vt 15.240000 -0.374046 0.000000
vt 10.160000 -0.249364 0.000000
vt 7.620000 -0.249364 0.000000
vt 7.620000 -0.124682 0.000000
vt 5.080000 -0.124682 0.000000
vt 5.080000 -0.000000 0.000000
vt 2.540000 -0.000000 0.000000
vt 2.540000 0.124682 0.000000
vt -0.000000 0.124682 0.000000
vt -0.000000 0.249364 0.000000
vt 2.540000 0.249364 0.000000
vt -0.000000 0.374046 0.000000
vt 5.080000 0.249364 0.000000
vt 7.620000 0.249364 0.000000
vt 7.620000 0.124682 0.000000
vt 10.160000 0.124682 0.000000
vt 10.160000 -0.000000 0.000000
vt 12.700000 -0.000000 0.000000
vt 12.700000 -0.124682 0.000000
vt 15.240000 -0.124682 0.000000
vt 15.240000 -0.000000 0.000000
vt 12.700000 0.124682 0.000000
vt 10.160000 0.249364 0.000000
vt 15.240000 0.374046 0.000000
vt 15.240000 0.124682 0.000000
vt 12.700000 0.249364 0.000000
vt 15.240000 0.249364 0.000000
vt -0.000000 -0.000000 0.000000
vt 2.540000 -0.124682 0.000000
vt 5.080000 -0.249364 0.000000
vt 0.000000 -0.374046 0.000000
vt -0.000000 -0.124682 0.000000
vt 2.540000 -0.249364 0.000000
vt 0.000000 -0.249364 0.000000
vt 10.160000 -0.124682 0.000000
vt 7.620000 -0.000000 0.000000
vt 5.080000 0.124682 0.000000
vt 104.140000 0.249364 0.000000
vt 106.680000 0.249364 0.000000
vt 104.140000 0.374046 0.000000
vt 109.220000 0.249364 0.000000
vt 111.760000 0.249364 0.000000
vt 111.760000 0.124682 0.000000
vt 114.300000 0.124682 0.000000
vt 114.300000 -0.000000 0.000000
vt 116.840000 -0.000000 0.000000
vt 116.840000 -0.124682 0.000000
vt 119.380000 -0.124682 0.000000
vt 119.380000 -0.249364 0.000000
vt 116.840000 -0.249364 0.000000
vt 119.380000 -0.374046 0.000000
vt 114.300000 -0.249364 0.000000
vt 111.760000 -0.249364 0.000000
vt 111.760000 -0.124682 0.000000
vt 109.220000 -0.124682 0.000000
vt 109.220000 -0.000000 0.000000
vt 106.680000 -0.000000 0.000000
vt 106.680000 0.124682 0.000000
vt 104.140000 0.124682 0.000000
vt 104.140000 -0.000000 0.000000
vt 106.680000 -0.124682 0.000000
vt 109.220000 -0.249364 0.000000
vt 104.140000 -0.374046 0.000000
vt 104.140000 -0.124682 0.000000
vt 106.680000 -0.249364 0.000000
vt 104.140000 -0.249364 0.000000
vt 119.380000 -0.000000 0.000000
vt 116.840000 0.124682 0.000000
vt 114.300000 0.249364 0.000000
vt 119.380000 0.374046 0.000000
vt 119.380000 0.124682 0.000000
vt 116.840000 0.249364 0.000000
vt 119.380000 0.249364 0.000000
vt 109.220000 0.124682 0.000000
vt 111.760000 -0.000000 0.000000
vt 114.300000 -0.124682 0.000000
vt -6.985000 104.140000 0.000000
vt -4.894204 116.317062 0.000000
vt -6.985000 119.380000 0.000000
vt -4.921250 116.522500 0.000000
vt -4.894204 116.727938 0.000000
vt -1.270000 104.140000 0.000000
vt -4.127500 105.886250 0.000000
vt -4.332938 105.913296 0.000000
vt -4.524375 105.992592 0.000000
vt -1.270000 119.380000 0.000000
vt -3.360796 116.317062 0.000000
vt -3.360796 106.885438 0.000000
vt -3.333750 106.680000 0.000000
vt -4.127500 117.316250 0.000000
vt -3.922062 117.289204 0.000000
vt -3.730625 117.209908 0.000000
vt -4.814908 116.919375 0.000000
vt -4.688766 117.083766 0.000000
vt -4.524375 117.209908 0.000000
vt -4.332938 117.289204 0.000000
vt -3.566234 117.083766 0.000000
vt -3.440092 116.919375 0.000000
vt -3.360796 116.727938 0.000000
vt -3.333750 116.522500 0.000000
vt -3.440092 107.076875 0.000000
vt -3.440092 116.125625 0.000000
vt -3.566234 115.961234 0.000000
vt -3.566234 107.241266 0.000000
vt -3.730625 115.835092 0.000000
vt -3.730625 107.367408 0.000000
vt -3.922062 115.755796 0.000000
vt -3.922062 107.446704 0.000000
vt -4.127500 115.728750 0.000000
vt -4.127500 107.473750 0.000000
vt -4.332938 107.446704 0.000000
vt -4.332938 115.755796 0.000000
vt -4.524375 107.367408 0.000000
vt -4.524375 115.835092 0.000000
vt -4.688766 107.241266 0.000000
vt -4.688766 115.961234 0.000000
vt -4.814908 107.076875 0.000000
vt -4.814908 116.125625 0.000000
vt -3.360796 106.474562 0.000000
vt -3.440092 106.283125 0.000000
vt -3.566234 106.118734 0.000000
vt -3.730625 105.992592 0.000000
vt -3.922062 105.913296 0.000000
vt -4.688766 106.118734 0.000000
vt -4.814908 106.283125 0.000000
vt -4.894204 106.474562 0.000000
vt -4.921250 106.680000 0.000000
vt -4.894204 106.885438 0.000000
vt 62.230000 0.374046 0.000000
vt 57.150000 0.374046 0.000000
vt 59.690000 0.249364 0.000000
vt 57.150000 0.249364 0.000000
vt 59.690000 0.124682 0.000000
vt 57.150000 0.124682 0.000000
vt 59.690000 -0.000000 0.000000
vt 57.150000 -0.000000 0.000000
vt 59.690000 -0.124682 0.000000
vt 57.150000 -0.124682 0.000000
vt 59.690000 -0.249364 0.000000
vt 57.150000 -0.249364 0.000000
vt 57.150000 -0.374046 0.000000
vt 62.230000 -0.374046 0.000000
vt 62.230000 -0.249364 0.000000
vt 62.230000 -0.124682 0.000000
vt 62.230000 -0.000000 0.000000
vt 62.230000 0.124682 0.000000
vt 62.230000 0.249364 0.000000
vt -6.985000 57.150000 0.000000
vt -1.270000 57.150000 0.000000
vt -6.985000 62.230000 0.000000
vt -1.270000 62.230000 0.000000
vt -57.150000 0.748092 0.000000
vt -62.230000 0.748092 0.000000
vt -57.150000 0.498728 0.000000
vt -62.230000 0.498728 0.000000
vt -57.150000 0.249364 0.000000
vt -62.230000 0.249364 0.000000
vt -57.150000 0.000000 0.000000
vt -62.230000 -0.000000 0.000000
vt -57.150000 -0.249364 0.000000
vt -62.230000 -0.249364 0.000000
vt -57.150000 -0.498728 0.000000
vt -62.230000 -0.498728 0.000000
vt -57.150000 -0.748092 0.000000
vt -62.230000 -0.748092 0.000000
vt 4.302333 1.975975 0.000000
vt 4.762355 2.099237 0.000000
vt 4.269877 2.222500 0.000000
vt 4.746127 2.222500 0.000000
vt 4.269877 7.937500 0.000000
vt 4.746127 7.937500 0.000000
vt 4.762355 8.060763 0.000000
vt 4.809933 1.984375 0.000000
vt 4.397488 1.746250 0.000000
vt 4.885618 1.885740 0.000000
vt 4.548858 1.548981 0.000000
vt 4.984252 1.810055 0.000000
vt 4.746127 1.397611 0.000000
vt 5.099115 1.762478 0.000000
vt 4.975852 1.302456 0.000000
vt 5.222377 1.746250 0.000000
vt 5.222377 1.270000 0.000000
vt 12.524877 1.270000 0.000000
vt 12.524877 1.746250 0.000000
vt 4.302333 8.184025 0.000000
vt 4.809933 8.175625 0.000000
vt 4.397488 8.413750 0.000000
vt 4.885618 8.274260 0.000000
vt 4.548858 8.611019 0.000000
vt 4.984252 8.349945 0.000000
vt 4.746127 8.762389 0.000000
vt 5.099115 8.397522 0.000000
vt 4.975852 8.857544 0.000000
vt 5.222377 8.413750 0.000000
vt 5.222377 8.890000 0.000000
vt 12.524877 8.413750 0.000000
vt 12.524877 8.890000 0.000000
vt -119.380000 0.498728 0.000000
vt -114.300000 0.498728 0.000000
vt -119.380000 0.748092 0.000000
vt -109.220000 0.498728 0.000000
vt -104.140000 0.748092 0.000000
vt -104.140000 0.498728 0.000000
vt -104.140000 0.249364 0.000000
vt -109.220000 0.249364 0.000000
vt -104.140000 0.000000 0.000000
vt -109.220000 -0.000000 0.000000
vt -104.140000 -0.249364 0.000000
vt -109.220000 -0.249364 0.000000
vt -104.140000 -0.498728 0.000000
vt -109.220000 -0.498728 0.000000
vt -104.140000 -0.748092 0.000000
vt -114.300000 -0.498728 0.000000
vt -119.380000 -0.748092 0.000000
vt -119.380000 -0.498728 0.000000
vt -119.380000 -0.249364 0.000000
vt -114.300000 -0.249364 0.000000
vt -119.380000 -0.000000 0.000000
vt -114.300000 -0.000000 0.000000
vt -119.380000 0.249364 0.000000
vt -114.300000 0.249364 0.000000
vt 3.810000 -6.667500 0.000000
vt 3.810000 6.667500 0.000000
vt 3.333750 6.667500 0.000000
vt 3.777544 6.914025 0.000000
vt 3.682389 7.143750 0.000000
vt 3.317522 6.790763 0.000000
vt 3.531019 7.341019 0.000000
vt 3.269945 6.905625 0.000000
vt 3.333750 7.492389 0.000000
vt 3.194260 7.004260 0.000000
vt 3.095625 7.079945 0.000000
vt 3.104025 7.587544 0.000000
vt 2.980763 7.127522 0.000000
vt 2.857500 7.620000 0.000000
vt 2.857500 7.143750 0.000000
vt -2.857500 7.620000 0.000000
vt -2.857500 7.143750 0.000000
vt -2.980763 7.127522 0.000000
vt -3.104025 7.587544 0.000000
vt -3.095625 7.079945 0.000000
vt -3.333750 7.492389 0.000000
vt -3.194260 7.004260 0.000000
vt -3.269945 6.905625 0.000000
vt -3.531019 7.341019 0.000000
vt -3.317522 6.790763 0.000000
vt -3.682389 7.143750 0.000000
vt -3.333750 6.667500 0.000000
vt -3.777544 6.914025 0.000000
vt -3.810000 6.667500 0.000000
vt -3.333750 -6.667500 0.000000
vt -3.810000 -6.667500 0.000000
vt -3.777544 -6.914025 0.000000
vt -3.682389 -7.143750 0.000000
vt -3.317522 -6.790763 0.000000
vt -3.531019 -7.341019 0.000000
vt -3.269945 -6.905625 0.000000
vt -3.333750 -7.492389 0.000000
vt -3.194260 -7.004260 0.000000
vt -3.095625 -7.079945 0.000000
vt -3.104025 -7.587544 0.000000
vt -2.980763 -7.127522 0.000000
vt -2.857500 -7.620000 0.000000
vt -2.857500 -7.143750 0.000000
vt 2.857500 -7.620000 0.000000
vt 2.857500 -7.143750 0.000000
vt 2.980763 -7.127522 0.000000
vt 3.104025 -7.587544 0.000000
vt 3.095625 -7.079945 0.000000
vt 3.333750 -7.492389 0.000000
vt 3.194260 -7.004260 0.000000
vt 3.269945 -6.905625 0.000000
vt 3.531019 -7.341019 0.000000
vt 3.317522 -6.790763 0.000000
vt 3.682389 -7.143750 0.000000
vt 3.333750 -6.667500 0.000000
vt 3.777544 -6.914025 0.000000
vt -0.000000 -0.498728 0.000000
vt -5.080000 -0.498728 0.000000
vt 0.000000 -0.748092 0.000000
vt -10.160000 -0.498728 0.000000
vt -15.240000 -0.748092 0.000000
vt -15.240000 -0.498728 0.000000
vt -15.240000 -0.249364 0.000000
vt -10.160000 -0.249364 0.000000
vt -15.240000 -0.000000 0.000000
vt -10.160000 0.000000 0.000000
vt -15.240000 0.249364 0.000000
vt -10.160000 0.249364 0.000000
vt -15.240000 0.498728 0.000000
vt -10.160000 0.498728 0.000000
vt -15.240000 0.748092 0.000000
vt -5.080000 0.498728 0.000000
vt 0.000000 0.748092 0.000000
vt 0.000000 0.498728 0.000000
vt 0.000000 0.249364 0.000000
vt -5.080000 0.249364 0.000000
vt -0.000000 0.000000 0.000000
vt -5.080000 0.000000 0.000000
vt 0.000000 -0.249364 0.000000
vt -5.080000 -0.249364 0.000000
vt -11.397544 1.975975 0.000000
vt -10.937522 2.099237 0.000000
vt -11.430000 2.222500 0.000000
vt -10.953750 2.222500 0.000000
vt -11.430000 7.937500 0.000000
vt -10.953750 7.937500 0.000000
vt -10.937522 8.060763 0.000000
vt -10.889945 1.984375 0.000000
vt -11.302389 1.746250 0.000000
vt -10.814260 1.885740 0.000000
vt -11.151019 1.548981 0.000000
vt -10.715625 1.810055 0.000000
vt -10.953750 1.397611 0.000000
vt -10.600763 1.762478 0.000000
vt -10.724025 1.302456 0.000000
vt -10.477500 1.746250 0.000000
vt -10.477500 1.270000 0.000000
vt -3.175000 1.270000 0.000000
vt -3.175000 1.746250 0.000000
vt -11.397544 8.184025 0.000000
vt -10.889945 8.175625 0.000000
vt -11.302389 8.413750 0.000000
vt -10.814260 8.274260 0.000000
vt -11.151019 8.611019 0.000000
vt -10.715625 8.349945 0.000000
vt -10.953750 8.762389 0.000000
vt -10.600763 8.397522 0.000000
vt -10.724025 8.857544 0.000000
vt -10.477500 8.413750 0.000000
vt -10.477500 8.890000 0.000000
vt -3.175000 8.413750 0.000000
vt -3.175000 8.890000 0.000000
vt 3.175000 1.270000 0.000000
vt 10.477500 1.270000 0.000000
vt 10.477500 1.746250 0.000000
vt 10.724025 1.302456 0.000000
vt 10.600763 1.762478 0.000000
vt 10.953750 1.397611 0.000000
vt 10.715625 1.810055 0.000000
vt 11.151019 1.548981 0.000000
vt 10.814260 1.885740 0.000000
vt 11.302389 1.746250 0.000000
vt 10.889945 1.984375 0.000000
vt 11.397544 1.975975 0.000000
vt 10.937522 2.099237 0.000000
vt 11.430000 2.222500 0.000000
vt 10.953750 2.222500 0.000000
vt 10.953750 7.937500 0.000000
vt 11.430000 7.937500 0.000000
vt 10.937522 8.060763 0.000000
vt 11.397544 8.184025 0.000000
vt 10.889945 8.175625 0.000000
vt 11.302389 8.413750 0.000000
vt 10.814260 8.274260 0.000000
vt 11.151019 8.611019 0.000000
vt 10.715625 8.349945 0.000000
vt 10.953750 8.762389 0.000000
vt 10.600763 8.397522 0.000000
vt 10.724025 8.857544 0.000000
vt 10.477500 8.413750 0.000000
vt 10.477500 8.890000 0.000000
vt 3.175000 8.413750 0.000000
vt 3.175000 8.890000 0.000000
vt 3.175000 1.746250 0.000000
vt -12.524877 1.270000 0.000000
vt -5.222377 1.270000 0.000000
vt -5.222377 1.746250 0.000000
vt -4.975852 1.302456 0.000000
vt -5.099115 1.762478 0.000000
vt -4.746127 1.397611 0.000000
vt -4.984252 1.810055 0.000000
vt -4.548858 1.548981 0.000000
vt -4.885618 1.885740 0.000000
vt -4.397488 1.746250 0.000000
vt -4.809933 1.984375 0.000000
vt -4.302333 1.975975 0.000000
vt -4.762355 2.099237 0.000000
vt -4.269877 2.222500 0.000000
vt -4.746127 2.222500 0.000000
vt -4.746127 7.937500 0.000000
vt -4.269877 7.937500 0.000000
vt -4.762355 8.060763 0.000000
vt -4.302333 8.184025 0.000000
vt -4.809933 8.175625 0.000000
vt -4.397488 8.413750 0.000000
vt -4.885618 8.274260 0.000000
vt -4.548858 8.611019 0.000000
vt -4.984252 8.349945 0.000000
vt -4.746127 8.762389 0.000000
vt -5.099115 8.397522 0.000000
vt -4.975852 8.857544 0.000000
vt -5.222377 8.413750 0.000000
vt -5.222377 8.890000 0.000000
vt -12.524877 8.413750 0.000000
vt -12.524877 8.890000 0.000000
vt -12.524877 1.746250 0.000000
vt -1.270000 119.380000 0.000000
vt -2.063750 83.661250 0.000000
vt -1.270000 -0.000000 0.000000
vt -2.063750 35.718750 0.000000
vt -2.063750 20.161250 0.000000
vt -2.063750 99.218750 0.000000
vt -6.985000 119.380000 0.000000
vt -6.191250 99.218750 0.000000
vt -6.191250 83.661250 0.000000
vt -6.985000 -0.000000 0.000000
vt -6.191250 35.718750 0.000000
vt -6.191250 20.161250 0.000000
vt 1.270000 -0.000000 0.000000
vt 2.063750 83.661250 0.000000
vt 1.270000 119.380000 0.000000
vt 2.063750 99.218750 0.000000
vt 6.191250 99.218750 0.000000
vt 6.985000 -0.000000 0.000000
vt 2.063750 20.161250 0.000000
vt 2.063750 35.718750 0.000000
vt 6.191250 35.718750 0.000000
vt 6.191250 83.661250 0.000000
vt 6.985000 119.380000 0.000000
vt 6.191250 20.161250 0.000000
vt 0.000000 97.790000 0.000000
vt 4.762500 63.500000 0.000000
vt 3.886835 97.790000 0.000000
vt 4.762500 102.870000 0.000000
vt 3.886835 105.410000 0.000000
vt 6.032500 104.140000 0.000000
vt 0.000000 119.380000 0.000000
vt 13.335000 119.380000 0.000000
vt 13.335000 104.140000 0.000000
vt 4.762500 55.880000 0.000000
vt 0.000000 0.000000 0.000000
vt 4.762500 16.510000 0.000000
vt 6.032500 15.240000 0.000000
vt 13.335000 -0.000000 0.000000
vt 13.335000 15.240000 0.000000
vt 6.032500 62.230000 0.000000
vt 6.032500 57.150000 0.000000
vt 13.335000 57.150000 0.000000
vt 13.335000 62.230000 0.000000
vt -0.000000 105.410000 0.000000
vt -119.380000 0.249364 0.000000
vt -116.727111 0.249364 0.000000
vt -119.380000 0.374046 0.000000
vt -114.074222 0.249364 0.000000
vt -111.421333 0.249364 0.000000
vt -111.421333 0.124682 0.000000
vt -108.768444 0.124682 0.000000
vt -108.768444 0.000000 0.000000
vt -106.115556 0.000000 0.000000
vt -106.115556 -0.124682 0.000000
vt -103.462667 -0.124682 0.000000
vt -103.462667 -0.249364 0.000000
vt -100.809778 -0.249364 0.000000
vt -119.380000 -0.374046 0.000000
vt -98.156889 -0.249364 0.000000
vt -95.504000 -0.249364 0.000000
vt -98.156889 -0.124682 0.000000
vt -95.504000 -0.124682 0.000000
vt -98.156889 0.000000 0.000000
vt -95.504000 0.000000 0.000000
vt -98.156889 0.124682 0.000000
vt -95.504000 0.124682 0.000000
vt -98.156889 0.249364 0.000000
vt -95.504000 0.249364 0.000000
vt -92.851111 0.249364 0.000000
vt -90.198222 0.249364 0.000000
vt -90.198222 0.124682 0.000000
vt -87.545333 0.124682 0.000000
vt -87.545333 0.000000 0.000000
vt -84.892444 0.000000 0.000000
vt -84.892444 -0.124682 0.000000
vt -82.239556 -0.124682 0.000000
vt -82.239556 -0.249364 0.000000
vt -79.586667 -0.249364 0.000000
vt -76.933778 -0.249364 0.000000
vt -74.280889 -0.249364 0.000000
vt -76.933778 -0.124682 0.000000
vt -74.280889 -0.124682 0.000000
vt -76.933778 0.000000 0.000000
vt -74.280889 0.000000 0.000000
vt -76.933778 0.124682 0.000000
vt -74.280889 0.124682 0.000000
vt -76.933778 0.249364 0.000000
vt -74.280889 0.249364 0.000000
vt -71.628000 0.249364 0.000000
vt -68.975111 0.249364 0.000000
vt -68.975111 0.124682 0.000000
vt -66.322222 0.124682 0.000000
vt -66.322222 0.000000 0.000000
vt -63.669333 0.000000 0.000000
vt -63.669333 -0.124682 0.000000
vt -61.016444 -0.124682 0.000000
vt -61.016444 -0.249364 0.000000
vt -58.363556 -0.249364 0.000000
vt 0.000000 -0.374046 0.000000
vt -55.710667 -0.249364 0.000000
vt -53.057778 -0.249364 0.000000
vt -55.710667 -0.124682 0.000000
vt -53.057778 -0.124682 0.000000
vt -55.710667 0.000000 0.000000
vt -53.057778 0.000000 0.000000
vt -55.710667 0.124682 0.000000
vt -53.057778 0.124682 0.000000
vt -55.710667 0.249364 0.000000
vt -53.057778 0.249364 0.000000
vt 0.000000 0.374046 0.000000
vt -50.404889 0.249364 0.000000
vt -47.752000 0.249364 0.000000
vt -47.752000 0.124682 0.000000
vt -45.099111 0.124682 0.000000
vt -45.099111 0.000000 0.000000
vt -42.446222 0.000000 0.000000
vt -42.446222 -0.124682 0.000000
vt -39.793333 -0.124682 0.000000
vt -39.793333 -0.249364 0.000000
vt -37.140444 -0.249364 0.000000
vt -34.487556 -0.249364 0.000000
vt -31.834667 -0.249364 0.000000
vt -34.487556 -0.124682 0.000000
vt -31.834667 -0.124682 0.000000
vt -34.487556 0.000000 0.000000
vt -31.834667 0.000000 0.000000
vt -34.487556 0.124682 0.000000
vt -31.834667 0.124682 0.000000
vt -34.487556 0.249364 0.000000
vt -31.834667 0.249364 0.000000
vt -29.181778 0.249364 0.000000
vt -26.528889 0.249364 0.000000
vt -26.528889 0.124682 0.000000
vt -23.876000 0.124682 0.000000
vt -23.876000 0.000000 0.000000
vt -21.223111 0.000000 0.000000
vt -21.223111 -0.124682 0.000000
vt -18.570222 -0.124682 0.000000
vt -18.570222 -0.249364 0.000000
vt -15.917333 -0.249364 0.000000
vt -13.264444 -0.249364 0.000000
vt -10.611556 -0.249364 0.000000
vt -13.264444 -0.124682 0.000000
vt -10.611556 -0.124682 0.000000
vt -13.264444 0.000000 0.000000
vt -10.611556 0.000000 0.000000
vt -13.264444 0.124682 0.000000
vt -10.611556 0.124682 0.000000
vt -13.264444 0.249364 0.000000
vt -10.611556 0.249364 0.000000
vt -7.958667 0.249364 0.000000
vt -5.305778 0.249364 0.000000
vt -5.305778 0.124682 0.000000
vt -2.652889 0.124682 0.000000
vt -2.652889 0.000000 0.000000
vt -0.000000 0.000000 0.000000
vt -0.000000 -0.124682 0.000000
vt -2.652889 -0.124682 0.000000
vt -0.000000 -0.249364 0.000000
vt -2.652889 -0.249364 0.000000
vt -5.305778 -0.249364 0.000000
vt -7.958667 -0.249364 0.000000
vt -7.958667 -0.124682 0.000000
vt -116.727111 0.124682 0.000000
vt -119.380000 0.124682 0.000000
vt -116.727111 0.000000 0.000000
vt -119.380000 0.000000 0.000000
vt -116.727111 -0.124682 0.000000
vt -119.380000 -0.124682 0.000000
vt -116.727111 -0.249364 0.000000
vt -119.380000 -0.249364 0.000000
vt -63.669333 -0.249364 0.000000
vt -66.322222 -0.249364 0.000000
vt -66.322222 -0.124682 0.000000
vt -68.975111 -0.124682 0.000000
vt -68.975111 0.000000 0.000000
vt -71.628000 0.000000 0.000000
vt -71.628000 0.124682 0.000000
vt -0.000000 0.124682 0.000000
vt -2.652889 0.249364 0.000000
vt 0.000000 0.249364 0.000000
vt -58.363556 0.249364 0.000000
vt -61.016444 0.249364 0.000000
vt -63.669333 0.249364 0.000000
vt -61.016444 0.124682 0.000000
vt -63.669333 0.124682 0.000000
vt -61.016444 0.000000 0.000000
vt -114.074222 0.124682 0.000000
vt -114.074222 0.000000 0.000000
vt -114.074222 -0.124682 0.000000
vt -114.074222 -0.249364 0.000000
vt -108.768444 0.249364 0.000000
vt -106.115556 0.249364 0.000000
vt -103.462667 0.249364 0.000000
vt -103.462667 0.124682 0.000000
vt -100.809778 0.124682 0.000000
vt -100.809778 0.000000 0.000000
vt -106.115556 0.124682 0.000000
vt -100.809778 0.249364 0.000000
vt -92.851111 0.124682 0.000000
vt -92.851111 0.000000 0.000000
vt -92.851111 -0.124682 0.000000
vt -92.851111 -0.249364 0.000000
vt -87.545333 0.249364 0.000000
vt -84.892444 0.249364 0.000000
vt -82.239556 0.249364 0.000000
vt -82.239556 0.124682 0.000000
vt -79.586667 0.124682 0.000000
vt -79.586667 0.000000 0.000000
vt -84.892444 0.124682 0.000000
vt -79.586667 0.249364 0.000000
vt -66.322222 0.249364 0.000000
vt -58.363556 0.124682 0.000000
vt -58.363556 0.000000 0.000000
vt -58.363556 -0.124682 0.000000
vt -50.404889 0.124682 0.000000
vt -50.404889 0.000000 0.000000
vt -50.404889 -0.124682 0.000000
vt -50.404889 -0.249364 0.000000
vt -45.099111 0.249364 0.000000
vt -42.446222 0.249364 0.000000
vt -39.793333 0.249364 0.000000
vt -39.793333 0.124682 0.000000
vt -37.140444 0.124682 0.000000
vt -37.140444 0.000000 0.000000
vt -42.446222 0.124682 0.000000
vt -37.140444 0.249364 0.000000
vt -29.181778 0.124682 0.000000
vt -29.181778 0.000000 0.000000
vt -29.181778 -0.124682 0.000000
vt -29.181778 -0.249364 0.000000
vt -23.876000 0.249364 0.000000
vt -21.223111 0.249364 0.000000
vt -18.570222 0.249364 0.000000
vt -18.570222 0.124682 0.000000
vt -15.917333 0.124682 0.000000
vt -15.917333 0.000000 0.000000
vt -21.223111 0.124682 0.000000
vt -15.917333 0.249364 0.000000
vt -7.958667 0.124682 0.000000
vt -7.958667 0.000000 0.000000
vt -111.421333 0.000000 0.000000
vt -108.768444 -0.124682 0.000000
vt -106.115556 -0.249364 0.000000
vt -103.462667 0.000000 0.000000
vt -90.198222 0.000000 0.000000
vt -87.545333 -0.124682 0.000000
vt -84.892444 -0.249364 0.000000
vt -82.239556 0.000000 0.000000
vt -47.752000 0.000000 0.000000
vt -45.099111 -0.124682 0.000000
vt -42.446222 -0.249364 0.000000
vt -39.793333 0.000000 0.000000
vt -26.528889 0.000000 0.000000
vt -23.876000 -0.124682 0.000000
vt -21.223111 -0.249364 0.000000
vt -18.570222 0.000000 0.000000
vt -5.305778 0.000000 0.000000
vt -111.421333 -0.124682 0.000000
vt -111.421333 -0.249364 0.000000
vt -100.809778 -0.124682 0.000000
vt -90.198222 -0.124682 0.000000
vt -90.198222 -0.249364 0.000000
vt -79.586667 -0.124682 0.000000
vt -71.628000 -0.124682 0.000000
vt -71.628000 -0.249364 0.000000
vt -47.752000 -0.124682 0.000000
vt -47.752000 -0.249364 0.000000
vt -37.140444 -0.124682 0.000000
vt -26.528889 -0.124682 0.000000
vt -26.528889 -0.249364 0.000000
vt -15.917333 -0.124682 0.000000
vt -5.305778 -0.124682 0.000000
vt -108.768444 -0.249364 0.000000
vt -87.545333 -0.249364 0.000000
vt -68.975111 -0.249364 0.000000
vt -45.099111 -0.249364 0.000000
vt -23.876000 -0.249364 0.000000
vt -0.000000 119.380000 0.000000
vt -4.762500 63.500000 0.000000
vt -0.000000 0.000000 0.000000
vt -4.762500 55.880000 0.000000
vt -4.762500 16.510000 0.000000
vt -13.335000 119.380000 0.000000
vt -6.032500 104.140000 0.000000
vt -4.762500 102.870000 0.000000
vt -13.335000 104.140000 0.000000
vt -6.032500 62.230000 0.000000
vt -6.032500 57.150000 0.000000
vt -13.335000 62.230000 0.000000
vt -13.335000 57.150000 0.000000
vt -6.032500 15.240000 0.000000
vt -13.335000 0.000000 0.000000
vt -13.335000 15.240000 0.000000
vt 0.000000 0.498728 0.000000
vt 5.080000 0.498728 0.000000
vt 0.000000 0.748092 0.000000
vt 10.160000 0.498728 0.000000
vt 15.240000 0.748092 0.000000
vt 15.240000 0.498728 0.000000
vt 15.240000 0.249364 0.000000
vt 10.160000 0.249364 0.000000
vt 15.240000 0.000000 0.000000
vt 10.160000 0.000000 0.000000
vt 15.240000 -0.249364 0.000000
vt 10.160000 -0.249364 0.000000
vt 15.240000 -0.498728 0.000000
vt 10.160000 -0.498728 0.000000
vt 15.240000 -0.748092 0.000000
vt 5.080000 -0.498728 0.000000
vt 0.000000 -0.748092 0.000000
vt -0.000000 -0.498728 0.000000
vt -0.000000 -0.249364 0.000000
vt 5.080000 -0.249364 0.000000
vt -0.000000 0.000000 0.000000
vt 5.080000 0.000000 0.000000
vt 0.000000 0.249364 0.000000
vt 5.080000 0.249364 0.000000
vt 119.380000 -0.498728 0.000000
vt 114.300000 -0.498728 0.000000
vt 119.380000 -0.748092 0.000000
vt 109.220000 -0.498728 0.000000
vt 104.140000 -0.748092 0.000000
vt 104.140000 -0.498728 0.000000
vt 104.140000 -0.249364 0.000000
vt 109.220000 -0.249364 0.000000
vt 104.140000 -0.000000 0.000000
vt 109.220000 0.000000 0.000000
vt 104.140000 0.249364 0.000000
vt 109.220000 0.249364 0.000000
vt 104.140000 0.498728 0.000000
vt 109.220000 0.498728 0.000000
vt 104.140000 0.748092 0.000000
vt 114.300000 0.498728 0.000000
vt 119.380000 0.748092 0.000000
vt 119.380000 0.498728 0.000000
vt 119.380000 0.249364 0.000000
vt 114.300000 0.249364 0.000000
vt 119.380000 0.000000 0.000000
vt 114.300000 0.000000 0.000000
vt 119.380000 -0.249364 0.000000
vt 114.300000 -0.249364 0.000000
vt 62.230000 0.748092 0.000000
vt 57.150000 0.748092 0.000000
vt 62.230000 0.498728 0.000000
vt 57.150000 0.498728 0.000000
vt 62.230000 0.249364 0.000000
vt 57.150000 0.249364 0.000000
vt 62.230000 0.000000 0.000000
vt 57.150000 0.000000 0.000000
vt 62.230000 -0.249364 0.000000
vt 57.150000 -0.249364 0.000000
vt 62.230000 -0.498728 0.000000
vt 57.150000 -0.498728 0.000000
vt 62.230000 -0.748092 0.000000
vt 57.150000 -0.748092 0.000000
vt 6.985000 62.230000 0.000000
vt 1.270000 62.230000 0.000000
vt 6.985000 57.150000 0.000000
vt 1.270000 57.150000 0.000000
vt -57.150000 0.374046 0.000000
vt -62.230000 0.374046 0.000000
vt -59.690000 0.249364 0.000000
vt -62.230000 0.249364 0.000000
vt -59.690000 0.124682 0.000000
vt -62.230000 0.124682 0.000000
vt -59.690000 -0.000000 0.000000
vt -62.230000 -0.000000 0.000000
vt -59.690000 -0.124682 0.000000
vt -62.230000 -0.124682 0.000000
vt -59.690000 -0.249364 0.000000
vt -62.230000 -0.249364 0.000000
vt -62.230000 -0.374046 0.000000
vt -57.150000 -0.374046 0.000000
vt -57.150000 -0.249364 0.000000
vt -57.150000 -0.124682 0.000000
vt -57.150000 -0.000000 0.000000
vt -57.150000 0.124682 0.000000
vt -57.150000 0.249364 0.000000
vt -104.140000 -0.249364 0.000000
vt -106.680000 -0.249364 0.000000
vt -104.140000 -0.374046 0.000000
vt -109.220000 -0.249364 0.000000
vt -111.760000 -0.249364 0.000000
vt -111.760000 -0.124682 0.000000
vt -114.300000 -0.124682 0.000000
vt -114.300000 -0.000000 0.000000
vt -116.840000 -0.000000 0.000000
vt -116.840000 0.124682 0.000000
vt -119.380000 0.124682 0.000000
vt -119.380000 0.249364 0.000000
vt -116.840000 0.249364 0.000000
vt -119.380000 0.374046 0.000000
vt -114.300000 0.249364 0.000000
vt -111.760000 0.249364 0.000000
vt -111.760000 0.124682 0.000000
vt -109.220000 0.124682 0.000000
vt -109.220000 -0.000000 0.000000
vt -106.680000 -0.000000 0.000000
vt -106.680000 -0.124682 0.000000
vt -104.140000 -0.124682 0.000000
vt -104.140000 -0.000000 0.000000
vt -106.680000 0.124682 0.000000
vt -109.220000 0.249364 0.000000
vt -104.140000 0.374046 0.000000
vt -104.140000 0.124682 0.000000
vt -106.680000 0.249364 0.000000
vt -104.140000 0.249364 0.000000
vt -119.380000 -0.000000 0.000000
vt -116.840000 -0.124682 0.000000
vt -114.300000 -0.249364 0.000000
vt -119.380000 -0.374046 0.000000
vt -119.380000 -0.124682 0.000000
vt -116.840000 -0.249364 0.000000
vt -119.380000 -0.249364 0.000000
vt -109.220000 -0.124682 0.000000
vt -111.760000 -0.000000 0.000000
vt -114.300000 0.124682 0.000000
vt -15.240000 0.249364 0.000000
vt -12.700000 0.249364 0.000000
vt -15.240000 0.374046 0.000000
vt -10.160000 0.249364 0.000000
vt -7.620000 0.249364 0.000000
vt -7.620000 0.124682 0.000000
vt -5.080000 0.124682 0.000000
vt -5.080000 -0.000000 0.000000
vt -2.540000 -0.000000 0.000000
vt -2.540000 -0.124682 0.000000
vt -0.000000 -0.124682 0.000000
vt -0.000000 -0.249364 0.000000
vt -2.540000 -0.249364 0.000000
vt -0.000000 -0.374046 0.000000
vt -5.080000 -0.249364 0.000000
vt -7.620000 -0.249364 0.000000
vt -7.620000 -0.124682 0.000000
vt -10.160000 -0.124682 0.000000
vt -10.160000 -0.000000 0.000000
vt -12.700000 -0.000000 0.000000
vt -12.700000 0.124682 0.000000
vt -15.240000 0.124682 0.000000
vt -15.240000 -0.000000 0.000000
vt -12.700000 -0.124682 0.000000
vt -10.160000 -0.249364 0.000000
vt -15.240000 -0.374046 0.000000
vt -15.240000 -0.124682 0.000000
vt -12.700000 -0.249364 0.000000
vt -15.240000 -0.249364 0.000000
vt -0.000000 -0.000000 0.000000
vt -2.540000 0.124682 0.000000
vt -5.080000 0.249364 0.000000
vt -0.000000 0.374046 0.000000
vt -0.000000 0.124682 0.000000
vt -2.540000 0.249364 0.000000
vt -0.000000 0.249364 0.000000
vt -10.160000 0.124682 0.000000
vt -7.620000 -0.000000 0.000000
vt -5.080000 -0.124682 0.000000
vt -6.985000 0.000000 0.000000
vt -4.894204 3.062938 0.000000
vt -6.985000 15.240000 0.000000
vt -4.894204 12.494562 0.000000
vt -4.921250 12.700000 0.000000
vt -1.270000 -0.000000 0.000000
vt -4.127500 2.063750 0.000000
vt -4.332938 2.090796 0.000000
vt -4.524375 2.170092 0.000000
vt -1.270000 15.240000 0.000000
vt -3.360796 3.062938 0.000000
vt -3.333750 2.857500 0.000000
vt -3.360796 2.652062 0.000000
vt -4.127500 13.493750 0.000000
vt -3.922062 13.466704 0.000000
vt -3.730625 13.387408 0.000000
vt -4.894204 2.652062 0.000000
vt -4.921250 2.857500 0.000000
vt -4.814908 3.254375 0.000000
vt -4.814908 12.303125 0.000000
vt -4.688766 12.138734 0.000000
vt -4.688766 3.418766 0.000000
vt -4.524375 12.012592 0.000000
vt -4.524375 3.544908 0.000000
vt -4.332938 11.933296 0.000000
vt -4.332938 3.624204 0.000000
vt -4.127500 11.906250 0.000000
vt -4.127500 3.651250 0.000000
vt -3.922062 3.624204 0.000000
vt -3.922062 11.933296 0.000000
vt -3.730625 3.544908 0.000000
vt -3.730625 12.012592 0.000000
vt -3.566234 3.418766 0.000000
vt -3.566234 12.138734 0.000000
vt -3.440092 3.254375 0.000000
vt -3.440092 12.303125 0.000000
vt -3.360796 12.494562 0.000000
vt -3.440092 2.460625 0.000000
vt -3.566234 2.296234 0.000000
vt -3.730625 2.170092 0.000000
vt -3.922062 2.090796 0.000000
vt -4.688766 2.296234 0.000000
vt -4.814908 2.460625 0.000000
vt -3.360796 12.905438 0.000000
vt -3.333750 12.700000 0.000000
vt -4.894204 12.905438 0.000000
vt -4.814908 13.096875 0.000000
vt -4.688766 13.261266 0.000000
vt -4.524375 13.387408 0.000000
vt -4.332938 13.466704 0.000000
vt -3.566234 13.261266 0.000000
vt -3.440092 13.096875 0.000000
vt -8.413750 0.898026 0.000000
vt -8.890000 0.898026 0.000000
vt -8.413750 -0.898026 0.000000
vt -8.890000 -0.898026 0.000000
vt -45.720000 8.413750 0.000000
vt -6.350000 8.413750 0.000000
vt -45.720000 8.890000 0.000000
vt -6.350000 8.890000 0.000000
vt -1.746250 -0.898026 0.000000
vt -1.270000 -0.898026 0.000000
vt -1.746250 0.898026 0.000000
vt -1.270000 0.898026 0.000000
vt 8.413750 -0.898026 0.000000
vt 8.890000 -0.898026 0.000000
vt 8.413750 0.898026 0.000000
vt 8.890000 0.898026 0.000000
vt 1.746250 0.898026 0.000000
vt 1.270000 0.898026 0.000000
vt 1.746250 -0.898026 0.000000
vt 1.270000 -0.898026 0.000000
vt -1.270000 1.746250 0.000000
vt -40.640000 1.746250 0.000000
vt -1.270000 1.270000 0.000000
vt -40.640000 1.270000 0.000000
vt 8.413750 -0.898026 0.000000
vt 8.890000 -0.898026 0.000000
vt 8.413750 0.898026 0.000000
vt 8.890000 0.898026 0.000000
vt 1.746250 0.898026 0.000000
vt 1.270000 0.898026 0.000000
vt 1.746250 -0.898026 0.000000
vt 1.270000 -0.898026 0.000000
vt -45.720000 1.270000 0.000000
vt -6.350000 1.270000 0.000000
vt -45.720000 1.746250 0.000000
vt -6.350000 1.746250 0.000000
vt -8.413750 0.898026 0.000000
vt -8.890000 0.898026 0.000000
vt -8.413750 -0.898026 0.000000
vt -8.890000 -0.898026 0.000000
vt -1.270000 8.890000 0.000000
vt -40.640000 8.890000 0.000000
vt -1.270000 8.413750 0.000000
vt -40.640000 8.413750 0.000000
vt -1.746250 -0.898026 0.000000
vt -1.270000 -0.898026 0.000000
vt -1.746250 0.898026 0.000000
vt -1.270000 0.898026 0.000000
vt -0.000000 0.476250 0.000000
vt -15.557500 0.476250 0.000000
vt 0.000000 0.000000 0.000000
vt -15.557500 0.000000 0.000000
vt -0.000000 0.476250 0.000000
vt -4.127500 0.476250 0.000000
vt -0.000000 0.000000 0.000000
vt -4.127500 -0.000000 0.000000
vt 0.000000 0.476250 0.000000
vt -15.557500 0.476250 0.000000
vt -0.000000 0.000000 0.000000
vt -15.557500 -0.000000 0.000000
vt 0.000000 0.476250 0.000000
vt -4.127500 0.476250 0.000000
vt -0.000000 0.000000 0.000000
vt -4.127500 0.000000 0.000000
vt -0.000000 0.476250 0.000000
vt -15.557500 0.476250 0.000000
vt 0.000000 0.000000 0.000000
vt -15.557500 0.000000 0.000000
vt -0.000000 0.476250 0.000000
vt -4.127500 0.476250 0.000000
vt -0.000000 0.000000 0.000000
vt -4.127500 -0.000000 0.000000
vt 0.000000 0.476250 0.000000
vt -15.557500 0.476250 0.000000
vt -0.000000 0.000000 0.000000
vt -15.557500 -0.000000 0.000000
vt 0.000000 0.476250 0.000000
vt -4.127500 0.476250 0.000000
vt -0.000000 0.000000 0.000000
vt -4.127500 0.000000 0.000000
vt 105.536933 2.285836 0.000000
vt 106.013183 2.285836 0.000000
vt 105.536933 2.493639 0.000000
vt 106.013183 2.493639 0.000000
vt 105.536933 -2.493639 0.000000
vt 106.013183 -2.493639 0.000000
vt 105.536933 -2.285836 0.000000
vt 106.013183 -2.285836 0.000000
vt 105.536933 -2.078033 0.000000
vt 106.013183 -2.078033 0.000000
vt 105.536933 -1.870229 0.000000
vt 106.013183 -1.870229 0.000000
vt 105.536933 -1.662426 0.000000
vt 106.013183 -1.662426 0.000000
vt 105.536933 -1.454623 0.000000
vt 106.013183 -1.454623 0.000000
vt 105.536933 -1.246820 0.000000
vt 106.013183 -1.246820 0.000000
vt 105.536933 -1.039016 0.000000
vt 106.013183 -1.039016 0.000000
vt 105.536933 -0.831213 0.000000
vt 106.013183 -0.831213 0.000000
vt 105.536933 -0.623410 0.000000
vt 106.013183 -0.623410 0.000000
vt 105.536933 -0.415607 0.000000
vt 106.013183 -0.415607 0.000000
vt 105.536933 -0.207803 0.000000
vt 106.013183 -0.207803 0.000000
vt 105.536933 0.000000 0.000000
vt 106.013183 0.000000 0.000000
vt 105.536933 0.207803 0.000000
vt 106.013183 0.207803 0.000000
vt 105.536933 0.415607 0.000000
vt 106.013183 0.415607 0.000000
vt 105.536933 0.623410 0.000000
vt 106.013183 0.623410 0.000000
vt 105.536933 0.831213 0.000000
vt 106.013183 0.831213 0.000000
vt 105.536933 1.039016 0.000000
vt 106.013183 1.039016 0.000000
vt 105.536933 1.246820 0.000000
vt 106.013183 1.246820 0.000000
vt 105.536933 1.454623 0.000000
vt 106.013183 1.454623 0.000000
vt 105.536933 1.662426 0.000000
vt 106.013183 1.662426 0.000000
vt 105.536933 1.870229 0.000000
vt 106.013183 1.870229 0.000000
vt 105.536933 2.078033 0.000000
vt 106.013183 2.078033 0.000000
vt 105.536933 2.285836 0.000000
vt 106.013183 2.285836 0.000000
vt 105.536933 2.493639 0.000000
vt 106.013183 2.493639 0.000000
vt 105.536933 -2.493639 0.000000
vt 106.013183 -2.493639 0.000000
vt 105.536933 -2.285836 0.000000
vt 106.013183 -2.285836 0.000000
vt 105.536933 -2.078033 0.000000
vt 106.013183 -2.078033 0.000000
vt 105.536933 -1.870229 0.000000
vt 106.013183 -1.870229 0.000000
vt 105.536933 -1.662426 0.000000
vt 106.013183 -1.662426 0.000000
vt 105.536933 -1.454623 0.000000
vt 106.013183 -1.454623 0.000000
vt 105.536933 -1.246820 0.000000
vt 106.013183 -1.246820 0.000000
vt 105.536933 -1.039016 0.000000
vt 106.013183 -1.039016 0.000000
vt 105.536933 -0.831213 0.000000
vt 106.013183 -0.831213 0.000000
vt 105.536933 -0.623410 0.000000
vt 106.013183 -0.623410 0.000000
vt 105.536933 -0.415607 0.000000
vt 106.013183 -0.415607 0.000000
vt 105.536933 -0.207803 0.000000
vt 106.013183 -0.207803 0.000000
vt 105.536933 0.000000 0.000000
vt 106.013183 0.000000 0.000000
vt 105.536933 0.207803 0.000000
vt 106.013183 0.207803 0.000000
vt 105.536933 0.415607 0.000000
vt 106.013183 0.415607 0.000000
vt 105.536933 0.623410 0.000000
vt 106.013183 0.623410 0.000000
vt 105.536933 0.831213 0.000000
vt 106.013183 0.831213 0.000000
vt 105.536933 1.039016 0.000000
vt 106.013183 1.039016 0.000000
vt 105.536933 1.246820 0.000000
vt 106.013183 1.246820 0.000000
vt 105.536933 1.454623 0.000000
vt 106.013183 1.454623 0.000000
vt 105.536933 1.662426 0.000000
vt 106.013183 1.662426 0.000000
vt 105.536933 1.870229 0.000000
vt 106.013183 1.870229 0.000000
vt 105.536933 2.078033 0.000000
vt 106.013183 2.078033 0.000000
vt 15.240000 -2.285836 0.000000
vt 14.763750 -2.285836 0.000000
vt 15.240000 -2.493639 0.000000
vt 14.763750 -2.493639 0.000000
vt 15.240000 2.493639 0.000000
vt 14.763750 2.493639 0.000000
vt 15.240000 2.285836 0.000000
vt 14.763750 2.285836 0.000000
vt 15.240000 2.078033 0.000000
vt 14.763750 2.078033 0.000000
vt 15.240000 1.870229 0.000000
vt 14.763750 1.870229 0.000000
vt 15.240000 1.662426 0.000000
vt 14.763750 1.662426 0.000000
vt 15.240000 1.454623 0.000000
vt 14.763750 1.454623 0.000000
vt 15.240000 1.246820 0.000000
vt 14.763750 1.246820 0.000000
vt 15.240000 1.039016 0.000000
vt 14.763750 1.039016 0.000000
vt 15.240000 0.831213 0.000000
vt 14.763750 0.831213 0.000000
vt 15.240000 0.623410 0.000000
vt 14.763750 0.623410 0.000000
vt 15.240000 0.415607 0.000000
vt 14.763750 0.415607 0.000000
vt 15.240000 0.207803 0.000000
vt 14.763750 0.207803 0.000000
vt 15.240000 0.000000 0.000000
vt 14.763750 0.000000 0.000000
vt 15.240000 -0.207803 0.000000
vt 14.763750 -0.207803 0.000000
vt 15.240000 -0.415607 0.000000
vt 14.763750 -0.415607 0.000000
vt 15.240000 -0.623410 0.000000
vt 14.763750 -0.623410 0.000000
vt 15.240000 -0.831213 0.000000
vt 14.763750 -0.831213 0.000000
vt 15.240000 -1.039016 0.000000
vt 14.763750 -1.039016 0.000000
vt 15.240000 -1.246820 0.000000
vt 14.763750 -1.246820 0.000000
vt 15.240000 -1.454623 0.000000
vt 14.763750 -1.454623 0.000000
vt 15.240000 -1.662426 0.000000
vt 14.763750 -1.662426 0.000000
vt 15.240000 -1.870229 0.000000
vt 14.763750 -1.870229 0.000000
vt 15.240000 -2.078033 0.000000
vt 14.763750 -2.078033 0.000000
vt 15.240000 -2.285836 0.000000
vt 14.763750 -2.285836 0.000000
vt 15.240000 -2.493639 0.000000
vt 14.763750 -2.493639 0.000000
vt 15.240000 2.493639 0.000000
vt 14.763750 2.493639 0.000000
vt 15.240000 2.285836 0.000000
vt 14.763750 2.285836 0.000000
vt 15.240000 2.078033 0.000000
vt 14.763750 2.078033 0.000000
vt 15.240000 1.870229 0.000000
vt 14.763750 1.870229 0.000000
vt 15.240000 1.662426 0.000000
vt 14.763750 1.662426 0.000000
vt 15.240000 1.454623 0.000000
vt 14.763750 1.454623 0.000000
vt 15.240000 1.246820 0.000000
vt 14.763750 1.246820 0.000000
vt 15.240000 1.039016 0.000000
vt 14.763750 1.039016 0.000000
vt 15.240000 0.831213 0.000000
vt 14.763750 0.831213 0.000000
vt 15.240000 0.623410 0.000000
vt 14.763750 0.623410 0.000000
vt 15.240000 0.415607 0.000000
vt 14.763750 0.415607 0.000000
vt 15.240000 0.207803 0.000000
vt 14.763750 0.207803 0.000000
vt 15.240000 0.000000 0.000000
vt 14.763750 0.000000 0.000000
vt 15.240000 -0.207803 0.000000
vt 14.763750 -0.207803 0.000000
vt 15.240000 -0.415607 0.000000
vt 14.763750 -0.415607 0.000000
vt 15.240000 -0.623410 0.000000
vt 14.763750 -0.623410 0.000000
vt 15.240000 -0.831213 0.000000
vt 14.763750 -0.831213 0.000000
vt 15.240000 -1.039016 0.000000
vt 14.763750 -1.039016 0.000000
vt 15.240000 -1.246820 0.000000
vt 14.763750 -1.246820 0.000000
vt 15.240000 -1.454623 0.000000
vt 14.763750 -1.454623 0.000000
vt 15.240000 -1.662426 0.000000
vt 14.763750 -1.662426 0.000000
vt 15.240000 -1.870229 0.000000
vt 14.763750 -1.870229 0.000000
vt 15.240000 -2.078033 0.000000
vt 14.763750 -2.078033 0.000000
vt 6.985000 15.240000 0.000000
vt 4.894204 3.062938 0.000000
vt 6.985000 -0.000000 0.000000
vt 4.921250 2.857500 0.000000
vt 4.894204 2.652062 0.000000
vt 1.270000 15.240000 0.000000
vt 4.127500 13.493750 0.000000
vt 4.332938 13.466704 0.000000
vt 4.524375 13.387408 0.000000
vt 1.270000 -0.000000 0.000000
vt 3.360796 3.062938 0.000000
vt 3.360796 12.494562 0.000000
vt 3.333750 12.700000 0.000000
vt 4.127500 2.063750 0.000000
vt 3.922062 2.090796 0.000000
vt 3.730625 2.170092 0.000000
vt 3.360796 12.905438 0.000000
vt 3.440092 13.096875 0.000000
vt 3.566234 13.261266 0.000000
vt 3.730625 13.387408 0.000000
vt 3.922062 13.466704 0.000000
vt 4.688766 13.261266 0.000000
vt 4.814908 13.096875 0.000000
vt 4.894204 12.905438 0.000000
vt 4.921250 12.700000 0.000000
vt 4.894204 12.494562 0.000000
vt 4.814908 3.254375 0.000000
vt 4.814908 12.303125 0.000000
vt 4.688766 12.138734 0.000000
vt 4.688766 3.418766 0.000000
vt 4.524375 12.012592 0.000000
vt 4.524375 3.544908 0.000000
vt 4.332938 11.933296 0.000000
vt 4.332938 3.624204 0.000000
vt 4.127500 11.906250 0.000000
vt 4.127500 3.651250 0.000000
vt 3.922062 3.624204 0.000000
vt 3.922062 11.933296 0.000000
vt 3.730625 3.544908 0.000000
vt 3.730625 12.012592 0.000000
vt 3.566234 3.418766 0.000000
vt 3.566234 12.138734 0.000000
vt 3.440092 3.254375 0.000000
vt 3.440092 12.303125 0.000000
vt 4.814908 2.460625 0.000000
vt 4.688766 2.296234 0.000000
vt 4.524375 2.170092 0.000000
vt 4.332938 2.090796 0.000000
vt 3.566234 2.296234 0.000000
vt 3.440092 2.460625 0.000000
vt 3.360796 2.652062 0.000000
vt 3.333750 2.857500 0.000000
vt 6.985000 119.380000 0.000000
vt 4.894204 116.317062 0.000000
vt 6.985000 104.140000 0.000000
vt 4.894204 106.885438 0.000000
vt 4.921250 106.680000 0.000000
vt 1.270000 119.380000 0.000000
vt 4.127500 117.316250 0.000000
vt 4.332938 117.289204 0.000000
vt 4.524375 117.209908 0.000000
vt 1.270000 104.140000 0.000000
vt 3.360796 116.317062 0.000000
vt 3.333750 116.522500 0.000000
vt 3.360796 116.727938 0.000000
vt 4.127500 105.886250 0.000000
vt 3.922062 105.913296 0.000000
vt 3.730625 105.992592 0.000000
vt 3.360796 106.474562 0.000000
vt 3.333750 106.680000 0.000000
vt 3.360796 106.885438 0.000000
vt 3.440092 107.076875 0.000000
vt 3.440092 116.125625 0.000000
vt 3.566234 115.961234 0.000000
vt 3.566234 107.241266 0.000000
vt 3.730625 115.835092 0.000000
vt 3.730625 107.367408 0.000000
vt 3.922062 115.755796 0.000000
vt 3.922062 107.446704 0.000000
vt 4.127500 115.728750 0.000000
vt 4.127500 107.473750 0.000000
vt 4.332938 107.446704 0.000000
vt 4.332938 115.755796 0.000000
vt 4.524375 107.367408 0.000000
vt 4.524375 115.835092 0.000000
vt 4.688766 107.241266 0.000000
vt 4.688766 115.961234 0.000000
vt 4.814908 107.076875 0.000000
vt 4.814908 116.125625 0.000000
vt 4.894204 106.474562 0.000000
vt 4.814908 106.283125 0.000000
vt 4.688766 106.118734 0.000000
vt 4.524375 105.992592 0.000000
vt 4.332938 105.913296 0.000000
vt 3.566234 106.118734 0.000000
vt 3.440092 106.283125 0.000000
vt 4.894204 116.727938 0.000000
vt 4.921250 116.522500 0.000000
vt 3.440092 116.919375 0.000000
vt 3.566234 117.083766 0.000000
vt 3.730625 117.209908 0.000000
vt 3.922062 117.289204 0.000000
vt 4.688766 117.083766 0.000000
vt 4.814908 116.919375 0.000000
vn -0.100000 -0.000000 -0.000000
vn -0.100000 -0.000000 -0.000000
vn -0.100000 -0.000000 -0.000000
vn -0.100000 -0.000000 -0.000000
vn -0.100000 -0.000000 -0.000000
vn -0.100000 -0.000000 -0.000000
vn -0.100000 -0.000000 -0.000000
vn -0.100000 -0.000000 -0.000000
vn -0.100000 -0.000000 -0.000000
vn -0.100000 -0.000000 -0.000000
vn -0.100000 -0.000000 -0.000000
vn -0.100000 -0.000000 -0.000000
vn -0.000000 -0.000000 0.100000
vn -0.000000 -0.000000 0.100000
vn -0.000000 -0.000000 0.100000
vn -0.000000 -0.000000 0.100000
vn 0.025882 0.096593 0.000000
vn 0.025882 0.096593 0.000000
vn -0.000000 0.100000 0.000000
vn -0.000000 0.100000 0.000000
vn -0.025882 0.096593 0.000000
vn -0.025882 0.096593 0.000000
vn -0.050000 0.086603 0.000000
vn -0.050000 0.086603 0.000000
vn -0.070711 0.070711 0.000000
vn -0.070711 0.070711 0.000000
vn -0.086603 0.050000 0.000000
vn -0.086603 0.050000 0.000000
vn -0.096593 0.025882 0.000000
vn -0.096593 0.025882 0.000000
vn -0.100000 0.000000 -0.000000
vn -0.100000 -0.000000 -0.000000
vn -0.096593 -0.025882 -0.000000
vn -0.096593 -0.025882 -0.000000
vn -0.086603 -0.050000 -0.000000
vn -0.086603 -0.050000 -0.000000
vn -0.070711 -0.070711 -0.000000
vn -0.070711 -0.070711 -0.000000
vn -0.050000 -0.086603 -0.000000
vn -0.050000 -0.086603 -0.000000
vn -0.025882 -0.096593 -0.000000
vn -0.025882 -0.096593 -0.000000
vn 0.000000 -0.100000 -0.000000
vn -0.000000 -0.100000 -0.000000
vn 0.025882 -0.096593 -0.000000
vn 0.025882 -0.096593 -0.000000
vn 0.050000 -0.086603 -0.000000
vn 0.050000 -0.086603 -0.000000
vn 0.070711 -0.070711 -0.000000
vn 0.070711 -0.070711 -0.000000
vn 0.086603 -0.050000 -0.000000
vn 0.086603 -0.050000 -0.000000
vn 0.096593 -0.025882 -0.000000
vn 0.096593 -0.025882 -0.000000
vn 0.100000 0.000000 0.000000
vn 0.100000 -0.000000 0.000000
vn 0.096593 0.025882 0.000000
vn 0.096593 0.025882 0.000000
vn 0.086603 0.050000 0.000000
vn 0.086603 0.050000 0.000000
vn 0.070711 0.070711 0.000000
vn 0.070711 0.070711 0.000000
vn 0.050000 0.086603 0.000000
vn 0.050000 0.086603 0.000000
vn 0.025882 0.096593 0.000000
vn 0.025882 0.096593 0.000000
vn -0.000000 0.100000 0.000000
vn -0.000000 0.100000 0.000000
vn -0.025882 0.096593 0.000000
vn -0.025882 0.096593 0.000000
vn -0.050000 0.086603 0.000000
vn -0.050000 0.086603 0.000000
vn -0.070711 0.070711 0.000000
vn -0.070711 0.070711 0.000000
vn -0.086603 0.050000 0.000000
vn -0.086603 0.050000 0.000000
vn -0.096593 0.025882 0.000000
vn -0.096593 0.025882 0.000000
vn -0.100000 0.000000 -0.000000
vn -0.100000 -0.000000 -0.000000
vn -0.096593 -0.025882 -0.000000
vn -0.096593 -0.025882 -0.000000
vn -0.086603 -0.050000 -0.000000
vn -0.086603 -0.050000 -0.000000
vn -0.070711 -0.070711 -0.000000
vn -0.070711 -0.070711 -0.000000
vn -0.050000 -0.086603 -0.000000
vn -0.050000 -0.086603 -0.000000
vn -0.025882 -0.096593 -0.000000
vn -0.025882 -0.096593 -0.000000
vn 0.000000 -0.100000 -0.000000
vn -0.000000 -0.100000 -0.000000
vn 0.025882 -0.096593 -0.000000
vn 0.025882 -0.096593 -0.000000
vn 0.050000 -0.086603 -0.000000
vn 0.050000 -0.086603 -0.000000
vn 0.070711 -0.070711 -0.000000
vn 0.070711 -0.070711 -0.000000
vn 0.086603 -0.050000 -0.000000
vn 0.086603 -0.050000 -0.000000
vn 0.096593 -0.025882 -0.000000
vn 0.096593 -0.025882 -0.000000
vn 0.100000 0.000000 0.000000
vn 0.100000 -0.000000 0.000000
vn 0.096593 0.025882 0.000000
vn 0.096593 0.025882 0.000000
vn 0.086603 0.050000 0.000000
vn 0.086603 0.050000 0.000000
vn 0.070711 0.070711 0.000000
vn 0.070711 0.070711 0.000000
vn 0.050000 0.086603 0.000000
vn 0.050000 0.086603 0.000000
vn 0.000000 -0.100000 -0.000000
vn 0.000000 -0.100000 -0.000000
vn 0.000000 -0.100000 -0.000000
vn 0.000000 -0.100000 -0.000000
vn -0.000000 -0.000000 0.100000
vn -0.000000 -0.000000 0.100000
vn -0.000000 -0.000000 0.100000
vn -0.000000 -0.000000 0.100000
vn -0.000000 0.100000 0.000000
vn -0.000000 0.100000 0.000000
vn -0.000000 0.100000 0.000000
vn -0.000000 0.100000 0.000000
vn -0.000000 -0.000000 0.100000
vn -0.000000 -0.000000 0.100000
vn -0.000000 -0.000000 0.100000
vn -0.000000 -0.000000 0.100000
vn -0.000000 -0.000000 0.100000
vn -0.000000 -0.000000 0.100000
vn -0.000000 -0.000000 0.100000
vn -0.000000 -0.000000 0.100000
vn -0.000000 -0.000000 0.100000
vn -0.000000 -0.000000 0.100000
vn -0.000000 -0.000000 0.100000
vn -0.000000 -0.000000 0.100000
vn -0.000000 -0.000000 0.100000
vn -0.000000 -0.000000 0.100000
vn -0.000000 -0.000000 0.100000
vn -0.000000 -0.000000 0.100000
vn -0.000000 -0.000000 0.100000
vn -0.000000 -0.000000 0.100000
vn -0.000000 -0.000000 0.100000
vn -0.000000 -0.000000 0.100000
vn -0.000000 -0.000000 0.100000
vn -0.000000 -0.000000 0.100000
vn -0.000000 -0.000000 0.100000
vn -0.000000 -0.000000 0.100000
vn -0.000000 -0.000000 0.100000
vn -0.000000 -0.000000 0.100000
vn -0.000000 -0.000000 0.100000
vn -0.000000 -0.000000 0.100000
vn -0.000000 -0.000000 0.100000
vn -0.000000 -0.000000 0.100000
vn -0.000000 -0.000000 0.100000
vn -0.000000 -0.000000 0.100000
vn -0.000000 -0.000000 0.100000
vn -0.000000 -0.000000 0.100000
vn -0.000000 -0.000000 0.100000
vn -0.000000 -0.000000 0.100000
vn -0.000000 -0.000000 0.100000
vn -0.000000 -0.000000 0.100000
vn -0.000000 -0.000000 0.100000
vn -0.000000 -0.000000 0.100000
vn -0.000000 -0.000000 0.100000
vn -0.000000 -0.000000 0.100000
vn -0.000000 -0.000000 0.100000
vn -0.000000 -0.000000 0.100000
vn -0.000000 -0.000000 0.100000
vn -0.000000 -0.000000 0.100000
vn -0.000000 -0.000000 0.100000
vn -0.000000 -0.000000 0.100000
vn -0.000000 -0.000000 0.100000
vn -0.000000 -0.000000 0.100000
vn -0.000000 -0.000000 0.100000
vn -0.000000 -0.000000 0.100000
vn 0.000000 -0.100000 -0.000000
vn 0.000000 -0.100000 -0.000000
vn 0.000000 -0.100000 -0.000000
vn 0.000000 -0.100000 -0.000000
vn -0.000000 0.100000 0.000000
vn -0.000000 0.100000 0.000000
vn -0.000000 0.100000 0.000000
vn -0.000000 0.100000 0.000000
vn 0.000000 0.000000 -0.100000
vn 0.000000 0.000000 -0.100000
vn 0.000000 0.000000 -0.100000
vn 0.000000 0.000000 -0.100000
vn 0.000000 0.000000 -0.100000
vn 0.000000 0.000000 -0.100000
vn 0.000000 0.000000 -0.100000
vn 0.000000 0.000000 -0.100000
vn 0.000000 0.000000 -0.100000
vn 0.000000 0.000000 -0.100000
vn 0.000000 0.000000 -0.100000
vn 0.000000 0.000000 -0.100000
vn 0.000000 0.000000 -0.100000
vn 0.000000 0.000000 -0.100000
vn 0.000000 0.000000 -0.100000
vn 0.000000 0.000000 -0.100000
vn 0.000000 0.000000 -0.100000
vn 0.000000 0.000000 -0.100000
vn 0.000000 0.000000 -0.100000
vn 0.000000 0.000000 -0.100000
vn 0.000000 0.000000 -0.100000
vn 0.000000 0.000000 -0.100000
vn 0.000000 0.000000 -0.100000
vn 0.000000 0.000000 -0.100000
vn 0.000000 0.000000 -0.100000
vn 0.000000 0.000000 -0.100000
vn 0.000000 0.000000 -0.100000
vn 0.000000 0.000000 -0.100000
vn 0.000000 0.000000 -0.100000
vn 0.000000 0.000000 -0.100000
vn 0.000000 0.000000 -0.100000
vn 0.000000 0.000000 -0.100000
vn 0.000000 0.000000 -0.100000
vn 0.000000 0.000000 -0.100000
vn 0.000000 0.000000 -0.100000
vn 0.000000 0.000000 -0.100000
vn 0.000000 0.000000 -0.100000
vn 0.000000 0.000000 -0.100000
vn 0.000000 0.000000 -0.100000
vn 0.000000 0.000000 -0.100000
vn 0.000000 0.000000 -0.100000
vn 0.000000 0.000000 -0.100000
vn 0.000000 0.000000 -0.100000
vn 0.000000 0.000000 -0.100000
vn 0.000000 0.000000 -0.100000
vn 0.000000 0.000000 -0.100000
vn 0.000000 0.000000 -0.100000
vn 0.000000 0.000000 -0.100000
vn 0.000000 0.000000 -0.100000
vn 0.000000 0.000000 -0.100000
vn 0.000000 0.000000 -0.100000
vn 0.000000 0.000000 -0.100000
vn 0.100000 0.000000 0.000000
vn 0.100000 0.000000 0.000000
vn 0.100000 0.000000 0.000000
vn 0.100000 0.000000 0.000000
vn 0.100000 0.000000 0.000000
vn 0.100000 0.000000 0.000000
vn 0.100000 0.000000 0.000000
vn 0.100000 0.000000 0.000000
vn 0.100000 0.000000 0.000000
vn 0.100000 0.000000 0.000000
vn 0.100000 0.000000 0.000000
vn 0.100000 0.000000 0.000000
vn -0.000000 0.100000 0.000000
vn -0.000000 0.099516 -0.009830
vn -0.000000 0.100000 -0.000000
vn -0.000000 0.096593 -0.025882
vn -0.000000 0.096593 -0.025882
vn -0.000000 0.086603 -0.050000
vn -0.000000 0.086603 -0.050000
vn -0.000000 0.070711 -0.070711
vn -0.000000 0.070711 -0.070711
vn -0.000000 0.050000 -0.086603
vn -0.000000 0.050000 -0.086603
vn 0.000000 0.025882 -0.096593
vn 0.000000 0.025882 -0.096593
vn 0.000000 -0.000000 -0.100000
vn 0.000000 0.025882 -0.096593
vn 0.000000 0.025882 -0.096593
vn -0.000000 0.050000 -0.086603
vn -0.000000 0.050000 -0.086603
vn -0.000000 0.070711 -0.070711
vn -0.000000 0.070711 -0.070711
vn -0.000000 0.086603 -0.050000
vn -0.000000 0.086603 -0.050000
vn -0.000000 0.096593 -0.025882
vn -0.000000 0.096593 -0.025882
vn -0.000000 0.096593 -0.025882
vn -0.000000 0.096593 -0.025882
vn -0.000000 0.086603 -0.050000
vn -0.000000 0.086603 -0.050000
vn -0.000000 0.070711 -0.070711
vn -0.000000 0.070711 -0.070711
vn -0.000000 0.050000 -0.086603
vn -0.000000 0.050000 -0.086603
vn 0.000000 0.025882 -0.096593
vn 0.000000 0.025882 -0.096593
vn 0.000000 0.025882 -0.096593
vn 0.000000 0.025882 -0.096593
vn -0.000000 0.050000 -0.086603
vn -0.000000 0.050000 -0.086603
vn -0.000000 0.070711 -0.070711
vn -0.000000 0.070711 -0.070711
vn -0.000000 0.086603 -0.050000
vn -0.000000 0.086603 -0.050000
vn -0.000000 0.096593 -0.025882
vn -0.000000 0.096593 -0.025882
vn -0.000000 0.096593 -0.025882
vn -0.000000 0.096593 -0.025882
vn -0.000000 0.086603 -0.050000
vn -0.000000 0.086603 -0.050000
vn -0.000000 0.070711 -0.070711
vn -0.000000 0.070711 -0.070711
vn -0.000000 0.050000 -0.086603
vn -0.000000 0.050000 -0.086603
vn 0.000000 0.025882 -0.096593
vn 0.000000 0.025882 -0.096593
vn 0.000000 -0.000000 -0.100000
vn 0.000000 0.025882 -0.096593
vn 0.000000 0.025882 -0.096593
vn -0.000000 0.050000 -0.086603
vn -0.000000 0.050000 -0.086603
vn -0.000000 0.070711 -0.070711
vn -0.000000 0.070711 -0.070711
vn -0.000000 0.086603 -0.050000
vn -0.000000 0.086603 -0.050000
vn -0.000000 0.096593 -0.025882
vn -0.000000 0.096593 -0.025882
vn -0.000000 0.100000 0.000000
vn -0.000000 0.096593 -0.025882
vn -0.000000 0.099516 -0.009830
vn -0.000000 0.098067 -0.019565
vn -0.000000 0.095669 -0.029110
vn -0.000000 0.086603 -0.050000
vn -0.000000 0.070711 -0.070711
vn -0.000000 0.050000 -0.086603
vn -0.000000 0.096593 -0.025882
vn -0.000000 0.098067 -0.019565
vn -0.000000 0.095669 -0.029110
vn -0.000000 0.086603 -0.050000
vn -0.000000 0.086603 -0.050000
vn -0.000000 0.070711 -0.070711
vn -0.000000 0.100000 -0.000000
vn -0.000000 0.086603 -0.050000
vn -0.000000 0.070711 -0.070711
vn -0.000000 0.050000 -0.086603
vn 0.000000 0.025882 -0.096593
vn -0.000000 0.070711 -0.070711
vn -0.000000 0.050000 -0.086603
vn 0.000000 0.025882 -0.096593
vn -0.000000 0.050000 -0.086603
vn 0.000000 0.025882 -0.096593
vn 0.000000 0.025882 -0.096593
vn 0.000000 0.025882 -0.096593
vn 0.000000 0.025882 -0.096593
vn 0.000000 0.025882 -0.096593
vn -0.000000 0.050000 -0.086603
vn -0.000000 0.050000 -0.086603
vn -0.000000 0.070711 -0.070711
vn -0.000000 0.086603 -0.050000
vn -0.000000 0.096593 -0.025882
vn -0.000000 0.096593 -0.025882
vn -0.000000 0.096593 -0.025882
vn -0.000000 0.086603 -0.050000
vn -0.000000 0.086603 -0.050000
vn -0.000000 0.070711 -0.070711
vn -0.000000 0.086603 -0.050000
vn -0.000000 0.096593 -0.025882
vn -0.000000 0.086603 -0.050000
vn -0.000000 0.070711 -0.070711
vn -0.000000 0.050000 -0.086603
vn 0.000000 0.025882 -0.096593
vn -0.000000 0.096593 -0.025882
vn -0.000000 0.096593 -0.025882
vn -0.000000 0.096593 -0.025882
vn -0.000000 0.086603 -0.050000
vn -0.000000 0.086603 -0.050000
vn -0.000000 0.070711 -0.070711
vn -0.000000 0.086603 -0.050000
vn -0.000000 0.096593 -0.025882
vn -0.000000 0.070711 -0.070711
vn -0.000000 0.050000 -0.086603
vn -0.000000 0.070711 -0.070711
vn -0.000000 0.070711 -0.070711
vn -0.000000 0.050000 -0.086603
vn 0.000000 0.025882 -0.096593
vn -0.000000 0.070711 -0.070711
vn -0.000000 0.050000 -0.086603
vn -0.000000 0.050000 -0.086603
vn 0.000000 0.025882 -0.096593
vn -0.000000 0.050000 -0.086603
vn 0.000000 0.025882 -0.096593
vn 0.000000 0.025882 -0.096593
vn -0.000000 0.025882 0.096593
vn -0.000000 0.025882 0.096593
vn -0.000000 -0.000000 0.100000
vn -0.000000 0.025882 0.096593
vn -0.000000 0.025882 0.096593
vn -0.000000 0.050000 0.086603
vn -0.000000 0.050000 0.086603
vn -0.000000 0.070711 0.070711
vn -0.000000 0.070711 0.070711
vn -0.000000 0.086603 0.050000
vn -0.000000 0.086603 0.050000
vn -0.000000 0.096593 0.025882
vn -0.000000 0.096593 0.025882
vn -0.000000 0.100000 -0.000000
vn -0.000000 0.096593 0.025882
vn -0.000000 0.096593 0.025882
vn -0.000000 0.086603 0.050000
vn -0.000000 0.086603 0.050000
vn -0.000000 0.070711 0.070711
vn -0.000000 0.070711 0.070711
vn -0.000000 0.050000 0.086603
vn -0.000000 0.050000 0.086603
vn -0.000000 0.025882 0.096593
vn -0.000000 0.025882 0.096593
vn -0.000000 0.025882 0.096593
vn -0.000000 0.025882 0.096593
vn -0.000000 0.050000 0.086603
vn -0.000000 0.050000 0.086603
vn -0.000000 0.070711 0.070711
vn -0.000000 0.070711 0.070711
vn -0.000000 0.086603 0.050000
vn -0.000000 0.086603 0.050000
vn -0.000000 0.096593 0.025882
vn -0.000000 0.096593 0.025882
vn -0.000000 0.096593 0.025882
vn -0.000000 0.096593 0.025882
vn -0.000000 0.086603 0.050000
vn -0.000000 0.086603 0.050000
vn -0.000000 0.070711 0.070711
vn -0.000000 0.070711 0.070711
vn -0.000000 0.050000 0.086603
vn -0.000000 0.050000 0.086603
vn -0.000000 0.025882 0.096593
vn -0.000000 0.025882 0.096593
vn -0.000000 0.025882 0.096593
vn -0.000000 0.025882 0.096593
vn -0.000000 0.050000 0.086603
vn -0.000000 0.050000 0.086603
vn -0.000000 0.070711 0.070711
vn -0.000000 0.070711 0.070711
vn -0.000000 0.086603 0.050000
vn -0.000000 0.086603 0.050000
vn -0.000000 0.096593 0.025882
vn -0.000000 0.096593 0.025882
vn -0.000000 0.100000 -0.000000
vn -0.000000 0.096593 0.025882
vn -0.000000 0.096593 0.025882
vn -0.000000 0.086603 0.050000
vn -0.000000 0.086603 0.050000
vn -0.000000 0.070711 0.070711
vn -0.000000 0.070711 0.070711
vn -0.000000 0.050000 0.086603
vn -0.000000 0.050000 0.086603
vn -0.000000 0.025882 0.096593
vn -0.000000 0.025882 0.096593
vn -0.000000 0.000000 0.100000
vn -0.000000 0.025882 0.096593
vn -0.000000 0.025882 0.096593
vn -0.000000 0.050000 0.086603
vn -0.000000 0.050000 0.086603
vn -0.000000 0.070711 0.070711
vn -0.000000 0.070711 0.070711
vn -0.000000 0.086603 0.050000
vn -0.000000 0.086603 0.050000
vn -0.000000 0.096593 0.025882
vn -0.000000 0.096593 0.025882
vn -0.000000 0.096593 0.025882
vn -0.000000 0.096593 0.025882
vn -0.000000 0.086603 0.050000
vn -0.000000 0.086603 0.050000
vn -0.000000 0.070711 0.070711
vn -0.000000 0.070711 0.070711
vn -0.000000 0.050000 0.086603
vn -0.000000 0.050000 0.086603
vn -0.000000 0.025882 0.096593
vn -0.000000 0.025882 0.096593
vn -0.000000 0.025882 0.096593
vn -0.000000 0.025882 0.096593
vn -0.000000 0.050000 0.086603
vn -0.000000 0.050000 0.086603
vn -0.000000 0.070711 0.070711
vn -0.000000 0.070711 0.070711
vn -0.000000 0.086603 0.050000
vn -0.000000 0.086603 0.050000
vn -0.000000 0.096593 0.025882
vn -0.000000 0.096593 0.025882
vn -0.000000 0.096593 0.025882
vn -0.000000 0.096593 0.025882
vn -0.000000 0.086603 0.050000
vn -0.000000 0.086603 0.050000
vn -0.000000 0.070711 0.070711
vn -0.000000 0.070711 0.070711
vn -0.000000 0.050000 0.086603
vn -0.000000 0.050000 0.086603
vn -0.000000 0.025882 0.096593
vn -0.000000 0.025882 0.096593
vn -0.000000 0.025882 0.096593
vn -0.000000 0.025882 0.096593
vn -0.000000 0.050000 0.086603
vn -0.000000 0.050000 0.086603
vn -0.000000 0.070711 0.070711
vn -0.000000 0.070711 0.070711
vn -0.000000 0.086603 0.050000
vn -0.000000 0.086603 0.050000
vn -0.000000 0.096593 0.025882
vn -0.000000 0.096593 0.025882
vn -0.000000 0.096593 0.025882
vn -0.000000 0.096593 0.025882
vn -0.000000 0.086603 0.050000
vn -0.000000 0.050000 0.086603
vn -0.000000 0.050000 0.086603
vn -0.000000 0.070711 0.070711
vn -0.000000 0.070711 0.070711
vn -0.000000 0.086603 0.050000
vn -0.000000 0.086603 0.050000
vn -0.000000 0.096593 0.025882
vn -0.000000 0.096593 0.025882
vn -0.000000 0.096593 0.025882
vn -0.000000 0.096593 0.025882
vn -0.000000 0.086603 0.050000
vn -0.000000 0.086603 0.050000
vn -0.000000 0.070711 0.070711
vn -0.000000 0.070711 0.070711
vn -0.000000 0.050000 0.086603
vn -0.000000 0.050000 0.086603
vn -0.000000 0.025882 0.096593
vn -0.000000 0.025882 0.096593
vn -0.000000 0.025882 0.096593
vn -0.000000 0.025882 0.096593
vn -0.000000 0.025882 0.096593
vn -0.000000 0.050000 0.086603
vn -0.000000 0.050000 0.086603
vn -0.000000 0.070711 0.070711
vn -0.000000 0.050000 0.086603
vn -0.000000 0.070711 0.070711
vn -0.000000 0.086603 0.050000
vn -0.000000 0.096593 0.025882
vn -0.000000 0.025882 0.096593
vn -0.000000 0.025882 0.096593
vn -0.000000 0.025882 0.096593
vn -0.000000 0.050000 0.086603
vn -0.000000 0.050000 0.086603
vn -0.000000 0.070711 0.070711
vn -0.000000 0.050000 0.086603
vn -0.000000 0.025882 0.096593
vn -0.000000 0.050000 0.086603
vn -0.000000 0.070711 0.070711
vn -0.000000 0.086603 0.050000
vn -0.000000 0.096593 0.025882
vn -0.000000 0.025882 0.096593
vn -0.000000 0.025882 0.096593
vn -0.000000 0.025882 0.096593
vn -0.000000 0.050000 0.086603
vn -0.000000 0.050000 0.086603
vn -0.000000 0.070711 0.070711
vn -0.000000 0.050000 0.086603
vn -0.000000 0.025882 0.096593
vn -0.000000 0.025882 0.096593
vn -0.000000 0.050000 0.086603
vn -0.000000 0.070711 0.070711
vn -0.000000 0.086603 0.050000
vn -0.000000 0.050000 0.086603
vn -0.000000 0.070711 0.070711
vn -0.000000 0.086603 0.050000
vn -0.000000 0.096593 0.025882
vn -0.000000 0.025882 0.096593
vn -0.000000 0.025882 0.096593
vn -0.000000 0.025882 0.096593
vn -0.000000 0.050000 0.086603
vn -0.000000 0.050000 0.086603
vn -0.000000 0.070711 0.070711
vn -0.000000 0.050000 0.086603
vn -0.000000 0.025882 0.096593
vn -0.000000 0.050000 0.086603
vn -0.000000 0.070711 0.070711
vn -0.000000 0.086603 0.050000
vn -0.000000 0.096593 0.025882
vn -0.000000 0.025882 0.096593
vn -0.000000 0.025882 0.096593
vn -0.000000 0.025882 0.096593
vn -0.000000 0.050000 0.086603
vn -0.000000 0.050000 0.086603
vn -0.000000 0.070711 0.070711
vn -0.000000 0.050000 0.086603
vn -0.000000 0.025882 0.096593
vn -0.000000 0.050000 0.086603
vn -0.000000 0.070711 0.070711
vn -0.000000 0.070711 0.070711
vn -0.000000 0.086603 0.050000
vn -0.000000 0.096593 0.025882
vn -0.000000 0.070711 0.070711
vn -0.000000 0.070711 0.070711
vn -0.000000 0.086603 0.050000
vn -0.000000 0.096593 0.025882
vn -0.000000 0.070711 0.070711
vn -0.000000 0.070711 0.070711
vn -0.000000 0.086603 0.050000
vn -0.000000 0.096593 0.025882
vn -0.000000 0.070711 0.070711
vn -0.000000 0.070711 0.070711
vn -0.000000 0.086603 0.050000
vn -0.000000 0.096593 0.025882
vn -0.000000 0.070711 0.070711
vn -0.000000 0.070711 0.070711
vn -0.000000 0.086603 0.050000
vn -0.000000 0.096593 0.025882
vn -0.000000 0.086603 0.050000
vn -0.000000 0.086603 0.050000
vn -0.000000 0.096593 0.025882
vn -0.000000 0.086603 0.050000
vn -0.000000 0.086603 0.050000
vn -0.000000 0.096593 0.025882
vn -0.000000 0.086603 0.050000
vn -0.000000 0.096593 0.025882
vn -0.000000 0.086603 0.050000
vn -0.000000 0.086603 0.050000
vn -0.000000 0.096593 0.025882
vn -0.000000 0.086603 0.050000
vn -0.000000 0.086603 0.050000
vn -0.000000 0.096593 0.025882
vn -0.000000 0.096593 0.025882
vn -0.000000 0.096593 0.025882
vn -0.000000 0.096593 0.025882
vn -0.000000 0.096593 0.025882
vn -0.000000 0.100000 0.000000
vn -0.000000 0.100000 0.000000
vn -0.000000 0.100000 0.000000
vn -0.000000 0.100000 0.000000
vn -0.000000 0.100000 0.000000
vn -0.000000 0.100000 0.000000
vn -0.000000 0.100000 0.000000
vn -0.000000 0.100000 0.000000
vn -0.000000 0.100000 0.000000
vn -0.000000 0.100000 0.000000
vn -0.000000 0.100000 0.000000
vn -0.000000 0.100000 0.000000
vn -0.000000 0.100000 0.000000
vn -0.000000 0.100000 0.000000
vn 0.000000 -0.025882 -0.096593
vn 0.000000 -0.025882 -0.096593
vn 0.000000 -0.000000 -0.100000
vn 0.000000 -0.025882 -0.096593
vn 0.000000 -0.025882 -0.096593
vn 0.000000 -0.050000 -0.086603
vn 0.000000 -0.050000 -0.086603
vn 0.000000 -0.070711 -0.070711
vn 0.000000 -0.070711 -0.070711
vn 0.000000 -0.086603 -0.050000
vn 0.000000 -0.086603 -0.050000
vn 0.000000 -0.096593 -0.025882
vn 0.000000 -0.096593 -0.025882
vn 0.000000 -0.100000 0.000000
vn 0.000000 -0.096593 -0.025882
vn 0.000000 -0.096593 -0.025882
vn 0.000000 -0.086603 -0.050000
vn 0.000000 -0.086603 -0.050000
vn 0.000000 -0.070711 -0.070711
vn 0.000000 -0.070711 -0.070711
vn 0.000000 -0.050000 -0.086603
vn 0.000000 -0.050000 -0.086603
vn 0.000000 -0.025882 -0.096593
vn 0.000000 -0.025882 -0.096593
vn 0.000000 -0.025882 -0.096593
vn 0.000000 -0.025882 -0.096593
vn 0.000000 -0.050000 -0.086603
vn 0.000000 -0.050000 -0.086603
vn 0.000000 -0.070711 -0.070711
vn 0.000000 -0.070711 -0.070711
vn 0.000000 -0.086603 -0.050000
vn 0.000000 -0.086603 -0.050000
vn 0.000000 -0.096593 -0.025882
vn 0.000000 -0.096593 -0.025882
vn 0.000000 -0.100000 0.000000
vn 0.000000 -0.096593 -0.025882
vn 0.000000 -0.096593 -0.025882
vn 0.000000 -0.086603 -0.050000
vn 0.000000 -0.086603 -0.050000
vn 0.000000 -0.070711 -0.070711
vn 0.000000 -0.070711 -0.070711
vn 0.000000 -0.050000 -0.086603
vn 0.000000 -0.050000 -0.086603
vn 0.000000 -0.025882 -0.096593
vn 0.000000 -0.025882 -0.096593
vn 0.000000 0.000000 -0.100000
vn 0.000000 -0.025882 -0.096593
vn 0.000000 -0.025882 -0.096593
vn 0.000000 -0.050000 -0.086603
vn 0.000000 -0.050000 -0.086603
vn 0.000000 -0.070711 -0.070711
vn 0.000000 -0.070711 -0.070711
vn 0.000000 -0.086603 -0.050000
vn 0.000000 -0.086603 -0.050000
vn 0.000000 -0.096593 -0.025882
vn 0.000000 -0.096593 -0.025882
vn 0.000000 -0.096593 -0.025882
vn 0.000000 -0.096593 -0.025882
vn 0.000000 -0.086603 -0.050000
vn 0.000000 -0.086603 -0.050000
vn 0.000000 -0.070711 -0.070711
vn 0.000000 -0.070711 -0.070711
vn 0.000000 -0.050000 -0.086603
vn 0.000000 -0.050000 -0.086603
vn 0.000000 -0.050000 -0.086603
vn 0.000000 -0.070711 -0.070711
vn 0.000000 -0.070711 -0.070711
vn 0.000000 -0.086603 -0.050000
vn 0.000000 -0.086603 -0.050000
vn 0.000000 -0.096593 -0.025882
vn 0.000000 -0.096593 -0.025882
vn 0.000000 -0.096593 -0.025882
vn 0.000000 -0.096593 -0.025882
vn 0.000000 -0.086603 -0.050000
vn 0.000000 -0.070711 -0.070711
vn 0.000000 -0.050000 -0.086603
vn 0.000000 -0.025882 -0.096593
vn 0.000000 -0.070711 -0.070711
vn 0.000000 -0.050000 -0.086603
vn 0.000000 -0.025882 -0.096593
vn 0.000000 -0.050000 -0.086603
vn 0.000000 -0.025882 -0.096593
vn 0.000000 -0.025882 -0.096593
vn 0.000000 -0.025882 -0.096593
vn 0.000000 -0.025882 -0.096593
vn 0.000000 -0.025882 -0.096593
vn 0.000000 -0.050000 -0.086603
vn 0.000000 -0.050000 -0.086603
vn 0.000000 -0.070711 -0.070711
vn 0.000000 -0.050000 -0.086603
vn 0.000000 -0.070711 -0.070711
vn 0.000000 -0.086603 -0.050000
vn 0.000000 -0.096593 -0.025882
vn 0.000000 -0.025882 -0.096593
vn 0.000000 -0.025882 -0.096593
vn 0.000000 -0.025882 -0.096593
vn 0.000000 -0.050000 -0.086603
vn 0.000000 -0.050000 -0.086603
vn 0.000000 -0.070711 -0.070711
vn 0.000000 -0.050000 -0.086603
vn 0.000000 -0.025882 -0.096593
vn 0.000000 -0.050000 -0.086603
vn 0.000000 -0.070711 -0.070711
vn 0.000000 -0.086603 -0.050000
vn 0.000000 -0.050000 -0.086603
vn 0.000000 -0.025882 -0.096593
vn 0.000000 -0.070711 -0.070711
vn 0.000000 -0.086603 -0.050000
vn 0.000000 -0.096593 -0.025882
vn 0.000000 -0.070711 -0.070711
vn 0.000000 -0.070711 -0.070711
vn 0.000000 -0.086603 -0.050000
vn 0.000000 -0.096593 -0.025882
vn 0.000000 -0.070711 -0.070711
vn 0.000000 -0.086603 -0.050000
vn 0.000000 -0.096593 -0.025882
vn 0.000000 -0.086603 -0.050000
vn 0.000000 -0.086603 -0.050000
vn 0.000000 -0.086603 -0.050000
vn 0.000000 -0.086603 -0.050000
vn 0.000000 -0.096593 -0.025882
vn 0.000000 -0.096593 -0.025882
vn 0.000000 -0.096593 -0.025882
vn 0.000000 -0.096593 -0.025882
vn -0.100000 -0.000000 -0.000000
vn -0.100000 -0.000000 -0.000000
vn -0.100000 -0.000000 -0.000000
vn -0.100000 -0.000000 -0.000000
vn -0.100000 -0.000000 -0.000000
vn -0.100000 -0.000000 -0.000000
vn -0.100000 -0.000000 -0.000000
vn -0.100000 -0.000000 -0.000000
vn -0.100000 -0.000000 -0.000000
vn -0.100000 -0.000000 -0.000000
vn -0.100000 -0.000000 -0.000000
vn -0.100000 -0.000000 -0.000000
vn -0.100000 -0.000000 -0.000000
vn -0.100000 -0.000000 -0.000000
vn -0.100000 -0.000000 -0.000000
vn -0.100000 -0.000000 -0.000000
vn -0.100000 -0.000000 -0.000000
vn -0.100000 -0.000000 -0.000000
vn -0.100000 -0.000000 -0.000000
vn -0.100000 -0.000000 -0.000000
vn -0.100000 -0.000000 -0.000000
vn -0.100000 -0.000000 -0.000000
vn -0.100000 -0.000000 -0.000000
vn -0.100000 -0.000000 -0.000000
vn -0.100000 -0.000000 -0.000000
vn -0.100000 -0.000000 -0.000000
vn -0.100000 -0.000000 -0.000000
vn -0.100000 -0.000000 -0.000000
vn -0.100000 -0.000000 -0.000000
vn -0.100000 -0.000000 -0.000000
vn -0.100000 -0.000000 -0.000000
vn -0.100000 -0.000000 -0.000000
vn -0.100000 -0.000000 -0.000000
vn -0.100000 -0.000000 -0.000000
vn -0.100000 -0.000000 -0.000000
vn -0.100000 -0.000000 -0.000000
vn -0.100000 -0.000000 -0.000000
vn -0.100000 -0.000000 -0.000000
vn -0.100000 -0.000000 -0.000000
vn -0.100000 -0.000000 -0.000000
vn -0.100000 -0.000000 -0.000000
vn -0.100000 -0.000000 -0.000000
vn -0.100000 -0.000000 -0.000000
vn -0.100000 -0.000000 -0.000000
vn -0.100000 -0.000000 -0.000000
vn -0.100000 -0.000000 -0.000000
vn -0.100000 -0.000000 -0.000000
vn -0.100000 -0.000000 -0.000000
vn -0.100000 -0.000000 -0.000000
vn -0.100000 -0.000000 -0.000000
vn -0.100000 -0.000000 -0.000000
vn -0.100000 -0.000000 -0.000000
vn -0.100000 -0.000000 -0.000000
vn -0.100000 -0.000000 -0.000000
vn -0.100000 -0.000000 -0.000000
vn -0.100000 -0.000000 -0.000000
vn 0.000000 -0.100000 -0.000000
vn 0.000000 -0.100000 -0.000000
vn 0.000000 -0.100000 -0.000000
vn 0.000000 -0.100000 -0.000000
vn 0.000000 -0.100000 -0.000000
vn 0.000000 -0.100000 -0.000000
vn 0.000000 -0.100000 -0.000000
vn 0.000000 -0.100000 -0.000000
vn 0.000000 -0.100000 -0.000000
vn 0.000000 -0.100000 -0.000000
vn 0.000000 -0.100000 -0.000000
vn 0.000000 -0.100000 -0.000000
vn 0.000000 -0.100000 -0.000000
vn 0.000000 -0.100000 -0.000000
vn 0.000000 0.025882 -0.096593
vn 0.000000 0.025882 -0.096593
vn 0.000000 -0.000000 -0.100000
vn 0.000000 0.025882 -0.096593
vn 0.000000 0.025882 -0.096593
vn -0.000000 0.050000 -0.086603
vn -0.000000 0.050000 -0.086603
vn -0.000000 0.070711 -0.070711
vn -0.000000 0.070711 -0.070711
vn -0.000000 0.086603 -0.050000
vn -0.000000 0.086603 -0.050000
vn -0.000000 0.096593 -0.025882
vn -0.000000 0.096593 -0.025882
vn -0.000000 0.096593 -0.025882
vn -0.000000 0.096593 -0.025882
vn -0.000000 0.086603 -0.050000
vn -0.000000 0.086603 -0.050000
vn -0.000000 0.070711 -0.070711
vn -0.000000 0.070711 -0.070711
vn -0.000000 0.050000 -0.086603
vn -0.000000 0.050000 -0.086603
vn -0.000000 0.070711 -0.070711
vn -0.000000 0.086603 -0.050000
vn -0.000000 0.096593 -0.025882
vn -0.000000 0.086603 -0.050000
vn -0.000000 0.096593 -0.025882
vn -0.000000 0.096593 -0.025882
vn -0.000000 0.070711 -0.070711
vn -0.000000 0.050000 -0.086603
vn 0.000000 0.025882 -0.096593
vn 0.000000 0.000000 -0.100000
vn -0.000000 0.050000 -0.086603
vn 0.000000 0.025882 -0.096593
vn 0.000000 0.025882 -0.096593
vn -0.000000 0.050000 -0.086603
vn -0.000000 0.070711 -0.070711
vn -0.000000 0.086603 -0.050000
vn -0.000000 0.096593 -0.025882
vn -0.000000 0.096593 -0.025882
vn -0.000000 0.096593 -0.025882
vn -0.000000 0.096593 -0.025882
vn -0.000000 0.086603 -0.050000
vn -0.000000 0.086603 -0.050000
vn -0.000000 0.070711 -0.070711
vn -0.000000 0.070711 -0.070711
vn -0.000000 0.050000 -0.086603
vn -0.000000 0.050000 -0.086603
vn 0.000000 0.025882 -0.096593
vn 0.000000 0.025882 -0.096593
vn 0.000000 -0.000000 -0.100000
vn 0.000000 0.025882 -0.096593
vn 0.000000 0.025882 -0.096593
vn -0.000000 0.050000 -0.086603
vn -0.000000 0.050000 -0.086603
vn -0.000000 0.070711 -0.070711
vn -0.000000 0.070711 -0.070711
vn -0.000000 0.086603 -0.050000
vn -0.000000 0.086603 -0.050000
vn -0.000000 0.070711 -0.070711
vn -0.000000 0.050000 -0.086603
vn 0.000000 0.025882 -0.096593
vn 0.000000 -0.000000 -0.100000
vn -0.000000 0.050000 -0.086603
vn 0.000000 0.025882 -0.096593
vn 0.000000 0.025882 -0.096593
vn -0.000000 0.070711 -0.070711
vn -0.000000 0.086603 -0.050000
vn -0.000000 0.096593 -0.025882
vn -0.000000 0.086603 -0.050000
vn -0.000000 0.096593 -0.025882
vn -0.000000 0.096593 -0.025882
vn -0.000000 0.086603 -0.050000
vn -0.000000 0.070711 -0.070711
vn -0.000000 0.050000 -0.086603
vn 0.000000 0.000000 -0.100000
vn 0.000000 0.000000 -0.100000
vn 0.000000 0.000000 -0.100000
vn 0.000000 0.000000 -0.100000
vn 0.000000 0.000000 -0.100000
vn 0.000000 0.000000 -0.100000
vn 0.000000 0.000000 -0.100000
vn 0.000000 0.000000 -0.100000
vn 0.000000 0.000000 -0.100000
vn 0.000000 0.000000 -0.100000
vn 0.000000 0.000000 -0.100000
vn 0.000000 0.000000 -0.100000
vn 0.000000 0.000000 -0.100000
vn 0.000000 0.000000 -0.100000
vn 0.000000 0.000000 -0.100000
vn 0.000000 0.000000 -0.100000
vn 0.000000 0.000000 -0.100000
vn 0.000000 0.000000 -0.100000
vn 0.000000 0.000000 -0.100000
vn 0.000000 0.000000 -0.100000
vn 0.000000 0.000000 -0.100000
vn 0.000000 0.000000 -0.100000
vn 0.000000 0.000000 -0.100000
vn 0.000000 0.000000 -0.100000
vn 0.000000 0.000000 -0.100000
vn 0.000000 0.000000 -0.100000
vn 0.000000 0.000000 -0.100000
vn 0.000000 0.000000 -0.100000
vn 0.000000 0.000000 -0.100000
vn 0.000000 0.000000 -0.100000
vn 0.000000 0.000000 -0.100000
vn 0.000000 0.000000 -0.100000
vn 0.000000 0.000000 -0.100000
vn 0.000000 0.000000 -0.100000
vn 0.000000 0.000000 -0.100000
vn 0.000000 0.000000 -0.100000
vn 0.000000 0.000000 -0.100000
vn 0.000000 0.000000 -0.100000
vn 0.000000 0.000000 -0.100000
vn 0.000000 0.000000 -0.100000
vn 0.000000 0.000000 -0.100000
vn 0.000000 0.000000 -0.100000
vn 0.000000 0.000000 -0.100000
vn 0.000000 0.000000 -0.100000
vn 0.000000 0.000000 -0.100000
vn 0.000000 0.000000 -0.100000
vn 0.000000 0.000000 -0.100000
vn 0.000000 0.000000 -0.100000
vn 0.000000 0.000000 -0.100000
vn 0.000000 0.000000 -0.100000
vn 0.000000 0.000000 -0.100000
vn -0.000000 0.096593 -0.025882
vn -0.000000 0.096593 -0.025882
vn -0.000000 0.086603 -0.050000
vn -0.000000 0.086603 -0.050000
vn -0.000000 0.070711 -0.070711
vn -0.000000 0.070711 -0.070711
vn -0.000000 0.050000 -0.086603
vn -0.000000 0.050000 -0.086603
vn 0.000000 0.025882 -0.096593
vn 0.000000 0.025882 -0.096593
vn 0.000000 -0.000000 -0.100000
vn 0.000000 -0.000000 -0.100000
vn 0.000000 0.025882 -0.096593
vn -0.000000 0.050000 -0.086603
vn -0.000000 0.070711 -0.070711
vn -0.000000 0.086603 -0.050000
vn -0.000000 0.096593 -0.025882
vn 0.000000 0.000000 -0.100000
vn 0.000000 0.000000 -0.100000
vn 0.000000 0.000000 -0.100000
vn 0.000000 -0.096593 0.025882
vn 0.000000 -0.096593 0.025882
vn 0.000000 -0.086603 0.050000
vn 0.000000 -0.086603 0.050000
vn 0.000000 -0.070711 0.070711
vn 0.000000 -0.070711 0.070711
vn 0.000000 -0.050000 0.086603
vn 0.000000 -0.050000 0.086603
vn -0.000000 -0.025882 0.096593
vn -0.000000 -0.025882 0.096593
vn -0.000000 0.000000 0.100000
vn -0.000000 0.000000 0.100000
vn 0.100000 0.000000 0.000000
vn 0.100000 0.000000 0.000000
vn 0.100000 0.000000 0.000000
vn 0.100000 0.000000 0.000000
vn 0.100000 0.000000 0.000000
vn 0.100000 0.000000 0.000000
vn 0.100000 0.000000 0.000000
vn 0.100000 0.000000 0.000000
vn 0.100000 0.000000 0.000000
vn 0.100000 0.000000 0.000000
vn 0.100000 0.000000 0.000000
vn 0.100000 0.000000 0.000000
vn 0.100000 0.000000 0.000000
vn 0.100000 0.000000 0.000000
vn 0.100000 0.000000 0.000000
vn 0.100000 0.000000 0.000000
vn 0.100000 0.000000 0.000000
vn 0.100000 0.000000 0.000000
vn 0.100000 0.000000 0.000000
vn 0.100000 0.000000 0.000000
vn 0.100000 0.000000 0.000000
vn 0.100000 0.000000 0.000000
vn 0.100000 0.000000 0.000000
vn 0.100000 0.000000 0.000000
vn 0.100000 0.000000 0.000000
vn 0.100000 0.000000 0.000000
vn 0.100000 0.000000 0.000000
vn 0.100000 0.000000 0.000000
vn 0.100000 0.000000 0.000000
vn 0.100000 0.000000 0.000000
vn 0.100000 0.000000 0.000000
vn 0.100000 0.000000 0.000000
vn 0.000000 -0.096593 0.025882
vn 0.000000 -0.096593 0.025882
vn 0.000000 -0.096593 0.025882
vn 0.000000 -0.096593 0.025882
vn 0.000000 -0.086603 0.050000
vn 0.000000 -0.086603 0.050000
vn 0.000000 -0.070711 0.070711
vn 0.000000 -0.070711 0.070711
vn 0.000000 -0.050000 0.086603
vn 0.000000 -0.050000 0.086603
vn -0.000000 -0.025882 0.096593
vn -0.000000 -0.025882 0.096593
vn -0.000000 0.000000 0.100000
vn -0.000000 -0.025882 0.096593
vn -0.000000 0.000000 0.100000
vn -0.000000 -0.025882 0.096593
vn 0.000000 -0.050000 0.086603
vn 0.000000 -0.050000 0.086603
vn 0.000000 -0.070711 0.070711
vn 0.000000 -0.070711 0.070711
vn 0.000000 -0.086603 0.050000
vn 0.000000 -0.086603 0.050000
vn 0.100000 0.000000 0.000000
vn 0.100000 0.000000 0.000000
vn 0.100000 0.000000 0.000000
vn 0.100000 0.000000 0.000000
vn 0.100000 0.000000 0.000000
vn 0.100000 0.000000 0.000000
vn 0.100000 0.000000 0.000000
vn 0.100000 0.000000 0.000000
vn 0.100000 0.000000 0.000000
vn 0.100000 0.000000 0.000000
vn 0.100000 0.000000 0.000000
vn 0.100000 0.000000 0.000000
vn 0.100000 0.000000 0.000000
vn 0.100000 0.000000 0.000000
vn 0.100000 0.000000 0.000000
vn 0.100000 0.000000 0.000000
vn 0.100000 0.000000 0.000000
vn 0.100000 0.000000 0.000000
vn 0.100000 0.000000 0.000000
vn 0.100000 0.000000 0.000000
vn 0.100000 0.000000 0.000000
vn 0.100000 0.000000 0.000000
vn 0.100000 0.000000 0.000000
vn 0.100000 0.000000 0.000000
vn 0.100000 0.000000 0.000000
vn 0.100000 0.000000 0.000000
vn 0.100000 0.000000 0.000000
vn 0.100000 0.000000 0.000000
vn 0.100000 0.000000 0.000000
vn 0.100000 0.000000 0.000000
vn 0.100000 0.000000 0.000000
vn 0.100000 0.000000 0.000000
vn 0.100000 0.000000 0.000000
vn 0.100000 0.000000 0.000000
vn 0.100000 0.000000 0.000000
vn 0.100000 0.000000 0.000000
vn 0.100000 0.000000 0.000000
vn 0.100000 0.000000 0.000000
vn 0.100000 0.000000 0.000000
vn 0.100000 0.000000 0.000000
vn 0.100000 0.000000 0.000000
vn 0.100000 0.000000 0.000000
vn 0.100000 0.000000 0.000000
vn 0.100000 0.000000 0.000000
vn 0.100000 0.000000 0.000000
vn 0.100000 0.000000 0.000000
vn 0.100000 0.000000 0.000000
vn 0.100000 0.000000 0.000000
vn 0.100000 0.000000 0.000000
vn 0.100000 0.000000 0.000000
vn 0.100000 0.000000 0.000000
vn 0.100000 0.000000 0.000000
vn 0.100000 0.000000 0.000000
vn 0.100000 0.000000 0.000000
vn 0.100000 0.000000 0.000000
vn 0.100000 0.000000 0.000000
vn -0.000000 -0.025882 0.096593
vn -0.000000 -0.025882 0.096593
vn -0.000000 0.000000 0.100000
vn -0.000000 -0.025882 0.096593
vn -0.000000 0.000000 0.100000
vn -0.000000 -0.025882 0.096593
vn 0.000000 -0.050000 0.086603
vn 0.000000 -0.050000 0.086603
vn 0.000000 -0.070711 0.070711
vn 0.000000 -0.070711 0.070711
vn 0.000000 -0.086603 0.050000
vn 0.000000 -0.086603 0.050000
vn 0.000000 -0.096593 0.025882
vn 0.000000 -0.096593 0.025882
vn 0.000000 -0.096593 0.025882
vn 0.000000 -0.096593 0.025882
vn 0.000000 -0.086603 0.050000
vn 0.000000 -0.086603 0.050000
vn 0.000000 -0.070711 0.070711
vn 0.000000 -0.070711 0.070711
vn 0.000000 -0.050000 0.086603
vn 0.000000 -0.050000 0.086603
vn 0.100000 0.000000 0.000000
vn 0.100000 0.000000 0.000000
vn 0.100000 0.000000 0.000000
vn 0.100000 0.000000 0.000000
vn 0.100000 0.000000 0.000000
vn 0.100000 0.000000 0.000000
vn 0.100000 0.000000 0.000000
vn 0.100000 0.000000 0.000000
vn 0.100000 0.000000 0.000000
vn 0.100000 0.000000 0.000000
vn 0.100000 0.000000 0.000000
vn 0.100000 0.000000 0.000000
vn 0.100000 0.000000 0.000000
vn 0.100000 0.000000 0.000000
vn 0.100000 0.000000 0.000000
vn 0.100000 0.000000 0.000000
vn 0.100000 0.000000 0.000000
vn 0.100000 0.000000 0.000000
vn 0.100000 0.000000 0.000000
vn 0.100000 0.000000 0.000000
vn 0.100000 0.000000 0.000000
vn 0.100000 0.000000 0.000000
vn 0.100000 0.000000 0.000000
vn 0.100000 0.000000 0.000000
vn 0.100000 0.000000 0.000000
vn 0.100000 0.000000 0.000000
vn 0.100000 0.000000 0.000000
vn 0.100000 0.000000 0.000000
vn 0.100000 0.000000 0.000000
vn 0.100000 0.000000 0.000000
vn 0.100000 0.000000 0.000000
vn 0.100000 0.000000 0.000000
vn -0.100000 -0.000000 -0.000000
vn -0.100000 -0.000000 -0.000000
vn -0.100000 -0.000000 -0.000000
vn -0.100000 -0.000000 -0.000000
vn -0.100000 -0.000000 -0.000000
vn -0.100000 -0.000000 -0.000000
vn -0.100000 -0.000000 -0.000000
vn -0.100000 -0.000000 -0.000000
vn -0.100000 -0.000000 -0.000000
vn -0.100000 -0.000000 -0.000000
vn -0.100000 -0.000000 -0.000000
vn -0.100000 -0.000000 -0.000000
vn -0.100000 -0.000000 -0.000000
vn -0.100000 -0.000000 -0.000000
vn -0.100000 -0.000000 -0.000000
vn -0.100000 -0.000000 -0.000000
vn -0.100000 -0.000000 -0.000000
vn -0.100000 -0.000000 -0.000000
vn -0.100000 -0.000000 -0.000000
vn -0.100000 -0.000000 -0.000000
vn -0.100000 -0.000000 -0.000000
vn -0.100000 -0.000000 -0.000000
vn -0.100000 -0.000000 -0.000000
vn -0.100000 -0.000000 -0.000000
vn -0.100000 -0.000000 -0.000000
vn -0.100000 -0.000000 -0.000000
vn -0.100000 -0.000000 -0.000000
vn -0.100000 -0.000000 -0.000000
vn -0.100000 -0.000000 -0.000000
vn -0.100000 -0.000000 -0.000000
vn -0.100000 -0.000000 -0.000000
vn -0.100000 -0.000000 -0.000000
vn -0.100000 -0.000000 -0.000000
vn -0.100000 -0.000000 -0.000000
vn -0.100000 -0.000000 -0.000000
vn -0.100000 -0.000000 -0.000000
vn -0.100000 -0.000000 -0.000000
vn -0.100000 -0.000000 -0.000000
vn -0.100000 -0.000000 -0.000000
vn -0.100000 -0.000000 -0.000000
vn -0.100000 -0.000000 -0.000000
vn -0.100000 -0.000000 -0.000000
vn -0.100000 -0.000000 -0.000000
vn -0.100000 -0.000000 -0.000000
vn -0.100000 -0.000000 -0.000000
vn -0.100000 -0.000000 -0.000000
vn -0.100000 -0.000000 -0.000000
vn -0.100000 -0.000000 -0.000000
vn -0.100000 -0.000000 -0.000000
vn -0.100000 -0.000000 -0.000000
vn -0.100000 -0.000000 -0.000000
vn -0.100000 -0.000000 -0.000000
vn -0.100000 -0.000000 -0.000000
vn -0.100000 -0.000000 -0.000000
vn -0.100000 -0.000000 -0.000000
vn -0.100000 -0.000000 -0.000000
vn -0.100000 -0.000000 -0.000000
vn -0.100000 -0.000000 -0.000000
vn -0.100000 -0.000000 -0.000000
vn -0.100000 -0.000000 -0.000000
vn -0.100000 -0.000000 -0.000000
vn -0.100000 -0.000000 -0.000000
vn -0.100000 -0.000000 -0.000000
vn -0.100000 -0.000000 -0.000000
vn -0.000000 -0.000000 0.100000
vn -0.000000 -0.000000 0.100000
vn -0.000000 -0.000000 0.100000
vn -0.000000 -0.000000 0.100000
vn -0.000000 -0.000000 0.100000
vn -0.000000 -0.000000 0.100000
vn -0.000000 -0.000000 0.100000
vn -0.000000 -0.000000 0.100000
vn -0.000000 -0.000000 0.100000
vn -0.000000 -0.000000 0.100000
vn 0.000000 0.000000 -0.100000
vn 0.000000 0.000000 -0.100000
vn 0.000000 0.000000 -0.100000
vn 0.000000 0.000000 -0.100000
vn 0.000000 0.000000 -0.100000
vn 0.000000 0.000000 -0.100000
vn 0.000000 0.000000 -0.100000
vn 0.000000 0.000000 -0.100000
vn -0.000000 0.100000 0.000000
vn -0.000000 0.100000 0.000000
vn -0.000000 0.100000 0.000000
vn -0.000000 0.100000 0.000000
vn -0.000000 0.100000 0.000000
vn -0.000000 0.100000 0.000000
vn -0.000000 0.100000 0.000000
vn -0.000000 0.100000 0.000000
vn -0.000000 0.100000 0.000000
vn -0.000000 0.100000 0.000000
vn -0.000000 0.100000 0.000000
vn -0.000000 0.100000 0.000000
vn -0.000000 0.100000 0.000000
vn -0.000000 0.100000 0.000000
vn -0.000000 0.100000 0.000000
vn -0.000000 0.100000 0.000000
vn -0.000000 -0.025882 0.096593
vn -0.000000 -0.025882 0.096593
vn -0.000000 -0.025882 0.096593
vn -0.000000 -0.025882 0.096593
vn 0.000000 -0.050000 0.086603
vn 0.000000 -0.050000 0.086603
vn 0.000000 -0.070711 0.070711
vn 0.000000 -0.070711 0.070711
vn 0.000000 -0.086603 0.050000
vn 0.000000 -0.086603 0.050000
vn 0.000000 -0.096593 0.025882
vn 0.000000 -0.096593 0.025882
vn 0.000000 -0.100000 -0.000000
vn 0.000000 -0.096593 0.025882
vn 0.000000 -0.096593 0.025882
vn 0.000000 -0.086603 0.050000
vn 0.000000 -0.086603 0.050000
vn 0.000000 -0.070711 0.070711
vn 0.000000 -0.070711 0.070711
vn 0.000000 -0.050000 0.086603
vn 0.000000 -0.050000 0.086603
vn -0.000000 -0.025882 0.096593
vn -0.000000 -0.025882 0.096593
vn -0.000000 -0.025882 0.096593
vn -0.000000 -0.025882 0.096593
vn 0.000000 -0.050000 0.086603
vn 0.000000 -0.050000 0.086603
vn 0.000000 -0.070711 0.070711
vn 0.000000 -0.070711 0.070711
vn 0.000000 -0.086603 0.050000
vn 0.000000 -0.086603 0.050000
vn 0.000000 -0.096593 0.025882
vn 0.000000 -0.096593 0.025882
vn 0.000000 -0.096593 0.025882
vn 0.000000 -0.096593 0.025882
vn 0.000000 -0.086603 0.050000
vn 0.000000 -0.086603 0.050000
vn 0.000000 -0.070711 0.070711
vn 0.000000 -0.070711 0.070711
vn 0.000000 -0.050000 0.086603
vn 0.000000 -0.050000 0.086603
vn -0.000000 -0.025882 0.096593
vn -0.000000 -0.025882 0.096593
vn -0.000000 -0.025882 0.096593
vn -0.000000 -0.025882 0.096593
vn 0.000000 -0.050000 0.086603
vn 0.000000 -0.050000 0.086603
vn 0.000000 -0.070711 0.070711
vn 0.000000 -0.070711 0.070711
vn 0.000000 -0.086603 0.050000
vn 0.000000 -0.086603 0.050000
vn 0.000000 -0.096593 0.025882
vn 0.000000 -0.096593 0.025882
vn 0.000000 -0.100000 0.000000
vn 0.000000 -0.096593 0.025882
vn 0.000000 -0.096593 0.025882
vn 0.000000 -0.086603 0.050000
vn 0.000000 -0.086603 0.050000
vn 0.000000 -0.070711 0.070711
vn 0.000000 -0.070711 0.070711
vn 0.000000 -0.050000 0.086603
vn 0.000000 -0.050000 0.086603
vn -0.000000 -0.025882 0.096593
vn -0.000000 -0.025882 0.096593
vn -0.000000 -0.025882 0.096593
vn -0.000000 -0.025882 0.096593
vn 0.000000 -0.050000 0.086603
vn 0.000000 -0.050000 0.086603
vn 0.000000 -0.070711 0.070711
vn 0.000000 -0.070711 0.070711
vn 0.000000 -0.086603 0.050000
vn 0.000000 -0.086603 0.050000
vn 0.000000 -0.096593 0.025882
vn 0.000000 -0.096593 0.025882
vn 0.000000 -0.096593 0.025882
vn 0.000000 -0.096593 0.025882
vn 0.000000 -0.086603 0.050000
vn 0.000000 -0.086603 0.050000
vn 0.000000 -0.070711 0.070711
vn 0.000000 -0.070711 0.070711
vn 0.000000 -0.050000 0.086603
vn 0.000000 -0.050000 0.086603
vn -0.000000 -0.025882 0.096593
vn -0.000000 -0.025882 0.096593
vn -0.000000 -0.025882 0.096593
vn -0.000000 -0.025882 0.096593
vn 0.000000 -0.050000 0.086603
vn 0.000000 -0.050000 0.086603
vn 0.000000 -0.070711 0.070711
vn 0.000000 -0.070711 0.070711
vn 0.000000 -0.086603 0.050000
vn 0.000000 -0.086603 0.050000
vn 0.000000 -0.096593 0.025882
vn 0.000000 -0.096593 0.025882
vn 0.000000 -0.096593 0.025882
vn 0.000000 -0.096593 0.025882
vn 0.000000 -0.086603 0.050000
vn 0.000000 -0.086603 0.050000
vn 0.000000 -0.070711 0.070711
vn 0.000000 -0.070711 0.070711
vn 0.000000 -0.050000 0.086603
vn 0.000000 -0.050000 0.086603
vn -0.000000 -0.025882 0.096593
vn -0.000000 -0.025882 0.096593
vn -0.000000 -0.025882 0.096593
vn -0.000000 -0.025882 0.096593
vn 0.000000 -0.050000 0.086603
vn 0.000000 -0.050000 0.086603
vn 0.000000 -0.070711 0.070711
vn 0.000000 -0.070711 0.070711
vn 0.000000 -0.086603 0.050000
vn 0.000000 -0.086603 0.050000
vn 0.000000 -0.096593 0.025882
vn 0.000000 -0.096593 0.025882
vn 0.000000 -0.096593 0.025882
vn 0.000000 -0.096593 0.025882
vn 0.000000 -0.086603 0.050000
vn 0.000000 -0.050000 0.086603
vn 0.000000 -0.050000 0.086603
vn 0.000000 -0.070711 0.070711
vn 0.000000 -0.070711 0.070711
vn 0.000000 -0.086603 0.050000
vn 0.000000 -0.086603 0.050000
vn 0.000000 -0.096593 0.025882
vn 0.000000 -0.096593 0.025882
vn 0.000000 -0.096593 0.025882
vn 0.000000 -0.096593 0.025882
vn 0.000000 -0.086603 0.050000
vn 0.000000 -0.086603 0.050000
vn 0.000000 -0.070711 0.070711
vn 0.000000 -0.070711 0.070711
vn 0.000000 -0.050000 0.086603
vn 0.000000 -0.050000 0.086603
vn -0.000000 -0.025882 0.096593
vn -0.000000 -0.025882 0.096593
vn -0.000000 -0.025882 0.096593
vn -0.000000 -0.025882 0.096593
vn -0.000000 -0.025882 0.096593
vn 0.000000 -0.050000 0.086603
vn 0.000000 -0.050000 0.086603
vn 0.000000 -0.070711 0.070711
vn 0.000000 -0.050000 0.086603
vn 0.000000 -0.070711 0.070711
vn 0.000000 -0.086603 0.050000
vn 0.000000 -0.096593 0.025882
vn -0.000000 -0.025882 0.096593
vn -0.000000 -0.025882 0.096593
vn -0.000000 -0.025882 0.096593
vn 0.000000 -0.050000 0.086603
vn 0.000000 -0.050000 0.086603
vn 0.000000 -0.070711 0.070711
vn 0.000000 -0.050000 0.086603
vn -0.000000 -0.025882 0.096593
vn 0.000000 -0.050000 0.086603
vn 0.000000 -0.070711 0.070711
vn 0.000000 -0.086603 0.050000
vn 0.000000 -0.096593 0.025882
vn -0.000000 -0.025882 0.096593
vn -0.000000 -0.025882 0.096593
vn -0.000000 -0.025882 0.096593
vn 0.000000 -0.050000 0.086603
vn 0.000000 -0.050000 0.086603
vn 0.000000 -0.070711 0.070711
vn 0.000000 -0.050000 0.086603
vn -0.000000 -0.025882 0.096593
vn -0.000000 -0.025882 0.096593
vn 0.000000 -0.050000 0.086603
vn 0.000000 -0.070711 0.070711
vn 0.000000 -0.086603 0.050000
vn 0.000000 -0.050000 0.086603
vn 0.000000 -0.070711 0.070711
vn 0.000000 -0.086603 0.050000
vn 0.000000 -0.096593 0.025882
vn -0.000000 -0.025882 0.096593
vn -0.000000 -0.025882 0.096593
vn -0.000000 -0.025882 0.096593
vn 0.000000 -0.050000 0.086603
vn 0.000000 -0.050000 0.086603
vn 0.000000 -0.070711 0.070711
vn 0.000000 -0.050000 0.086603
vn -0.000000 -0.025882 0.096593
vn 0.000000 -0.050000 0.086603
vn 0.000000 -0.070711 0.070711
vn 0.000000 -0.086603 0.050000
vn 0.000000 -0.096593 0.025882
vn -0.000000 -0.025882 0.096593
vn -0.000000 -0.025882 0.096593
vn -0.000000 -0.025882 0.096593
vn 0.000000 -0.050000 0.086603
vn 0.000000 -0.050000 0.086603
vn 0.000000 -0.070711 0.070711
vn 0.000000 -0.050000 0.086603
vn -0.000000 -0.025882 0.096593
vn 0.000000 -0.050000 0.086603
vn 0.000000 -0.070711 0.070711
vn 0.000000 -0.070711 0.070711
vn 0.000000 -0.086603 0.050000
vn 0.000000 -0.096593 0.025882
vn 0.000000 -0.070711 0.070711
vn 0.000000 -0.070711 0.070711
vn 0.000000 -0.086603 0.050000
vn 0.000000 -0.096593 0.025882
vn 0.000000 -0.070711 0.070711
vn 0.000000 -0.070711 0.070711
vn 0.000000 -0.086603 0.050000
vn 0.000000 -0.096593 0.025882
vn 0.000000 -0.070711 0.070711
vn 0.000000 -0.070711 0.070711
vn 0.000000 -0.086603 0.050000
vn 0.000000 -0.096593 0.025882
vn 0.000000 -0.070711 0.070711
vn 0.000000 -0.070711 0.070711
vn 0.000000 -0.086603 0.050000
vn 0.000000 -0.096593 0.025882
vn 0.000000 -0.086603 0.050000
vn 0.000000 -0.086603 0.050000
vn 0.000000 -0.096593 0.025882
vn 0.000000 -0.086603 0.050000
vn 0.000000 -0.086603 0.050000
vn 0.000000 -0.096593 0.025882
vn 0.000000 -0.086603 0.050000
vn 0.000000 -0.096593 0.025882
vn 0.000000 -0.086603 0.050000
vn 0.000000 -0.086603 0.050000
vn 0.000000 -0.096593 0.025882
vn 0.000000 -0.086603 0.050000
vn 0.000000 -0.086603 0.050000
vn 0.000000 -0.096593 0.025882
vn 0.000000 -0.096593 0.025882
vn 0.000000 -0.096593 0.025882
vn 0.000000 -0.096593 0.025882
vn 0.000000 -0.096593 0.025882
vn 0.000000 -0.100000 -0.000000
vn 0.000000 -0.100000 -0.000000
vn 0.000000 -0.100000 -0.000000
vn 0.000000 -0.100000 -0.000000
vn 0.000000 -0.100000 -0.000000
vn 0.000000 -0.100000 -0.000000
vn 0.000000 -0.100000 -0.000000
vn 0.000000 -0.100000 -0.000000
vn 0.000000 -0.100000 -0.000000
vn 0.000000 -0.100000 -0.000000
vn 0.000000 -0.100000 -0.000000
vn 0.000000 -0.100000 -0.000000
vn 0.000000 -0.100000 -0.000000
vn 0.000000 -0.100000 -0.000000
vn -0.000000 0.096593 0.025882
vn -0.000000 0.096593 0.025882
vn -0.000000 0.096593 0.025882
vn -0.000000 0.096593 0.025882
vn -0.000000 0.086603 0.050000
vn -0.000000 0.086603 0.050000
vn -0.000000 0.070711 0.070711
vn -0.000000 0.070711 0.070711
vn -0.000000 0.050000 0.086603
vn -0.000000 0.050000 0.086603
vn -0.000000 0.025882 0.096593
vn -0.000000 0.025882 0.096593
vn -0.000000 -0.000000 0.100000
vn -0.000000 0.025882 0.096593
vn -0.000000 -0.000000 0.100000
vn -0.000000 0.025882 0.096593
vn -0.000000 0.050000 0.086603
vn -0.000000 0.050000 0.086603
vn -0.000000 0.070711 0.070711
vn -0.000000 0.070711 0.070711
vn -0.000000 0.086603 0.050000
vn -0.000000 0.086603 0.050000
vn -0.000000 0.025882 0.096593
vn -0.000000 0.025882 0.096593
vn -0.000000 -0.000000 0.100000
vn -0.000000 0.025882 0.096593
vn -0.000000 -0.000000 0.100000
vn -0.000000 0.025882 0.096593
vn -0.000000 0.050000 0.086603
vn -0.000000 0.050000 0.086603
vn -0.000000 0.070711 0.070711
vn -0.000000 0.070711 0.070711
vn -0.000000 0.086603 0.050000
vn -0.000000 0.086603 0.050000
vn -0.000000 0.096593 0.025882
vn -0.000000 0.096593 0.025882
vn -0.000000 0.096593 0.025882
vn -0.000000 0.096593 0.025882
vn -0.000000 0.086603 0.050000
vn -0.000000 0.086603 0.050000
vn -0.000000 0.070711 0.070711
vn -0.000000 0.070711 0.070711
vn -0.000000 0.050000 0.086603
vn -0.000000 0.050000 0.086603
vn -0.000000 0.096593 0.025882
vn -0.000000 0.096593 0.025882
vn -0.000000 0.086603 0.050000
vn -0.000000 0.086603 0.050000
vn -0.000000 0.070711 0.070711
vn -0.000000 0.070711 0.070711
vn -0.000000 0.050000 0.086603
vn -0.000000 0.050000 0.086603
vn -0.000000 0.025882 0.096593
vn -0.000000 0.025882 0.096593
vn -0.000000 -0.000000 0.100000
vn -0.000000 0.000000 0.100000
vn 0.000000 -0.096593 -0.025882
vn 0.000000 -0.096593 -0.025882
vn 0.000000 -0.086603 -0.050000
vn 0.000000 -0.086603 -0.050000
vn 0.000000 -0.070711 -0.070711
vn 0.000000 -0.070711 -0.070711
vn 0.000000 -0.050000 -0.086603
vn 0.000000 -0.050000 -0.086603
vn 0.000000 -0.025882 -0.096593
vn 0.000000 -0.025882 -0.096593
vn 0.000000 -0.025882 -0.096593
vn 0.000000 -0.050000 -0.086603
vn 0.000000 -0.070711 -0.070711
vn 0.000000 -0.086603 -0.050000
vn 0.000000 -0.096593 -0.025882
vn 0.000000 -0.025882 -0.096593
vn 0.000000 -0.025882 -0.096593
vn 0.000000 -0.025882 -0.096593
vn 0.000000 -0.025882 -0.096593
vn 0.000000 -0.050000 -0.086603
vn 0.000000 -0.050000 -0.086603
vn 0.000000 -0.070711 -0.070711
vn 0.000000 -0.070711 -0.070711
vn 0.000000 -0.086603 -0.050000
vn 0.000000 -0.086603 -0.050000
vn 0.000000 -0.096593 -0.025882
vn 0.000000 -0.096593 -0.025882
vn 0.000000 -0.096593 -0.025882
vn 0.000000 -0.096593 -0.025882
vn 0.000000 -0.086603 -0.050000
vn 0.000000 -0.086603 -0.050000
vn 0.000000 -0.070711 -0.070711
vn 0.000000 -0.070711 -0.070711
vn 0.000000 -0.050000 -0.086603
vn 0.000000 -0.050000 -0.086603
vn 0.000000 -0.070711 -0.070711
vn 0.000000 -0.086603 -0.050000
vn 0.000000 -0.096593 -0.025882
vn 0.000000 -0.086603 -0.050000
vn 0.000000 -0.096593 -0.025882
vn 0.000000 -0.096593 -0.025882
vn 0.000000 -0.070711 -0.070711
vn 0.000000 -0.050000 -0.086603
vn 0.000000 -0.025882 -0.096593
vn 0.000000 -0.050000 -0.086603
vn 0.000000 -0.025882 -0.096593
vn 0.000000 -0.025882 -0.096593
vn 0.000000 -0.050000 -0.086603
vn 0.000000 -0.070711 -0.070711
vn 0.000000 -0.086603 -0.050000
vn 0.000000 -0.096593 -0.025882
vn 0.000000 -0.096593 -0.025882
vn 0.000000 -0.096593 -0.025882
vn 0.000000 -0.096593 -0.025882
vn 0.000000 -0.086603 -0.050000
vn 0.000000 -0.086603 -0.050000
vn 0.000000 -0.070711 -0.070711
vn 0.000000 -0.070711 -0.070711
vn 0.000000 -0.050000 -0.086603
vn 0.000000 -0.050000 -0.086603
vn 0.000000 -0.025882 -0.096593
vn 0.000000 -0.025882 -0.096593
vn 0.000000 0.000000 -0.100000
vn 0.000000 -0.025882 -0.096593
vn 0.000000 -0.025882 -0.096593
vn 0.000000 -0.050000 -0.086603
vn 0.000000 -0.050000 -0.086603
vn 0.000000 -0.070711 -0.070711
vn 0.000000 -0.070711 -0.070711
vn 0.000000 -0.086603 -0.050000
vn 0.000000 -0.086603 -0.050000
vn 0.000000 -0.070711 -0.070711
vn 0.000000 -0.050000 -0.086603
vn 0.000000 -0.025882 -0.096593
vn 0.000000 0.000000 -0.100000
vn 0.000000 -0.050000 -0.086603
vn 0.000000 -0.025882 -0.096593
vn 0.000000 -0.025882 -0.096593
vn 0.000000 -0.070711 -0.070711
vn 0.000000 -0.086603 -0.050000
vn 0.000000 -0.096593 -0.025882
vn 0.000000 -0.086603 -0.050000
vn 0.000000 -0.096593 -0.025882
vn 0.000000 -0.096593 -0.025882
vn 0.000000 -0.086603 -0.050000
vn 0.000000 -0.070711 -0.070711
vn 0.000000 -0.050000 -0.086603
vn 0.000000 0.000000 -0.100000
vn 0.000000 0.000000 -0.100000
vn 0.000000 0.000000 -0.100000
vn 0.000000 0.000000 -0.100000
vn 0.000000 0.000000 -0.100000
vn 0.000000 0.000000 -0.100000
vn 0.000000 0.000000 -0.100000
vn 0.000000 0.000000 -0.100000
vn 0.000000 0.000000 -0.100000
vn 0.000000 0.000000 -0.100000
vn 0.000000 0.000000 -0.100000
vn 0.000000 0.000000 -0.100000
vn 0.000000 0.000000 -0.100000
vn 0.000000 0.000000 -0.100000
vn 0.000000 0.000000 -0.100000
vn 0.000000 0.000000 -0.100000
vn 0.000000 0.000000 -0.100000
vn 0.000000 0.000000 -0.100000
vn 0.000000 0.000000 -0.100000
vn 0.000000 0.000000 -0.100000
vn 0.000000 0.000000 -0.100000
vn 0.000000 0.000000 -0.100000
vn 0.000000 0.000000 -0.100000
vn 0.000000 0.000000 -0.100000
vn 0.000000 0.000000 -0.100000
vn 0.000000 0.000000 -0.100000
vn 0.000000 0.000000 -0.100000
vn 0.000000 0.000000 -0.100000
vn 0.000000 0.000000 -0.100000
vn 0.000000 0.000000 -0.100000
vn 0.000000 0.000000 -0.100000
vn 0.000000 0.000000 -0.100000
vn 0.000000 0.000000 -0.100000
vn 0.000000 0.000000 -0.100000
vn 0.000000 0.000000 -0.100000
vn 0.000000 0.000000 -0.100000
vn 0.000000 0.000000 -0.100000
vn 0.000000 0.000000 -0.100000
vn 0.000000 0.000000 -0.100000
vn 0.000000 0.000000 -0.100000
vn 0.000000 0.000000 -0.100000
vn 0.000000 0.000000 -0.100000
vn 0.000000 0.000000 -0.100000
vn 0.000000 0.000000 -0.100000
vn 0.000000 0.000000 -0.100000
vn 0.000000 0.000000 -0.100000
vn 0.000000 0.000000 -0.100000
vn 0.000000 0.000000 -0.100000
vn 0.070711 0.000000 0.070711
vn 0.070711 0.000000 0.070711
vn 0.070711 0.000000 0.070711
vn 0.070711 0.000000 0.070711
vn -0.000000 -0.000000 0.100000
vn -0.000000 -0.000000 0.100000
vn -0.000000 -0.000000 0.100000
vn -0.000000 -0.000000 0.100000
vn 0.070711 0.000000 0.070711
vn 0.070711 0.000000 0.070711
vn 0.070711 0.000000 0.070711
vn 0.070711 0.000000 0.070711
vn -0.070711 -0.000000 0.070711
vn -0.070711 -0.000000 0.070711
vn -0.070711 -0.000000 0.070711
vn -0.070711 -0.000000 0.070711
vn -0.070711 -0.000000 0.070711
vn -0.070711 -0.000000 0.070711
vn -0.070711 -0.000000 0.070711
vn -0.070711 -0.000000 0.070711
vn -0.000000 -0.000000 0.100000
vn -0.000000 -0.000000 0.100000
vn -0.000000 -0.000000 0.100000
vn -0.000000 -0.000000 0.100000
vn -0.070711 -0.000000 0.070711
vn -0.070711 -0.000000 0.070711
vn -0.070711 -0.000000 0.070711
vn -0.070711 -0.000000 0.070711
vn -0.070711 -0.000000 0.070711
vn -0.070711 -0.000000 0.070711
vn -0.070711 -0.000000 0.070711
vn -0.070711 -0.000000 0.070711
vn -0.000000 -0.000000 0.100000
vn -0.000000 -0.000000 0.100000
vn -0.000000 -0.000000 0.100000
vn -0.000000 -0.000000 0.100000
vn 0.070711 0.000000 0.070711
vn 0.070711 0.000000 0.070711
vn 0.070711 0.000000 0.070711
vn 0.070711 0.000000 0.070711
vn -0.000000 -0.000000 0.100000
vn -0.000000 -0.000000 0.100000
vn -0.000000 -0.000000 0.100000
vn -0.000000 -0.000000 0.100000
vn 0.070711 0.000000 0.070711
vn 0.070711 0.000000 0.070711
vn 0.070711 0.000000 0.070711
vn 0.070711 0.000000 0.070711
vn -0.000000 0.100000 0.000000
vn -0.000000 0.100000 0.000000
vn -0.000000 0.100000 0.000000
vn -0.000000 0.100000 0.000000
vn -0.100000 -0.000000 -0.000000
vn -0.100000 -0.000000 -0.000000
vn -0.100000 -0.000000 -0.000000
vn -0.100000 -0.000000 -0.000000
vn 0.000000 -0.100000 -0.000000
vn 0.000000 -0.100000 -0.000000
vn 0.000000 -0.100000 -0.000000
vn 0.000000 -0.100000 -0.000000
vn 0.100000 0.000000 0.000000
vn 0.100000 0.000000 0.000000
vn 0.100000 0.000000 0.000000
vn 0.100000 0.000000 0.000000
vn -0.000000 0.100000 0.000000
vn -0.000000 0.100000 0.000000
vn -0.000000 0.100000 0.000000
vn -0.000000 0.100000 0.000000
vn -0.100000 -0.000000 -0.000000
vn -0.100000 -0.000000 -0.000000
vn -0.100000 -0.000000 -0.000000
vn -0.100000 -0.000000 -0.000000
vn 0.000000 -0.100000 -0.000000
vn 0.000000 -0.100000 -0.000000
vn 0.000000 -0.100000 -0.000000
vn 0.000000 -0.100000 -0.000000
vn 0.100000 0.000000 0.000000
vn 0.100000 0.000000 0.000000
vn 0.100000 0.000000 0.000000
vn 0.100000 0.000000 0.000000
vn 0.025882 -0.096593 -0.000000
vn 0.025882 -0.096593 -0.000000
vn 0.000000 -0.100000 -0.000000
vn 0.000000 -0.100000 -0.000000
vn -0.025882 -0.096593 -0.000000
vn -0.025882 -0.096593 -0.000000
vn -0.050000 -0.086603 -0.000000
vn -0.050000 -0.086603 -0.000000
vn -0.070711 -0.070711 -0.000000
vn -0.070711 -0.070711 -0.000000
vn -0.086603 -0.050000 -0.000000
vn -0.086603 -0.050000 -0.000000
vn -0.096593 -0.025882 -0.000000
vn -0.096593 -0.025882 -0.000000
vn -0.100000 0.000000 -0.000000
vn -0.100000 0.000000 -0.000000
vn -0.096593 0.025882 -0.000000
vn -0.096593 0.025882 -0.000000
vn -0.086603 0.050000 -0.000000
vn -0.086603 0.050000 -0.000000
vn -0.070711 0.070711 -0.000000
vn -0.070711 0.070711 -0.000000
vn -0.050000 0.086603 -0.000000
vn -0.050000 0.086603 -0.000000
vn -0.025882 0.096593 0.000000
vn -0.025882 0.096593 0.000000
vn 0.000000 0.100000 0.000000
vn 0.000000 0.100000 0.000000
vn 0.025882 0.096593 0.000000
vn 0.025882 0.096593 0.000000
vn 0.050000 0.086603 0.000000
vn 0.050000 0.086603 0.000000
vn 0.070711 0.070711 0.000000
vn 0.070711 0.070711 0.000000
vn 0.086603 0.050000 0.000000
vn 0.086603 0.050000 0.000000
vn 0.096593 0.025882 0.000000
vn 0.096593 0.025882 0.000000
vn 0.100000 0.000000 0.000000
vn 0.100000 0.000000 0.000000
vn 0.096593 -0.025882 0.000000
vn 0.096593 -0.025882 0.000000
vn 0.086603 -0.050000 0.000000
vn 0.086603 -0.050000 0.000000
vn 0.070711 -0.070711 0.000000
vn 0.070711 -0.070711 0.000000
vn 0.050000 -0.086603 0.000000
vn 0.050000 -0.086603 0.000000
vn 0.025882 -0.096593 -0.000000
vn 0.025882 -0.096593 -0.000000
vn 0.000000 -0.100000 -0.000000
vn 0.000000 -0.100000 -0.000000
vn -0.025882 -0.096593 -0.000000
vn -0.025882 -0.096593 -0.000000
vn -0.050000 -0.086603 -0.000000
vn -0.050000 -0.086603 -0.000000
vn -0.070711 -0.070711 -0.000000
vn -0.070711 -0.070711 -0.000000
vn -0.086603 -0.050000 -0.000000
vn -0.086603 -0.050000 -0.000000
vn -0.096593 -0.025882 -0.000000
vn -0.096593 -0.025882 -0.000000
vn -0.100000 -0.000000 -0.000000
vn -0.100000 -0.000000 -0.000000
vn -0.096593 0.025882 -0.000000
vn -0.096593 0.025882 -0.000000
vn -0.086603 0.050000 -0.000000
vn -0.086603 0.050000 -0.000000
vn -0.070711 0.070711 -0.000000
vn -0.070711 0.070711 -0.000000
vn -0.050000 0.086603 -0.000000
vn -0.050000 0.086603 -0.000000
vn -0.025882 0.096593 0.000000
vn -0.025882 0.096593 0.000000
vn -0.000000 0.100000 0.000000
vn -0.000000 0.100000 0.000000
vn 0.025882 0.096593 0.000000
vn 0.025882 0.096593 0.000000
vn 0.050000 0.086603 0.000000
vn 0.050000 0.086603 0.000000
vn 0.070711 0.070711 0.000000
vn 0.070711 0.070711 0.000000
vn 0.086603 0.050000 0.000000
vn 0.086603 0.050000 0.000000
vn 0.096593 0.025882 0.000000
vn 0.096593 0.025882 0.000000
vn 0.100000 -0.000000 0.000000
vn 0.100000 -0.000000 0.000000
vn 0.096593 -0.025882 0.000000
vn 0.096593 -0.025882 0.000000
vn 0.086603 -0.050000 0.000000
vn 0.086603 -0.050000 0.000000
vn 0.070711 -0.070711 0.000000
vn 0.070711 -0.070711 0.000000
vn 0.050000 -0.086603 0.000000
vn 0.050000 -0.086603 0.000000
vn -0.025882 0.096593 0.000000
vn -0.025882 0.096593 0.000000
vn -0.000000 0.100000 0.000000
vn -0.000000 0.100000 0.000000
vn 0.025882 0.096593 0.000000
vn 0.025882 0.096593 0.000000
vn 0.050000 0.086603 0.000000
vn 0.050000 0.086603 0.000000
vn 0.070711 0.070711 0.000000
vn 0.070711 0.070711 0.000000
vn 0.086603 0.050000 0.000000
vn 0.086603 0.050000 0.000000
vn 0.096593 0.025882 0.000000
vn 0.096593 0.025882 0.000000
vn 0.100000 -0.000000 0.000000
vn 0.100000 -0.000000 0.000000
vn 0.096593 -0.025882 0.000000
vn 0.096593 -0.025882 0.000000
vn 0.086603 -0.050000 0.000000
vn 0.086603 -0.050000 0.000000
vn 0.070711 -0.070711 0.000000
vn 0.070711 -0.070711 0.000000
vn 0.050000 -0.086603 0.000000
vn 0.050000 -0.086603 0.000000
vn 0.025882 -0.096593 -0.000000
vn 0.025882 -0.096593 -0.000000
vn 0.000000 -0.100000 -0.000000
vn 0.000000 -0.100000 -0.000000
vn -0.025882 -0.096593 -0.000000
vn -0.025882 -0.096593 -0.000000
vn -0.050000 -0.086603 -0.000000
vn -0.050000 -0.086603 -0.000000
vn -0.070711 -0.070711 -0.000000
vn -0.070711 -0.070711 -0.000000
vn -0.086603 -0.050000 -0.000000
vn -0.086603 -0.050000 -0.000000
vn -0.096593 -0.025882 -0.000000
vn -0.096593 -0.025882 -0.000000
vn -0.100000 -0.000000 -0.000000
vn -0.100000 -0.000000 -0.000000
vn -0.096593 0.025882 -0.000000
vn -0.096593 0.025882 -0.000000
vn -0.086603 0.050000 -0.000000
vn -0.086603 0.050000 -0.000000
vn -0.070711 0.070711 -0.000000
vn -0.070711 0.070711 -0.000000
vn -0.050000 0.086603 -0.000000
vn -0.050000 0.086603 -0.000000
vn -0.025882 0.096593 0.000000
vn -0.025882 0.096593 0.000000
vn -0.000000 0.100000 0.000000
vn -0.000000 0.100000 0.000000
vn 0.025882 0.096593 0.000000
vn 0.025882 0.096593 0.000000
vn 0.050000 0.086603 0.000000
vn 0.050000 0.086603 0.000000
vn 0.070711 0.070711 0.000000
vn 0.070711 0.070711 0.000000
vn 0.086603 0.050000 0.000000
vn 0.086603 0.050000 0.000000
vn 0.096593 0.025882 0.000000
vn 0.096593 0.025882 0.000000
vn 0.100000 -0.000000 0.000000
vn 0.100000 -0.000000 0.000000
vn 0.096593 -0.025882 0.000000
vn 0.096593 -0.025882 0.000000
vn 0.086603 -0.050000 0.000000
vn 0.086603 -0.050000 0.000000
vn 0.070711 -0.070711 0.000000
vn 0.070711 -0.070711 0.000000
vn 0.050000 -0.086603 0.000000
vn 0.050000 -0.086603 0.000000
vn 0.025882 -0.096593 -0.000000
vn 0.025882 -0.096593 -0.000000
vn 0.000000 -0.100000 -0.000000
vn 0.000000 -0.100000 -0.000000
vn -0.025882 -0.096593 -0.000000
vn -0.025882 -0.096593 -0.000000
vn -0.050000 -0.086603 -0.000000
vn -0.050000 -0.086603 -0.000000
vn -0.070711 -0.070711 -0.000000
vn -0.070711 -0.070711 -0.000000
vn -0.086603 -0.050000 -0.000000
vn -0.086603 -0.050000 -0.000000
vn -0.096593 -0.025882 -0.000000
vn -0.096593 -0.025882 -0.000000
vn -0.100000 -0.000000 -0.000000
vn -0.100000 -0.000000 -0.000000
vn -0.096593 0.025882 -0.000000
vn -0.096593 0.025882 -0.000000
vn -0.086603 0.050000 -0.000000
vn -0.086603 0.050000 -0.000000
vn -0.070711 0.070711 -0.000000
vn -0.070711 0.070711 -0.000000
vn -0.050000 0.086603 -0.000000
vn -0.050000 0.086603 -0.000000
vn -0.000000 -0.000000 0.100000
vn -0.000000 -0.000000 0.100000
vn -0.000000 -0.000000 0.100000
vn -0.000000 -0.000000 0.100000
vn -0.000000 -0.000000 0.100000
vn -0.000000 -0.000000 0.100000
vn -0.000000 -0.000000 0.100000
vn -0.000000 -0.000000 0.100000
vn -0.000000 -0.000000 0.100000
vn -0.000000 -0.000000 0.100000
vn -0.000000 -0.000000 0.100000
vn -0.000000 -0.000000 0.100000
vn -0.000000 -0.000000 0.100000
vn -0.000000 -0.000000 0.100000
vn -0.000000 -0.000000 0.100000
vn -0.000000 -0.000000 0.100000
vn -0.000000 -0.000000 0.100000
vn -0.000000 -0.000000 0.100000
vn -0.000000 -0.000000 0.100000
vn -0.000000 -0.000000 0.100000
vn -0.000000 -0.000000 0.100000
vn -0.000000 -0.000000 0.100000
vn -0.000000 -0.000000 0.100000
vn -0.000000 -0.000000 0.100000
vn -0.000000 -0.000000 0.100000
vn -0.000000 -0.000000 0.100000
vn -0.000000 -0.000000 0.100000
vn -0.000000 -0.000000 0.100000
vn -0.000000 -0.000000 0.100000
vn -0.000000 -0.000000 0.100000
vn -0.000000 -0.000000 0.100000
vn -0.000000 -0.000000 0.100000
vn -0.000000 -0.000000 0.100000
vn -0.000000 -0.000000 0.100000
vn -0.000000 -0.000000 0.100000
vn -0.000000 -0.000000 0.100000
vn -0.000000 -0.000000 0.100000
vn -0.000000 -0.000000 0.100000
vn -0.000000 -0.000000 0.100000
vn -0.000000 -0.000000 0.100000
vn -0.000000 -0.000000 0.100000
vn -0.000000 -0.000000 0.100000
vn -0.000000 -0.000000 0.100000
vn -0.000000 -0.000000 0.100000
vn -0.000000 -0.000000 0.100000
vn -0.000000 -0.000000 0.100000
vn -0.000000 -0.000000 0.100000
vn -0.000000 -0.000000 0.100000
vn -0.000000 -0.000000 0.100000
vn -0.000000 -0.000000 0.100000
vn -0.000000 -0.000000 0.100000
vn -0.000000 -0.000000 0.100000
vn -0.000000 -0.000000 0.100000
vn -0.000000 -0.000000 0.100000
vn -0.000000 -0.000000 0.100000
vn -0.000000 -0.000000 0.100000
vn -0.000000 -0.000000 0.100000
vn -0.000000 -0.000000 0.100000
vn -0.000000 -0.000000 0.100000
vn -0.000000 -0.000000 0.100000
vn -0.000000 -0.000000 0.100000
vn -0.000000 -0.000000 0.100000
vn -0.000000 -0.000000 0.100000
vn -0.000000 -0.000000 0.100000
vn -0.000000 -0.000000 0.100000
vn -0.000000 -0.000000 0.100000
vn -0.000000 -0.000000 0.100000
vn -0.000000 -0.000000 0.100000
vn -0.000000 -0.000000 0.100000
vn -0.000000 -0.000000 0.100000
vn -0.000000 -0.000000 0.100000
vn -0.000000 -0.000000 0.100000
vn -0.000000 -0.000000 0.100000
vn -0.000000 -0.000000 0.100000
vn -0.000000 -0.000000 0.100000
vn -0.000000 -0.000000 0.100000
vn -0.000000 -0.000000 0.100000
vn -0.000000 -0.000000 0.100000
vn -0.000000 -0.000000 0.100000
vn -0.000000 -0.000000 0.100000
vn -0.000000 -0.000000 0.100000
vn -0.000000 -0.000000 0.100000
vn -0.000000 -0.000000 0.100000
vn -0.000000 -0.000000 0.100000
vn -0.000000 -0.000000 0.100000
vn -0.000000 -0.000000 0.100000
vn -0.000000 -0.000000 0.100000
vn -0.000000 -0.000000 0.100000
vn -0.000000 -0.000000 0.100000
vn -0.000000 -0.000000 0.100000
vn -0.000000 -0.000000 0.100000
vn -0.000000 -0.000000 0.100000
vn -0.000000 -0.000000 0.100000
vn -0.000000 -0.000000 0.100000
vn -0.000000 -0.000000 0.100000
vn -0.000000 -0.000000 0.100000
f 1556/2485/2403 1545/2486/2404 1551/2487/2405
f 1551/2487/2405 1545/2486/2404 1546/2488/2406
f 1551/2487/2405 1546/2488/2406 1547/2489/2407
f 1547/2489/2407 1548/2490/2408 1551/2487/2405
f 1551/2487/2405 1548/2490/2408 1550/2491/2409
f 1550/2491/2409 1548/2490/2408 1549/2492/2410
f 1551/2487/2405 1552/2493/2411 1556/2485/2403
f 1556/2485/2403 1552/2493/2411 1555/2494/2412
f 1555/2494/2412 1552/2493/2411 1553/2495/2413
f 1555/2494/2412 1553/2495/2413 1554/2496/2414
f 1557/2497/2415 1558/2498/2416 1549/2499/2417
f 1549/2499/2417 1558/2498/2416 1550/2500/2418
f 1560/2501/2419 1606/2502/2420 1559/2503/2421
f 1559/2503/2421 1606/2502/2420 1583/2504/2422
f 1559/2505/2421 1583/2506/2422 1582/2507/2423
f 1582/2507/2423 1583/2506/2422 1584/2508/2424
f 1582/2507/2423 1584/2508/2424 1581/2509/2425
f 1581/2509/2425 1584/2508/2424 1585/2510/2426
f 1581/2509/2425 1585/2510/2426 1580/2511/2427
f 1580/2511/2427 1585/2510/2426 1586/2512/2428
f 1580/2511/2427 1586/2512/2428 1579/2513/2429
f 1579/2513/2429 1586/2512/2428 1587/2514/2430
f 1579/2513/2429 1587/2514/2430 1578/2515/2431
f 1578/2515/2431 1587/2514/2430 1588/2516/2432
f 1578/2515/2431 1588/2516/2432 1577/2517/2433
f 1577/2517/2433 1588/2516/2432 1589/2518/2434
f 1577/2517/2433 1589/2518/2434 1576/2519/2435
f 1576/2519/2435 1589/2518/2434 1590/2520/2436
f 1576/2519/2435 1590/2520/2436 1575/2521/2437
f 1575/2521/2437 1590/2520/2436 1591/2522/2438
f 1575/2521/2437 1591/2522/2438 1574/2523/2439
f 1574/2523/2439 1591/2522/2438 1592/2524/2440
f 1574/2523/2439 1592/2524/2440 1573/2525/2441
f 1573/2525/2441 1592/2524/2440 1593/2526/2442
f 1573/2525/2441 1593/2526/2442 1572/2527/2443
f 1572/2527/2443 1593/2526/2442 1594/2528/2444
f 1572/2527/2443 1594/2528/2444 1571/2529/2445
f 1571/2529/2445 1594/2528/2444 1595/2530/2446
f 1571/2529/2445 1595/2530/2446 1570/2531/2447
f 1570/2531/2447 1595/2530/2446 1596/2532/2448
f 1570/2531/2447 1596/2532/2448 1569/2533/2449
f 1569/2533/2449 1596/2532/2448 1597/2534/2450
f 1569/2533/2449 1597/2534/2450 1568/2535/2451
f 1568/2535/2451 1597/2534/2450 1598/2536/2452
f 1568/2535/2451 1598/2536/2452 1567/2537/2453
f 1567/2537/2453 1598/2536/2452 1599/2538/2454
f 1567/2537/2453 1599/2538/2454 1566/2539/2455
f 1566/2539/2455 1599/2538/2454 1600/2540/2456
f 1566/2539/2455 1600/2540/2456 1565/2541/2457
f 1565/2541/2457 1600/2540/2456 1601/2542/2458
f 1565/2541/2457 1601/2542/2458 1564/2543/2459
f 1564/2543/2459 1601/2542/2458 1602/2544/2460
f 1564/2543/2459 1602/2544/2460 1563/2545/2461
f 1563/2545/2461 1602/2544/2460 1603/2546/2462
f 1563/2545/2461 1603/2546/2462 1562/2547/2463
f 1562/2547/2463 1603/2546/2462 1604/2548/2464
f 1562/2547/2463 1604/2548/2464 1561/2549/2465
f 1561/2549/2465 1604/2548/2464 1605/2550/2466
f 1561/2549/2465 1605/2550/2466 1560/2501/2419
f 1560/2501/2419 1605/2550/2466 1606/2502/2420
f 1608/2551/2467 1654/2552/2468 1607/2553/2469
f 1607/2553/2469 1654/2552/2468 1631/2554/2470
f 1607/2555/2469 1631/2556/2470 1630/2557/2471
f 1630/2557/2471 1631/2556/2470 1632/2558/2472
f 1630/2557/2471 1632/2558/2472 1629/2559/2473
f 1629/2559/2473 1632/2558/2472 1633/2560/2474
f 1629/2559/2473 1633/2560/2474 1628/2561/2475
f 1628/2561/2475 1633/2560/2474 1634/2562/2476
f 1628/2561/2475 1634/2562/2476 1627/2563/2477
f 1627/2563/2477 1634/2562/2476 1635/2564/2478
f 1627/2563/2477 1635/2564/2478 1626/2565/2479
f 1626/2565/2479 1635/2564/2478 1636/2566/2480
f 1626/2565/2479 1636/2566/2480 1625/2567/2481
f 1625/2567/2481 1636/2566/2480 1637/2568/2482
f 1625/2567/2481 1637/2568/2482 1624/2569/2483
f 1624/2569/2483 1637/2568/2482 1638/2570/2484
f 1624/2569/2483 1638/2570/2484 1623/2571/2485
f 1623/2571/2485 1638/2570/2484 1639/2572/2486
f 1623/2571/2485 1639/2572/2486 1622/2573/2487
f 1622/2573/2487 1639/2572/2486 1640/2574/2488
f 1622/2573/2487 1640/2574/2488 1621/2575/2489
f 1621/2575/2489 1640/2574/2488 1641/2576/2490
f 1621/2575/2489 1641/2576/2490 1620/2577/2491
f 1620/2577/2491 1641/2576/2490 1642/2578/2492
f 1620/2577/2491 1642/2578/2492 1619/2579/2493
f 1619/2579/2493 1642/2578/2492 1643/2580/2494
f 1619/2579/2493 1643/2580/2494 1618/2581/2495
f 1618/2581/2495 1643/2580/2494 1644/2582/2496
f 1618/2581/2495 1644/2582/2496 1617/2583/2497
f 1617/2583/2497 1644/2582/2496 1645/2584/2498
f 1617/2583/2497 1645/2584/2498 1616/2585/2499
f 1616/2585/2499 1645/2584/2498 1646/2586/2500
f 1616/2585/2499 1646/2586/2500 1615/2587/2501
f 1615/2587/2501 1646/2586/2500 1647/2588/2502
f 1615/2587/2501 1647/2588/2502 1614/2589/2503
f 1614/2589/2503 1647/2588/2502 1648/2590/2504
f 1614/2589/2503 1648/2590/2504 1613/2591/2505
f 1613/2591/2505 1648/2590/2504 1649/2592/2506
f 1613/2591/2505 1649/2592/2506 1612/2593/2507
f 1612/2593/2507 1649/2592/2506 1650/2594/2508
f 1612/2593/2507 1650/2594/2508 1611/2595/2509
f 1611/2595/2509 1650/2594/2508 1651/2596/2510
f 1611/2595/2509 1651/2596/2510 1610/2597/2511
f 1610/2597/2511 1651/2596/2510 1652/2598/2512
f 1610/2597/2511 1652/2598/2512 1609/2599/2513
f 1609/2599/2513 1652/2598/2512 1653/2600/2514
f 1609/2599/2513 1653/2600/2514 1608/2551/2467
f 1608/2551/2467 1653/2600/2514 1654/2552/2468
f 1553/2601/2515 1552/2602/2516 1656/2603/2517
f 1656/2603/2517 1552/2602/2516 1655/2604/2518
f 1554/2605/2519 1553/2606/2520 1657/2607/2521
f 1657/2607/2521 1553/2606/2520 1656/2608/2522
f 1555/2609/2523 1554/2610/2524 1658/2611/2525
f 1658/2611/2525 1554/2610/2524 1657/2612/2526
f 1555/2613/2527 1603/2614/2528 1556/2615/2529
f 1556/2615/2529 1603/2614/2528 1602/2616/2530
f 1556/2615/2529 1602/2616/2530 1601/2617/2531
f 1658/2618/2532 1631/2619/2533 1555/2613/2527
f 1555/2613/2527 1631/2619/2533 1654/2620/2534
f 1555/2613/2527 1654/2620/2534 1653/2621/2535
f 1659/2622/2536 1639/2623/2537 1658/2618/2532
f 1658/2618/2532 1639/2623/2537 1638/2624/2538
f 1658/2618/2532 1638/2624/2538 1637/2625/2539
f 1556/2615/2529 1595/2626/2540 1659/2622/2536
f 1659/2622/2536 1595/2626/2540 1594/2627/2541
f 1659/2622/2536 1594/2627/2541 1593/2628/2542
f 1606/2629/2543 1644/2630/2544 1583/2631/2545
f 1583/2631/2545 1644/2630/2544 1643/2632/2546
f 1583/2631/2545 1643/2632/2546 1584/2633/2547
f 1584/2633/2547 1643/2632/2546 1642/2634/2548
f 1584/2633/2547 1642/2634/2548 1585/2635/2549
f 1585/2635/2549 1642/2634/2548 1641/2636/2550
f 1585/2635/2549 1641/2636/2550 1586/2637/2551
f 1586/2637/2551 1641/2636/2550 1640/2638/2552
f 1586/2637/2551 1640/2638/2552 1587/2639/2553
f 1587/2639/2553 1640/2638/2552 1639/2623/2537
f 1587/2639/2553 1639/2623/2537 1659/2622/2536
f 1644/2630/2544 1606/2629/2543 1645/2640/2554
f 1645/2640/2554 1606/2629/2543 1605/2641/2555
f 1645/2640/2554 1605/2641/2555 1646/2642/2556
f 1646/2642/2556 1605/2641/2555 1604/2643/2557
f 1646/2642/2556 1604/2643/2557 1647/2644/2558
f 1647/2644/2558 1604/2643/2557 1603/2614/2528
f 1647/2644/2558 1603/2614/2528 1555/2613/2527
f 1601/2617/2531 1600/2645/2559 1556/2615/2529
f 1556/2615/2529 1600/2645/2559 1599/2646/2560
f 1556/2615/2529 1599/2646/2560 1598/2647/2561
f 1598/2647/2561 1597/2648/2562 1556/2615/2529
f 1556/2615/2529 1597/2648/2562 1596/2649/2563
f 1556/2615/2529 1596/2649/2563 1595/2626/2540
f 1593/2628/2542 1592/2650/2564 1659/2622/2536
f 1659/2622/2536 1592/2650/2564 1591/2651/2565
f 1659/2622/2536 1591/2651/2565 1590/2652/2566
f 1590/2652/2566 1589/2653/2567 1659/2622/2536
f 1659/2622/2536 1589/2653/2567 1588/2654/2568
f 1659/2622/2536 1588/2654/2568 1587/2639/2553
f 1653/2621/2535 1652/2655/2569 1555/2613/2527
f 1555/2613/2527 1652/2655/2569 1651/2656/2570
f 1555/2613/2527 1651/2656/2570 1650/2657/2571
f 1650/2657/2571 1649/2658/2572 1555/2613/2527
f 1555/2613/2527 1649/2658/2572 1648/2659/2573
f 1555/2613/2527 1648/2659/2573 1647/2644/2558
f 1637/2625/2539 1636/2660/2574 1658/2618/2532
f 1658/2618/2532 1636/2660/2574 1635/2661/2575
f 1658/2618/2532 1635/2661/2575 1634/2662/2576
f 1634/2662/2576 1633/2663/2577 1658/2618/2532
f 1658/2618/2532 1633/2663/2577 1632/2664/2578
f 1658/2618/2532 1632/2664/2578 1631/2619/2533
f 1545/2665/2579 1556/2666/2580 1660/2667/2581
f 1660/2667/2581 1556/2666/2580 1659/2668/2582
f 1551/2669/2583 1550/2670/2584 1661/2671/2585
f 1661/2671/2585 1550/2670/2584 1558/2672/2586
f 1551/2673/2587 1614/2674/2588 1552/2675/2589
f 1552/2675/2589 1614/2674/2588 1613/2676/2590
f 1552/2675/2589 1613/2676/2590 1612/2677/2591
f 1661/2678/2592 1571/2679/2593 1551/2673/2587
f 1551/2673/2587 1571/2679/2593 1570/2680/2594
f 1551/2673/2587 1570/2680/2594 1569/2681/2595
f 1655/2682/2596 1578/2683/2597 1661/2678/2592
f 1661/2678/2592 1578/2683/2597 1577/2684/2598
f 1661/2678/2592 1577/2684/2598 1576/2685/2599
f 1552/2675/2589 1607/2686/2600 1655/2682/2596
f 1655/2682/2596 1607/2686/2600 1630/2687/2601
f 1655/2682/2596 1630/2687/2601 1629/2688/2602
f 1582/2689/2603 1620/2690/2604 1559/2691/2605
f 1559/2691/2605 1620/2690/2604 1619/2692/2606
f 1559/2691/2605 1619/2692/2606 1560/2693/2607
f 1560/2693/2607 1619/2692/2606 1618/2694/2608
f 1560/2693/2607 1618/2694/2608 1561/2695/2609
f 1561/2695/2609 1618/2694/2608 1617/2696/2610
f 1561/2695/2609 1617/2696/2610 1562/2697/2611
f 1562/2697/2611 1617/2696/2610 1616/2698/2612
f 1562/2697/2611 1616/2698/2612 1563/2699/2613
f 1563/2699/2613 1616/2698/2612 1615/2700/2614
f 1563/2699/2613 1615/2700/2614 1564/2701/2615
f 1564/2701/2615 1615/2700/2614 1614/2674/2588
f 1564/2701/2615 1614/2674/2588 1551/2673/2587
f 1620/2690/2604 1582/2689/2603 1621/2702/2616
f 1621/2702/2616 1582/2689/2603 1581/2703/2617
f 1621/2702/2616 1581/2703/2617 1622/2704/2618
f 1622/2704/2618 1581/2703/2617 1580/2705/2619
f 1622/2704/2618 1580/2705/2619 1623/2706/2620
f 1623/2706/2620 1580/2705/2619 1579/2707/2621
f 1623/2706/2620 1579/2707/2621 1624/2708/2622
f 1624/2708/2622 1579/2707/2621 1578/2683/2597
f 1624/2708/2622 1578/2683/2597 1655/2682/2596
f 1576/2685/2599 1575/2709/2623 1661/2678/2592
f 1661/2678/2592 1575/2709/2623 1574/2710/2624
f 1661/2678/2592 1574/2710/2624 1573/2711/2625
f 1573/2711/2625 1572/2712/2626 1661/2678/2592
f 1661/2678/2592 1572/2712/2626 1571/2679/2593
f 1569/2681/2595 1568/2713/2627 1551/2673/2587
f 1551/2673/2587 1568/2713/2627 1567/2714/2628
f 1551/2673/2587 1567/2714/2628 1566/2715/2629
f 1566/2715/2629 1565/2716/2630 1551/2673/2587
f 1551/2673/2587 1565/2716/2630 1564/2701/2615
f 1629/2688/2602 1628/2717/2631 1655/2682/2596
f 1655/2682/2596 1628/2717/2631 1627/2718/2632
f 1655/2682/2596 1627/2718/2632 1626/2719/2633
f 1626/2719/2633 1625/2720/2634 1655/2682/2596
f 1655/2682/2596 1625/2720/2634 1624/2708/2622
f 1612/2677/2591 1611/2721/2635 1552/2675/2589
f 1552/2675/2589 1611/2721/2635 1610/2722/2636
f 1552/2675/2589 1610/2722/2636 1609/2723/2637
f 1609/2723/2637 1608/2724/2638 1552/2675/2589
f 1552/2675/2589 1608/2724/2638 1607/2686/2600
f 1663/2725/2639 1661/2726/2640 1662/2727/2641
f 1662/2727/2641 1661/2726/2640 1558/2728/2642
f 1662/2727/2641 1558/2728/2642 1557/2729/2643
f 1663/2725/2639 1664/2730/2644 1661/2726/2640
f 1661/2726/2640 1664/2730/2644 1660/2731/2645
f 1661/2726/2640 1660/2731/2645 1659/2732/2646
f 1659/2732/2646 1658/2733/2647 1661/2726/2640
f 1661/2726/2640 1658/2733/2647 1655/2734/2648
f 1655/2734/2648 1658/2733/2647 1656/2735/2649
f 1656/2735/2649 1658/2733/2647 1657/2736/2650
f 1548/2737/2651 1547/2738/2652 1678/2739/2653
f 1678/2739/2653 1547/2738/2652 1677/2740/2654
f 1677/2740/2654 1547/2738/2652 1696/2741/2655
f 1677/2740/2654 1696/2741/2655 1676/2742/2656
f 1676/2742/2656 1696/2741/2655 1720/2743/2657
f 1676/2742/2656 1720/2743/2657 1675/2744/2658
f 1675/2744/2658 1720/2743/2657 1742/2745/2659
f 1675/2744/2658 1742/2745/2659 1674/2746/2660
f 1674/2746/2660 1742/2745/2659 1764/2747/2661
f 1674/2746/2660 1764/2747/2661 1673/2748/2662
f 1673/2748/2662 1764/2747/2661 1786/2749/2663
f 1673/2748/2662 1786/2749/2663 1672/2750/2664
f 1672/2750/2664 1786/2749/2663 1785/2751/2665
f 1672/2750/2664 1785/2751/2665 1784/2752/2666
f 1784/2752/2666 1785/2751/2665 1762/2753/2667
f 1784/2752/2666 1762/2753/2667 1761/2754/2668
f 1761/2754/2668 1762/2753/2667 1739/2755/2669
f 1761/2754/2668 1739/2755/2669 1738/2756/2670
f 1738/2756/2670 1739/2755/2669 1716/2757/2671
f 1738/2756/2670 1716/2757/2671 1715/2758/2672
f 1715/2758/2672 1716/2757/2671 1691/2759/2673
f 1715/2758/2672 1691/2759/2673 1690/2760/2674
f 1690/2760/2674 1691/2759/2673 1547/2738/2652
f 1690/2760/2674 1547/2738/2652 1689/2761/2675
f 1689/2761/2675 1547/2738/2652 1688/2762/2676
f 1689/2761/2675 1688/2762/2676 1713/2763/2677
f 1713/2763/2677 1688/2762/2676 1712/2764/2678
f 1713/2763/2677 1712/2764/2678 1735/2765/2679
f 1735/2765/2679 1712/2764/2678 1734/2766/2680
f 1735/2765/2679 1734/2766/2680 1757/2767/2681
f 1757/2767/2681 1734/2766/2680 1756/2768/2682
f 1757/2767/2681 1756/2768/2682 1779/2769/2683
f 1779/2769/2683 1756/2768/2682 1778/2770/2684
f 1779/2769/2683 1778/2770/2684 1672/2750/2664
f 1672/2750/2664 1778/2770/2684 1777/2771/2685
f 1672/2750/2664 1777/2771/2685 1776/2772/2686
f 1776/2772/2686 1777/2771/2685 1754/2773/2687
f 1776/2772/2686 1754/2773/2687 1753/2774/2688
f 1753/2774/2688 1754/2773/2687 1731/2775/2689
f 1753/2774/2688 1731/2775/2689 1730/2776/2690
f 1730/2776/2690 1731/2775/2689 1708/2777/2691
f 1730/2776/2690 1708/2777/2691 1707/2778/2692
f 1707/2778/2692 1708/2777/2691 1683/2779/2693
f 1707/2778/2692 1683/2779/2693 1682/2780/2694
f 1682/2780/2694 1683/2779/2693 1547/2738/2652
f 1682/2780/2694 1547/2738/2652 1681/2781/2695
f 1681/2781/2695 1547/2738/2652 1680/2782/2696
f 1681/2781/2695 1680/2782/2696 1705/2783/2697
f 1705/2783/2697 1680/2782/2696 1704/2784/2698
f 1705/2783/2697 1704/2784/2698 1727/2785/2699
f 1727/2785/2699 1704/2784/2698 1726/2786/2700
f 1727/2785/2699 1726/2786/2700 1749/2787/2701
f 1749/2787/2701 1726/2786/2700 1748/2788/2702
f 1749/2787/2701 1748/2788/2702 1771/2789/2703
f 1771/2789/2703 1748/2788/2702 1770/2790/2704
f 1771/2789/2703 1770/2790/2704 1671/2791/2705
f 1671/2791/2705 1770/2790/2704 1769/2792/2706
f 1671/2791/2705 1769/2792/2706 1768/2793/2707
f 1768/2793/2707 1769/2792/2706 1746/2794/2708
f 1768/2793/2707 1746/2794/2708 1745/2795/2709
f 1745/2795/2709 1746/2794/2708 1723/2796/2710
f 1745/2795/2709 1723/2796/2710 1722/2797/2711
f 1722/2797/2711 1723/2796/2710 1700/2798/2712
f 1722/2797/2711 1700/2798/2712 1699/2799/2713
f 1699/2799/2713 1700/2798/2712 1698/2800/2714
f 1699/2799/2713 1698/2800/2714 1666/2801/2715
f 1666/2801/2715 1698/2800/2714 1665/2802/2716
f 1665/2802/2716 1698/2800/2714 1697/2803/2717
f 1665/2802/2716 1697/2803/2717 1663/2804/2718
f 1663/2804/2718 1697/2803/2717 1664/2805/2719
f 1664/2805/2719 1697/2803/2717 1660/2806/2720
f 1660/2806/2720 1697/2803/2717 1700/2798/2712
f 1660/2806/2720 1700/2798/2712 1701/2807/2721
f 1701/2807/2721 1700/2798/2712 1723/2796/2710
f 1701/2807/2721 1723/2796/2710 1724/2808/2722
f 1724/2808/2722 1723/2796/2710 1746/2794/2708
f 1724/2808/2722 1746/2794/2708 1747/2809/2723
f 1747/2809/2723 1746/2794/2708 1769/2792/2706
f 1747/2809/2723 1769/2792/2706 1770/2790/2704
f 1680/2782/2696 1547/2738/2652 1679/2810/2724
f 1679/2810/2724 1547/2738/2652 1546/2811/2725
f 1679/2810/2724 1546/2811/2725 1545/2812/2726
f 1660/2806/2720 1701/2807/2721 1545/2812/2726
f 1545/2812/2726 1701/2807/2721 1702/2813/2727
f 1545/2812/2726 1702/2813/2727 1703/2814/2728
f 1703/2814/2728 1702/2813/2727 1725/2815/2729
f 1703/2814/2728 1725/2815/2729 1726/2786/2700
f 1726/2786/2700 1725/2815/2729 1748/2788/2702
f 1663/2804/2718 1662/2816/2730 1665/2802/2716
f 1666/2801/2715 1667/2817/2731 1699/2799/2713
f 1699/2799/2713 1667/2817/2731 1721/2818/2732
f 1699/2799/2713 1721/2818/2732 1722/2797/2711
f 1722/2797/2711 1721/2818/2732 1744/2819/2733
f 1722/2797/2711 1744/2819/2733 1745/2795/2709
f 1745/2795/2709 1744/2819/2733 1767/2820/2734
f 1745/2795/2709 1767/2820/2734 1768/2793/2707
f 1768/2793/2707 1767/2820/2734 1671/2791/2705
f 1667/2817/2731 1668/2821/2735 1721/2818/2732
f 1721/2818/2732 1668/2821/2735 1743/2822/2736
f 1721/2818/2732 1743/2822/2736 1744/2819/2733
f 1744/2819/2733 1743/2822/2736 1766/2823/2737
f 1744/2819/2733 1766/2823/2737 1767/2820/2734
f 1767/2820/2734 1766/2823/2737 1671/2791/2705
f 1668/2821/2735 1669/2824/2738 1743/2822/2736
f 1743/2822/2736 1669/2824/2738 1765/2825/2739
f 1743/2822/2736 1765/2825/2739 1766/2823/2737
f 1766/2823/2737 1765/2825/2739 1671/2791/2705
f 1669/2824/2738 1670/2826/2740 1765/2825/2739
f 1765/2825/2739 1670/2826/2740 1671/2791/2705
f 1672/2750/2664 1775/2827/2741 1671/2791/2705
f 1671/2791/2705 1775/2827/2741 1774/2828/2742
f 1671/2791/2705 1774/2828/2742 1773/2829/2743
f 1773/2829/2743 1774/2828/2742 1751/2830/2744
f 1773/2829/2743 1751/2830/2744 1750/2831/2745
f 1750/2831/2745 1751/2830/2744 1728/2832/2746
f 1750/2831/2745 1728/2832/2746 1727/2785/2699
f 1727/2785/2699 1728/2832/2746 1705/2783/2697
f 1704/2784/2698 1680/2782/2696 1679/2810/2724
f 1682/2780/2694 1681/2781/2695 1706/2833/2747
f 1706/2833/2747 1681/2781/2695 1705/2783/2697
f 1706/2833/2747 1705/2783/2697 1728/2832/2746
f 1683/2779/2693 1684/2834/2748 1547/2738/2652
f 1547/2738/2652 1684/2834/2748 1685/2835/2749
f 1547/2738/2652 1685/2835/2749 1686/2836/2750
f 1686/2836/2750 1685/2835/2749 1710/2837/2751
f 1686/2836/2750 1710/2837/2751 1711/2838/2752
f 1711/2838/2752 1710/2837/2751 1733/2839/2753
f 1711/2838/2752 1733/2839/2753 1734/2766/2680
f 1734/2766/2680 1733/2839/2753 1756/2768/2682
f 1683/2779/2693 1708/2777/2691 1684/2834/2748
f 1684/2834/2748 1708/2777/2691 1709/2840/2754
f 1684/2834/2748 1709/2840/2754 1685/2835/2749
f 1685/2835/2749 1709/2840/2754 1710/2837/2751
f 1688/2762/2676 1547/2738/2652 1687/2841/2755
f 1687/2841/2755 1547/2738/2652 1686/2836/2750
f 1687/2841/2755 1686/2836/2750 1711/2838/2752
f 1712/2764/2678 1688/2762/2676 1687/2841/2755
f 1712/2764/2678 1687/2841/2755 1711/2838/2752
f 1690/2760/2674 1689/2761/2675 1714/2842/2756
f 1714/2842/2756 1689/2761/2675 1713/2763/2677
f 1714/2842/2756 1713/2763/2677 1736/2843/2757
f 1736/2843/2757 1713/2763/2677 1735/2765/2679
f 1736/2843/2757 1735/2765/2679 1758/2844/2758
f 1758/2844/2758 1735/2765/2679 1757/2767/2681
f 1758/2844/2758 1757/2767/2681 1780/2845/2759
f 1780/2845/2759 1757/2767/2681 1779/2769/2683
f 1780/2845/2759 1779/2769/2683 1672/2750/2664
f 1691/2759/2673 1692/2846/2760 1547/2738/2652
f 1547/2738/2652 1692/2846/2760 1693/2847/2761
f 1547/2738/2652 1693/2847/2761 1694/2848/2762
f 1694/2848/2762 1693/2847/2761 1718/2849/2763
f 1694/2848/2762 1718/2849/2763 1719/2850/2764
f 1719/2850/2764 1718/2849/2763 1741/2851/2765
f 1719/2850/2764 1741/2851/2765 1742/2745/2659
f 1742/2745/2659 1741/2851/2765 1764/2747/2661
f 1691/2759/2673 1716/2757/2671 1692/2846/2760
f 1692/2846/2760 1716/2757/2671 1717/2852/2766
f 1692/2846/2760 1717/2852/2766 1693/2847/2761
f 1693/2847/2761 1717/2852/2766 1718/2849/2763
f 1696/2741/2655 1547/2738/2652 1695/2853/2767
f 1695/2853/2767 1547/2738/2652 1694/2848/2762
f 1695/2853/2767 1694/2848/2762 1719/2850/2764
f 1720/2743/2657 1696/2741/2655 1695/2853/2767
f 1720/2743/2657 1695/2853/2767 1719/2850/2764
f 1697/2803/2717 1698/2800/2714 1700/2798/2712
f 1679/2810/2724 1545/2812/2726 1703/2814/2728
f 1725/2815/2729 1702/2813/2727 1724/2808/2722
f 1724/2808/2722 1702/2813/2727 1701/2807/2721
f 1726/2786/2700 1704/2784/2698 1703/2814/2728
f 1703/2814/2728 1704/2784/2698 1679/2810/2724
f 1682/2780/2694 1706/2833/2747 1707/2778/2692
f 1707/2778/2692 1706/2833/2747 1729/2854/2768
f 1707/2778/2692 1729/2854/2768 1730/2776/2690
f 1730/2776/2690 1729/2854/2768 1752/2855/2769
f 1730/2776/2690 1752/2855/2769 1753/2774/2688
f 1753/2774/2688 1752/2855/2769 1775/2827/2741
f 1753/2774/2688 1775/2827/2741 1776/2772/2686
f 1776/2772/2686 1775/2827/2741 1672/2750/2664
f 1729/2854/2768 1706/2833/2747 1728/2832/2746
f 1708/2777/2691 1731/2775/2689 1709/2840/2754
f 1709/2840/2754 1731/2775/2689 1732/2856/2770
f 1709/2840/2754 1732/2856/2770 1710/2837/2751
f 1710/2837/2751 1732/2856/2770 1733/2839/2753
f 1734/2766/2680 1712/2764/2678 1711/2838/2752
f 1690/2760/2674 1714/2842/2756 1715/2758/2672
f 1715/2758/2672 1714/2842/2756 1737/2857/2771
f 1715/2758/2672 1737/2857/2771 1738/2756/2670
f 1738/2756/2670 1737/2857/2771 1760/2858/2772
f 1738/2756/2670 1760/2858/2772 1761/2754/2668
f 1761/2754/2668 1760/2858/2772 1783/2859/2773
f 1761/2754/2668 1783/2859/2773 1784/2752/2666
f 1784/2752/2666 1783/2859/2773 1672/2750/2664
f 1737/2857/2771 1714/2842/2756 1736/2843/2757
f 1716/2757/2671 1739/2755/2669 1717/2852/2766
f 1717/2852/2766 1739/2755/2669 1740/2860/2774
f 1717/2852/2766 1740/2860/2774 1718/2849/2763
f 1718/2849/2763 1740/2860/2774 1741/2851/2765
f 1742/2745/2659 1720/2743/2657 1719/2850/2764
f 1748/2788/2702 1725/2815/2729 1747/2809/2723
f 1747/2809/2723 1725/2815/2729 1724/2808/2722
f 1750/2831/2745 1727/2785/2699 1749/2787/2701
f 1752/2855/2769 1729/2854/2768 1751/2830/2744
f 1751/2830/2744 1729/2854/2768 1728/2832/2746
f 1731/2775/2689 1754/2773/2687 1732/2856/2770
f 1732/2856/2770 1754/2773/2687 1755/2861/2775
f 1732/2856/2770 1755/2861/2775 1733/2839/2753
f 1733/2839/2753 1755/2861/2775 1756/2768/2682
f 1737/2857/2771 1736/2843/2757 1759/2862/2776
f 1759/2862/2776 1736/2843/2757 1758/2844/2758
f 1759/2862/2776 1758/2844/2758 1781/2863/2777
f 1781/2863/2777 1758/2844/2758 1780/2845/2759
f 1781/2863/2777 1780/2845/2759 1672/2750/2664
f 1739/2755/2669 1762/2753/2667 1740/2860/2774
f 1740/2860/2774 1762/2753/2667 1763/2864/2778
f 1740/2860/2774 1763/2864/2778 1741/2851/2765
f 1741/2851/2765 1763/2864/2778 1764/2747/2661
f 1770/2790/2704 1748/2788/2702 1747/2809/2723
f 1750/2831/2745 1749/2787/2701 1772/2865/2779
f 1772/2865/2779 1749/2787/2701 1771/2789/2703
f 1772/2865/2779 1771/2789/2703 1671/2791/2705
f 1775/2827/2741 1752/2855/2769 1774/2828/2742
f 1774/2828/2742 1752/2855/2769 1751/2830/2744
f 1778/2770/2684 1756/2768/2682 1755/2861/2775
f 1778/2770/2684 1755/2861/2775 1777/2771/2685
f 1777/2771/2685 1755/2861/2775 1754/2773/2687
f 1737/2857/2771 1759/2862/2776 1760/2858/2772
f 1760/2858/2772 1759/2862/2776 1782/2866/2780
f 1760/2858/2772 1782/2866/2780 1783/2859/2773
f 1783/2859/2773 1782/2866/2780 1672/2750/2664
f 1782/2866/2780 1759/2862/2776 1781/2863/2777
f 1786/2749/2663 1764/2747/2661 1763/2864/2778
f 1786/2749/2663 1763/2864/2778 1785/2751/2665
f 1785/2751/2665 1763/2864/2778 1762/2753/2667
f 1671/2791/2705 1773/2829/2743 1772/2865/2779
f 1772/2865/2779 1773/2829/2743 1750/2831/2745
f 1672/2750/2664 1782/2866/2780 1781/2863/2777
f 1788/2867/2781 1801/2868/2782 1787/2869/2783
f 1787/2869/2783 1801/2868/2782 1802/2870/2784
f 1787/2869/2783 1802/2870/2784 1803/2871/2785
f 1803/2871/2785 1802/2870/2784 1847/2872/2786
f 1803/2871/2785 1847/2872/2786 1848/2873/2787
f 1848/2873/2787 1847/2872/2786 1892/2874/2788
f 1848/2873/2787 1892/2874/2788 1893/2875/2789
f 1893/2875/2789 1892/2874/2788 1937/2876/2790
f 1893/2875/2789 1937/2876/2790 1938/2877/2791
f 1938/2877/2791 1937/2876/2790 1982/2878/2792
f 1938/2877/2791 1982/2878/2792 1983/2879/2793
f 1983/2879/2793 1982/2878/2792 1793/2880/2794
f 1983/2879/2793 1793/2880/2794 1984/2881/2795
f 1984/2881/2795 1793/2880/2794 1985/2882/2796
f 1984/2881/2795 1985/2882/2796 1940/2883/2797
f 1940/2883/2797 1985/2882/2796 1941/2884/2798
f 1940/2883/2797 1941/2884/2798 1896/2885/2799
f 1896/2885/2799 1941/2884/2798 1897/2886/2800
f 1896/2885/2799 1897/2886/2800 1852/2887/2801
f 1852/2887/2801 1897/2886/2800 1853/2888/2802
f 1852/2887/2801 1853/2888/2802 1808/2889/2803
f 1808/2889/2803 1853/2888/2802 1809/2890/2804
f 1808/2889/2803 1809/2890/2804 1787/2869/2783
f 1787/2869/2783 1809/2890/2804 1810/2891/2805
f 1787/2869/2783 1810/2891/2805 1811/2892/2806
f 1811/2892/2806 1810/2891/2805 1855/2893/2807
f 1811/2892/2806 1855/2893/2807 1856/2894/2808
f 1856/2894/2808 1855/2893/2807 1900/2895/2809
f 1856/2894/2808 1900/2895/2809 1901/2896/2810
f 1901/2896/2810 1900/2895/2809 1945/2897/2811
f 1901/2896/2810 1945/2897/2811 1946/2898/2812
f 1946/2898/2812 1945/2897/2811 1990/2899/2813
f 1946/2898/2812 1990/2899/2813 1991/2900/2814
f 1991/2900/2814 1990/2899/2813 1793/2880/2794
f 1991/2900/2814 1793/2880/2794 1992/2901/2815
f 1992/2901/2815 1793/2880/2794 1993/2902/2816
f 1992/2901/2815 1993/2902/2816 1948/2903/2817
f 1948/2903/2817 1993/2902/2816 1949/2904/2818
f 1948/2903/2817 1949/2904/2818 1904/2905/2819
f 1904/2905/2819 1949/2904/2818 1905/2906/2820
f 1904/2905/2819 1905/2906/2820 1860/2907/2821
f 1860/2907/2821 1905/2906/2820 1861/2908/2822
f 1860/2907/2821 1861/2908/2822 1816/2909/2823
f 1816/2909/2823 1861/2908/2822 1817/2910/2824
f 1816/2909/2823 1817/2910/2824 1787/2869/2783
f 1787/2869/2783 1817/2910/2824 1818/2911/2825
f 1787/2869/2783 1818/2911/2825 1819/2912/2826
f 1819/2912/2826 1818/2911/2825 1863/2913/2827
f 1819/2912/2826 1863/2913/2827 1864/2914/2828
f 1864/2914/2828 1863/2913/2827 1908/2915/2829
f 1864/2914/2828 1908/2915/2829 1909/2916/2830
f 1909/2916/2830 1908/2915/2829 1953/2917/2831
f 1909/2916/2830 1953/2917/2831 1954/2918/2832
f 1954/2918/2832 1953/2917/2831 1998/2919/2833
f 1954/2918/2832 1998/2919/2833 1999/2920/2834
f 1999/2920/2834 1998/2919/2833 1794/2921/2835
f 1999/2920/2834 1794/2921/2835 2000/2922/2836
f 2000/2922/2836 1794/2921/2835 2001/2923/2837
f 2000/2922/2836 2001/2923/2837 1956/2924/2838
f 1956/2924/2838 2001/2923/2837 1957/2925/2839
f 1956/2924/2838 1957/2925/2839 1912/2926/2840
f 1912/2926/2840 1957/2925/2839 1913/2927/2841
f 1912/2926/2840 1913/2927/2841 1868/2928/2842
f 1868/2928/2842 1913/2927/2841 1869/2929/2843
f 1868/2928/2842 1869/2929/2843 1824/2930/2844
f 1824/2930/2844 1869/2929/2843 1825/2931/2845
f 1824/2930/2844 1825/2931/2845 1800/2932/2846
f 1800/2932/2846 1825/2931/2845 1826/2933/2847
f 1800/2932/2846 1826/2933/2847 1827/2934/2848
f 1827/2934/2848 1826/2933/2847 1871/2935/2849
f 1827/2934/2848 1871/2935/2849 1872/2936/2850
f 1872/2936/2850 1871/2935/2849 1916/2937/2851
f 1872/2936/2850 1916/2937/2851 1917/2938/2852
f 1917/2938/2852 1916/2937/2851 1961/2939/2853
f 1917/2938/2852 1961/2939/2853 1962/2940/2854
f 1962/2940/2854 1961/2939/2853 2006/2941/2855
f 1962/2940/2854 2006/2941/2855 2007/2942/2856
f 2007/2942/2856 2006/2941/2855 1794/2921/2835
f 2007/2942/2856 1794/2921/2835 2008/2943/2857
f 2008/2943/2857 1794/2921/2835 2009/2944/2858
f 2008/2943/2857 2009/2944/2858 1964/2945/2859
f 1964/2945/2859 2009/2944/2858 1965/2946/2860
f 1964/2945/2859 1965/2946/2860 1920/2947/2861
f 1920/2947/2861 1965/2946/2860 1921/2948/2862
f 1920/2947/2861 1921/2948/2862 1876/2949/2863
f 1876/2949/2863 1921/2948/2862 1877/2950/2864
f 1876/2949/2863 1877/2950/2864 1832/2951/2865
f 1832/2951/2865 1877/2950/2864 1833/2952/2866
f 1832/2951/2865 1833/2952/2866 1800/2932/2846
f 1800/2932/2846 1833/2952/2866 1834/2953/2867
f 1800/2932/2846 1834/2953/2867 1835/2954/2868
f 1835/2954/2868 1834/2953/2867 1879/2955/2869
f 1835/2954/2868 1879/2955/2869 1880/2956/2870
f 1880/2956/2870 1879/2955/2869 1924/2957/2871
f 1880/2956/2870 1924/2957/2871 1925/2958/2872
f 1925/2958/2872 1924/2957/2871 1969/2959/2873
f 1925/2958/2872 1969/2959/2873 1970/2960/2874
f 1970/2960/2874 1969/2959/2873 2014/2961/2875
f 1970/2960/2874 2014/2961/2875 2015/2962/2876
f 2015/2962/2876 2014/2961/2875 1794/2921/2835
f 2015/2962/2876 1794/2921/2835 2016/2963/2877
f 2016/2963/2877 1794/2921/2835 2017/2964/2878
f 2016/2963/2877 2017/2964/2878 1972/2965/2879
f 1972/2965/2879 2017/2964/2878 1973/2966/2880
f 1972/2965/2879 1973/2966/2880 1928/2967/2881
f 1928/2967/2881 1973/2966/2880 1929/2968/2882
f 1928/2967/2881 1929/2968/2882 1884/2969/2883
f 1884/2969/2883 1929/2968/2882 1885/2970/2884
f 1884/2969/2883 1885/2970/2884 1840/2971/2885
f 1840/2971/2885 1885/2970/2884 1841/2972/2886
f 1840/2971/2885 1841/2972/2886 1800/2932/2846
f 1800/2932/2846 1841/2972/2886 1842/2973/2887
f 1800/2932/2846 1842/2973/2887 1843/2974/2888
f 1843/2974/2888 1842/2973/2887 1887/2975/2889
f 1843/2974/2888 1887/2975/2889 1888/2976/2890
f 1888/2976/2890 1887/2975/2889 1932/2977/2891
f 1888/2976/2890 1932/2977/2891 1797/2978/2892
f 1797/2978/2892 1932/2977/2891 1796/2979/2893
f 1796/2979/2893 1932/2977/2891 1976/2980/2894
f 1796/2979/2893 1976/2980/2894 1795/2981/2895
f 1795/2981/2895 1976/2980/2894 2020/2982/2896
f 1795/2981/2895 2020/2982/2896 1794/2921/2835
f 1794/2921/2835 2020/2982/2896 2019/2983/2897
f 1794/2921/2835 2019/2983/2897 2018/2984/2898
f 2018/2984/2898 2019/2983/2897 1974/2985/2899
f 2018/2984/2898 1974/2985/2899 1973/2966/2880
f 1973/2966/2880 1974/2985/2899 1929/2968/2882
f 1801/2868/2782 1788/2867/2781 1845/2986/2900
f 1845/2986/2900 1788/2867/2781 1789/2987/2901
f 1845/2986/2900 1789/2987/2901 1889/2988/2902
f 1889/2988/2902 1789/2987/2901 1790/2989/2903
f 1889/2988/2902 1790/2989/2903 1933/2990/2904
f 1933/2990/2904 1790/2989/2903 1791/2991/2905
f 1933/2990/2904 1791/2991/2905 1977/2992/2906
f 1977/2992/2906 1791/2991/2905 1792/2993/2907
f 1977/2992/2906 1792/2993/2907 1793/2880/2794
f 1794/2921/2835 1998/2919/2833 1793/2880/2794
f 1793/2880/2794 1998/2919/2833 1997/2994/2908
f 1793/2880/2794 1997/2994/2908 1996/2995/2909
f 1996/2995/2909 1997/2994/2908 1952/2996/2910
f 1996/2995/2909 1952/2996/2910 1951/2997/2911
f 1951/2997/2911 1952/2996/2910 1907/2998/2912
f 1951/2997/2911 1907/2998/2912 1906/2999/2913
f 1906/2999/2913 1907/2998/2912 1862/3000/2914
f 1906/2999/2913 1862/3000/2914 1861/2908/2822
f 1861/2908/2822 1862/3000/2914 1817/2910/2824
f 1797/2978/2892 1798/3001/2915 1888/2976/2890
f 1888/2976/2890 1798/3001/2915 1844/3002/2916
f 1888/2976/2890 1844/3002/2916 1843/2974/2888
f 1843/2974/2888 1844/3002/2916 1800/2932/2846
f 1798/3001/2915 1799/3003/2917 1844/3002/2916
f 1844/3002/2916 1799/3003/2917 1800/2932/2846
f 1824/2930/2844 1800/2932/2846 1823/3004/2918
f 1823/3004/2918 1800/2932/2846 1787/2869/2783
f 1823/3004/2918 1787/2869/2783 1822/3005/2919
f 1822/3005/2919 1787/2869/2783 1821/3006/2920
f 1822/3005/2919 1821/3006/2920 1866/3007/2921
f 1866/3007/2921 1821/3006/2920 1865/3008/2922
f 1866/3007/2921 1865/3008/2922 1910/3009/2923
f 1910/3009/2923 1865/3008/2922 1909/2916/2830
f 1910/3009/2923 1909/2916/2830 1954/2918/2832
f 1802/2870/2784 1801/2868/2782 1846/3010/2924
f 1846/3010/2924 1801/2868/2782 1845/2986/2900
f 1846/3010/2924 1845/2986/2900 1890/3011/2925
f 1890/3011/2925 1845/2986/2900 1889/2988/2902
f 1890/3011/2925 1889/2988/2902 1934/3012/2926
f 1934/3012/2926 1889/2988/2902 1933/2990/2904
f 1934/3012/2926 1933/2990/2904 1978/3013/2927
f 1978/3013/2927 1933/2990/2904 1977/2992/2906
f 1978/3013/2927 1977/2992/2906 1793/2880/2794
f 1803/2871/2785 1804/3014/2928 1787/2869/2783
f 1787/2869/2783 1804/3014/2928 1805/3015/2929
f 1787/2869/2783 1805/3015/2929 1806/3016/2930
f 1806/3016/2930 1805/3015/2929 1850/3017/2931
f 1806/3016/2930 1850/3017/2931 1851/3018/2932
f 1851/3018/2932 1850/3017/2931 1895/3019/2933
f 1851/3018/2932 1895/3019/2933 1896/2885/2799
f 1896/2885/2799 1895/3019/2933 1940/2883/2797
f 1803/2871/2785 1848/2873/2787 1804/3014/2928
f 1804/3014/2928 1848/2873/2787 1849/3020/2934
f 1804/3014/2928 1849/3020/2934 1805/3015/2929
f 1805/3015/2929 1849/3020/2934 1850/3017/2931
f 1808/2889/2803 1787/2869/2783 1807/3021/2935
f 1807/3021/2935 1787/2869/2783 1806/3016/2930
f 1807/3021/2935 1806/3016/2930 1851/3018/2932
f 1852/2887/2801 1808/2889/2803 1807/3021/2935
f 1852/2887/2801 1807/3021/2935 1851/3018/2932
f 1810/2891/2805 1809/2890/2804 1854/3022/2936
f 1854/3022/2936 1809/2890/2804 1853/2888/2802
f 1854/3022/2936 1853/2888/2802 1898/3023/2937
f 1898/3023/2937 1853/2888/2802 1897/2886/2800
f 1898/3023/2937 1897/2886/2800 1942/3024/2938
f 1942/3024/2938 1897/2886/2800 1941/2884/2798
f 1942/3024/2938 1941/2884/2798 1986/3025/2939
f 1986/3025/2939 1941/2884/2798 1985/2882/2796
f 1986/3025/2939 1985/2882/2796 1793/2880/2794
f 1811/2892/2806 1812/3026/2940 1787/2869/2783
f 1787/2869/2783 1812/3026/2940 1813/3027/2941
f 1787/2869/2783 1813/3027/2941 1814/3028/2942
f 1814/3028/2942 1813/3027/2941 1858/3029/2943
f 1814/3028/2942 1858/3029/2943 1859/3030/2944
f 1859/3030/2944 1858/3029/2943 1903/3031/2945
f 1859/3030/2944 1903/3031/2945 1904/2905/2819
f 1904/2905/2819 1903/3031/2945 1948/2903/2817
f 1811/2892/2806 1856/2894/2808 1812/3026/2940
f 1812/3026/2940 1856/2894/2808 1857/3032/2946
f 1812/3026/2940 1857/3032/2946 1813/3027/2941
f 1813/3027/2941 1857/3032/2946 1858/3029/2943
f 1816/2909/2823 1787/2869/2783 1815/3033/2947
f 1815/3033/2947 1787/2869/2783 1814/3028/2942
f 1815/3033/2947 1814/3028/2942 1859/3030/2944
f 1860/2907/2821 1816/2909/2823 1815/3033/2947
f 1860/2907/2821 1815/3033/2947 1859/3030/2944
f 1863/2913/2827 1818/2911/2825 1862/3000/2914
f 1862/3000/2914 1818/2911/2825 1817/2910/2824
f 1821/3006/2920 1787/2869/2783 1820/3034/2948
f 1820/3034/2948 1787/2869/2783 1819/2912/2826
f 1820/3034/2948 1819/2912/2826 1864/2914/2828
f 1865/3008/2922 1821/3006/2920 1820/3034/2948
f 1865/3008/2922 1820/3034/2948 1864/2914/2828
f 1868/2928/2842 1824/2930/2844 1823/3004/2918
f 1823/3004/2918 1822/3005/2919 1867/3035/2949
f 1867/3035/2949 1822/3005/2919 1866/3007/2921
f 1867/3035/2949 1866/3007/2921 1911/3036/2950
f 1911/3036/2950 1866/3007/2921 1910/3009/2923
f 1911/3036/2950 1910/3009/2923 1955/3037/2951
f 1955/3037/2951 1910/3009/2923 1954/2918/2832
f 1955/3037/2951 1954/2918/2832 1999/2920/2834
f 1826/2933/2847 1825/2931/2845 1870/3038/2952
f 1870/3038/2952 1825/2931/2845 1869/2929/2843
f 1870/3038/2952 1869/2929/2843 1914/3039/2953
f 1914/3039/2953 1869/2929/2843 1913/2927/2841
f 1914/3039/2953 1913/2927/2841 1958/3040/2954
f 1958/3040/2954 1913/2927/2841 1957/2925/2839
f 1958/3040/2954 1957/2925/2839 2002/3041/2955
f 2002/3041/2955 1957/2925/2839 2001/2923/2837
f 2002/3041/2955 2001/2923/2837 1794/2921/2835
f 1827/2934/2848 1828/3042/2956 1800/2932/2846
f 1800/2932/2846 1828/3042/2956 1829/3043/2957
f 1800/2932/2846 1829/3043/2957 1830/3044/2958
f 1830/3044/2958 1829/3043/2957 1874/3045/2959
f 1830/3044/2958 1874/3045/2959 1875/3046/2960
f 1875/3046/2960 1874/3045/2959 1919/3047/2961
f 1875/3046/2960 1919/3047/2961 1920/2947/2861
f 1920/2947/2861 1919/3047/2961 1964/2945/2859
f 1827/2934/2848 1872/2936/2850 1828/3042/2956
f 1828/3042/2956 1872/2936/2850 1873/3048/2962
f 1828/3042/2956 1873/3048/2962 1829/3043/2957
f 1829/3043/2957 1873/3048/2962 1874/3045/2959
f 1832/2951/2865 1800/2932/2846 1831/3049/2963
f 1831/3049/2963 1800/2932/2846 1830/3044/2958
f 1831/3049/2963 1830/3044/2958 1875/3046/2960
f 1876/2949/2863 1832/2951/2865 1831/3049/2963
f 1876/2949/2863 1831/3049/2963 1875/3046/2960
f 1834/2953/2867 1833/2952/2866 1878/3050/2964
f 1878/3050/2964 1833/2952/2866 1877/2950/2864
f 1878/3050/2964 1877/2950/2864 1922/3051/2965
f 1922/3051/2965 1877/2950/2864 1921/2948/2862
f 1922/3051/2965 1921/2948/2862 1966/3052/2966
f 1966/3052/2966 1921/2948/2862 1965/2946/2860
f 1966/3052/2966 1965/2946/2860 2010/3053/2967
f 2010/3053/2967 1965/2946/2860 2009/2944/2858
f 2010/3053/2967 2009/2944/2858 1794/2921/2835
f 1835/2954/2868 1836/3054/2968 1800/2932/2846
f 1800/2932/2846 1836/3054/2968 1837/3055/2969
f 1800/2932/2846 1837/3055/2969 1838/3056/2970
f 1838/3056/2970 1837/3055/2969 1882/3057/2971
f 1838/3056/2970 1882/3057/2971 1883/3058/2972
f 1883/3058/2972 1882/3057/2971 1927/3059/2973
f 1883/3058/2972 1927/3059/2973 1928/2967/2881
f 1928/2967/2881 1927/3059/2973 1972/2965/2879
f 1835/2954/2868 1880/2956/2870 1836/3054/2968
f 1836/3054/2968 1880/2956/2870 1881/3060/2974
f 1836/3054/2968 1881/3060/2974 1837/3055/2969
f 1837/3055/2969 1881/3060/2974 1882/3057/2971
f 1840/2971/2885 1800/2932/2846 1839/3061/2975
f 1839/3061/2975 1800/2932/2846 1838/3056/2970
f 1839/3061/2975 1838/3056/2970 1883/3058/2972
f 1884/2969/2883 1840/2971/2885 1839/3061/2975
f 1884/2969/2883 1839/3061/2975 1883/3058/2972
f 1842/2973/2887 1841/2972/2886 1886/3062/2976
f 1886/3062/2976 1841/2972/2886 1885/2970/2884
f 1886/3062/2976 1885/2970/2884 1930/3063/2977
f 1930/3063/2977 1885/2970/2884 1929/2968/2882
f 1930/3063/2977 1929/2968/2882 1974/2985/2899
f 1802/2870/2784 1846/3010/2924 1847/2872/2786
f 1847/2872/2786 1846/3010/2924 1891/3064/2978
f 1847/2872/2786 1891/3064/2978 1892/2874/2788
f 1892/2874/2788 1891/3064/2978 1936/3065/2979
f 1892/2874/2788 1936/3065/2979 1937/2876/2790
f 1937/2876/2790 1936/3065/2979 1981/3066/2980
f 1937/2876/2790 1981/3066/2980 1982/2878/2792
f 1982/2878/2792 1981/3066/2980 1793/2880/2794
f 1891/3064/2978 1846/3010/2924 1890/3011/2925
f 1848/2873/2787 1893/2875/2789 1849/3020/2934
f 1849/3020/2934 1893/2875/2789 1894/3067/2981
f 1849/3020/2934 1894/3067/2981 1850/3017/2931
f 1850/3017/2931 1894/3067/2981 1895/3019/2933
f 1896/2885/2799 1852/2887/2801 1851/3018/2932
f 1810/2891/2805 1854/3022/2936 1855/2893/2807
f 1855/2893/2807 1854/3022/2936 1899/3068/2982
f 1855/2893/2807 1899/3068/2982 1900/2895/2809
f 1900/2895/2809 1899/3068/2982 1944/3069/2983
f 1900/2895/2809 1944/3069/2983 1945/2897/2811
f 1945/2897/2811 1944/3069/2983 1989/3070/2984
f 1945/2897/2811 1989/3070/2984 1990/2899/2813
f 1990/2899/2813 1989/3070/2984 1793/2880/2794
f 1899/3068/2982 1854/3022/2936 1898/3023/2937
f 1856/2894/2808 1901/2896/2810 1857/3032/2946
f 1857/3032/2946 1901/2896/2810 1902/3071/2985
f 1857/3032/2946 1902/3071/2985 1858/3029/2943
f 1858/3029/2943 1902/3071/2985 1903/3031/2945
f 1904/2905/2819 1860/2907/2821 1859/3030/2944
f 1906/2999/2913 1861/2908/2822 1905/2906/2820
f 1908/2915/2829 1863/2913/2827 1907/2998/2912
f 1907/2998/2912 1863/2913/2827 1862/3000/2914
f 1909/2916/2830 1865/3008/2922 1864/2914/2828
f 1912/2926/2840 1868/2928/2842 1867/3035/2949
f 1867/3035/2949 1868/2928/2842 1823/3004/2918
f 1912/2926/2840 1867/3035/2949 1911/3036/2950
f 1826/2933/2847 1870/3038/2952 1871/2935/2849
f 1871/2935/2849 1870/3038/2952 1915/3072/2986
f 1871/2935/2849 1915/3072/2986 1916/2937/2851
f 1916/2937/2851 1915/3072/2986 1960/3073/2987
f 1916/2937/2851 1960/3073/2987 1961/2939/2853
f 1961/2939/2853 1960/3073/2987 2005/3074/2988
f 1961/2939/2853 2005/3074/2988 2006/2941/2855
f 2006/2941/2855 2005/3074/2988 1794/2921/2835
f 1915/3072/2986 1870/3038/2952 1914/3039/2953
f 1872/2936/2850 1917/2938/2852 1873/3048/2962
f 1873/3048/2962 1917/2938/2852 1918/3075/2989
f 1873/3048/2962 1918/3075/2989 1874/3045/2959
f 1874/3045/2959 1918/3075/2989 1919/3047/2961
f 1920/2947/2861 1876/2949/2863 1875/3046/2960
f 1834/2953/2867 1878/3050/2964 1879/2955/2869
f 1879/2955/2869 1878/3050/2964 1923/3076/2990
f 1879/2955/2869 1923/3076/2990 1924/2957/2871
f 1924/2957/2871 1923/3076/2990 1968/3077/2991
f 1924/2957/2871 1968/3077/2991 1969/2959/2873
f 1969/2959/2873 1968/3077/2991 2013/3078/2992
f 1969/2959/2873 2013/3078/2992 2014/2961/2875
f 2014/2961/2875 2013/3078/2992 1794/2921/2835
f 1923/3076/2990 1878/3050/2964 1922/3051/2965
f 1880/2956/2870 1925/2958/2872 1881/3060/2974
f 1881/3060/2974 1925/2958/2872 1926/3079/2993
f 1881/3060/2974 1926/3079/2993 1882/3057/2971
f 1882/3057/2971 1926/3079/2993 1927/3059/2973
f 1928/2967/2881 1884/2969/2883 1883/3058/2972
f 1842/2973/2887 1886/3062/2976 1887/2975/2889
f 1887/2975/2889 1886/3062/2976 1931/3080/2994
f 1887/2975/2889 1931/3080/2994 1932/2977/2891
f 1932/2977/2891 1931/3080/2994 1976/2980/2894
f 1931/3080/2994 1886/3062/2976 1930/3063/2977
f 1891/3064/2978 1890/3011/2925 1935/3081/2995
f 1935/3081/2995 1890/3011/2925 1934/3012/2926
f 1935/3081/2995 1934/3012/2926 1979/3082/2996
f 1979/3082/2996 1934/3012/2926 1978/3013/2927
f 1979/3082/2996 1978/3013/2927 1793/2880/2794
f 1893/2875/2789 1938/2877/2791 1894/3067/2981
f 1894/3067/2981 1938/2877/2791 1939/3083/2997
f 1894/3067/2981 1939/3083/2997 1895/3019/2933
f 1895/3019/2933 1939/3083/2997 1940/2883/2797
f 1899/3068/2982 1898/3023/2937 1943/3084/2998
f 1943/3084/2998 1898/3023/2937 1942/3024/2938
f 1943/3084/2998 1942/3024/2938 1987/3085/2999
f 1987/3085/2999 1942/3024/2938 1986/3025/2939
f 1987/3085/2999 1986/3025/2939 1793/2880/2794
f 1901/2896/2810 1946/2898/2812 1902/3071/2985
f 1902/3071/2985 1946/2898/2812 1947/3086/3000
f 1902/3071/2985 1947/3086/3000 1903/3031/2945
f 1903/3031/2945 1947/3086/3000 1948/2903/2817
f 1906/2999/2913 1905/2906/2820 1950/3087/3001
f 1950/3087/3001 1905/2906/2820 1949/2904/2818
f 1950/3087/3001 1949/2904/2818 1994/3088/3002
f 1994/3088/3002 1949/2904/2818 1993/2902/2816
f 1994/3088/3002 1993/2902/2816 1793/2880/2794
f 1953/2917/2831 1908/2915/2829 1952/2996/2910
f 1952/2996/2910 1908/2915/2829 1907/2998/2912
f 1956/2924/2838 1912/2926/2840 1911/3036/2950
f 1956/2924/2838 1911/3036/2950 1955/3037/2951
f 1915/3072/2986 1914/3039/2953 1959/3089/3003
f 1959/3089/3003 1914/3039/2953 1958/3040/2954
f 1959/3089/3003 1958/3040/2954 2003/3090/3004
f 2003/3090/3004 1958/3040/2954 2002/3041/2955
f 2003/3090/3004 2002/3041/2955 1794/2921/2835
f 1917/2938/2852 1962/2940/2854 1918/3075/2989
f 1918/3075/2989 1962/2940/2854 1963/3091/3005
f 1918/3075/2989 1963/3091/3005 1919/3047/2961
f 1919/3047/2961 1963/3091/3005 1964/2945/2859
f 1923/3076/2990 1922/3051/2965 1967/3092/3006
f 1967/3092/3006 1922/3051/2965 1966/3052/2966
f 1967/3092/3006 1966/3052/2966 2011/3093/3007
f 2011/3093/3007 1966/3052/2966 2010/3053/2967
f 2011/3093/3007 2010/3053/2967 1794/2921/2835
f 1925/2958/2872 1970/2960/2874 1926/3079/2993
f 1926/3079/2993 1970/2960/2874 1971/3094/3008
f 1926/3079/2993 1971/3094/3008 1927/3059/2973
f 1927/3059/2973 1971/3094/3008 1972/2965/2879
f 1931/3080/2994 1930/3063/2977 1975/3095/3009
f 1975/3095/3009 1930/3063/2977 1974/2985/2899
f 1975/3095/3009 1974/2985/2899 2019/2983/2897
f 1891/3064/2978 1935/3081/2995 1936/3065/2979
f 1936/3065/2979 1935/3081/2995 1980/3096/3010
f 1936/3065/2979 1980/3096/3010 1981/3066/2980
f 1981/3066/2980 1980/3096/3010 1793/2880/2794
f 1980/3096/3010 1935/3081/2995 1979/3082/2996
f 1984/2881/2795 1940/2883/2797 1939/3083/2997
f 1984/2881/2795 1939/3083/2997 1983/2879/2793
f 1983/2879/2793 1939/3083/2997 1938/2877/2791
f 1899/3068/2982 1943/3084/2998 1944/3069/2983
f 1944/3069/2983 1943/3084/2998 1988/3097/3011
f 1944/3069/2983 1988/3097/3011 1989/3070/2984
f 1989/3070/2984 1988/3097/3011 1793/2880/2794
f 1988/3097/3011 1943/3084/2998 1987/3085/2999
f 1992/2901/2815 1948/2903/2817 1947/3086/3000
f 1992/2901/2815 1947/3086/3000 1991/2900/2814
f 1991/2900/2814 1947/3086/3000 1946/2898/2812
f 1906/2999/2913 1950/3087/3001 1951/2997/2911
f 1951/2997/2911 1950/3087/3001 1995/3098/3012
f 1951/2997/2911 1995/3098/3012 1996/2995/2909
f 1996/2995/2909 1995/3098/3012 1793/2880/2794
f 1995/3098/3012 1950/3087/3001 1994/3088/3002
f 1998/2919/2833 1953/2917/2831 1997/2994/2908
f 1997/2994/2908 1953/2917/2831 1952/2996/2910
f 2000/2922/2836 1956/2924/2838 1955/3037/2951
f 2000/2922/2836 1955/3037/2951 1999/2920/2834
f 1915/3072/2986 1959/3089/3003 1960/3073/2987
f 1960/3073/2987 1959/3089/3003 2004/3099/3013
f 1960/3073/2987 2004/3099/3013 2005/3074/2988
f 2005/3074/2988 2004/3099/3013 1794/2921/2835
f 2004/3099/3013 1959/3089/3003 2003/3090/3004
f 2008/2943/2857 1964/2945/2859 1963/3091/3005
f 2008/2943/2857 1963/3091/3005 2007/2942/2856
f 2007/2942/2856 1963/3091/3005 1962/2940/2854
f 1923/3076/2990 1967/3092/3006 1968/3077/2991
f 1968/3077/2991 1967/3092/3006 2012/3100/3014
f 1968/3077/2991 2012/3100/3014 2013/3078/2992
f 2013/3078/2992 2012/3100/3014 1794/2921/2835
f 2012/3100/3014 1967/3092/3006 2011/3093/3007
f 2016/2963/2877 1972/2965/2879 1971/3094/3008
f 2016/2963/2877 1971/3094/3008 2015/2962/2876
f 2015/2962/2876 1971/3094/3008 1970/2960/2874
f 2018/2984/2898 1973/2966/2880 2017/2964/2878
f 2020/2982/2896 1976/2980/2894 1975/3095/3009
f 1975/3095/3009 1976/2980/2894 1931/3080/2994
f 2020/2982/2896 1975/3095/3009 2019/2983/2897
f 1793/2880/2794 1980/3096/3010 1979/3082/2996
f 1793/2880/2794 1988/3097/3011 1987/3085/2999
f 1793/2880/2794 1995/3098/3012 1994/3088/3002
f 1794/2921/2835 2004/3099/3013 2003/3090/3004
f 1794/2921/2835 2012/3100/3014 2011/3093/3007
f 1794/2921/2835 2018/2984/2898 2017/2964/2878
f 1793/3101/2794 2030/3102/3015 1794/3103/2835
f 1794/3103/2835 2030/3102/3015 2031/3104/3016
f 1794/3103/2835 2031/3104/3016 2032/3105/3017
f 2021/3106/3018 2023/3107/3019 1793/3101/2794
f 1793/3101/2794 2023/3107/3019 2024/3108/3020
f 1793/3101/2794 2024/3108/3020 2025/3109/3021
f 2021/3106/3018 2022/3110/3022 2023/3107/3019
f 2026/3111/3023 2029/3112/3024 2025/3109/3021
f 2025/3109/3021 2029/3112/3024 2030/3102/3015
f 2025/3109/3021 2030/3102/3015 1793/3101/2794
f 2026/3111/3023 2027/3113/3025 2029/3112/3024
f 2029/3112/3024 2027/3113/3025 2028/3114/3026
f 2033/3115/3027 2034/3116/3028 2032/3105/3017
f 2032/3105/3017 2034/3116/3028 1794/3103/2835
f 2036/3117/3029 2049/3118/3030 2035/3119/3031
f 2035/3119/3031 2049/3118/3030 2050/3120/3032
f 2035/3119/3031 2050/3120/3032 2051/3121/3033
f 2051/3121/3033 2050/3120/3032 2073/3122/3034
f 2051/3121/3033 2073/3122/3034 2074/3123/3035
f 2074/3123/3035 2073/3122/3034 2096/3124/3036
f 2074/3123/3035 2096/3124/3036 2097/3125/3037
f 2097/3125/3037 2096/3124/3036 2119/3126/3038
f 2097/3125/3037 2119/3126/3038 2120/3127/3039
f 2120/3127/3039 2119/3126/3038 2142/3128/3040
f 2120/3127/3039 2142/3128/3040 2143/3129/3041
f 2143/3129/3041 2142/3128/3040 2041/3130/3042
f 2143/3129/3041 2041/3130/3042 2144/3131/3043
f 2144/3131/3043 2041/3130/3042 2145/3132/3044
f 2144/3131/3043 2145/3132/3044 2122/3133/3045
f 2122/3133/3045 2145/3132/3044 2123/3134/3046
f 2122/3133/3045 2123/3134/3046 2100/3135/3047
f 2100/3135/3047 2123/3134/3046 2101/3136/3048
f 2100/3135/3047 2101/3136/3048 2078/3137/3049
f 2078/3137/3049 2101/3136/3048 2079/3138/3050
f 2078/3137/3049 2079/3138/3050 2056/3139/3051
f 2056/3139/3051 2079/3138/3050 2057/3140/3052
f 2056/3139/3051 2057/3140/3052 2035/3119/3031
f 2035/3119/3031 2057/3140/3052 2058/3141/3053
f 2035/3119/3031 2058/3141/3053 2059/3142/3054
f 2059/3142/3054 2058/3141/3053 2081/3143/3055
f 2059/3142/3054 2081/3143/3055 2082/3144/3056
f 2082/3144/3056 2081/3143/3055 2104/3145/3057
f 2082/3144/3056 2104/3145/3057 2105/3146/3058
f 2105/3146/3058 2104/3145/3057 2127/3147/3059
f 2105/3146/3058 2127/3147/3059 2128/3148/3060
f 2128/3148/3060 2127/3147/3059 2150/3149/3061
f 2128/3148/3060 2150/3149/3061 2151/3150/3062
f 2151/3150/3062 2150/3149/3061 2042/3151/3063
f 2151/3150/3062 2042/3151/3063 2152/3152/3064
f 2152/3152/3064 2042/3151/3063 2153/3153/3065
f 2152/3152/3064 2153/3153/3065 2130/3154/3066
f 2130/3154/3066 2153/3153/3065 2131/3155/3067
f 2130/3154/3066 2131/3155/3067 2108/3156/3068
f 2108/3156/3068 2131/3155/3067 2109/3157/3069
f 2108/3156/3068 2109/3157/3069 2086/3158/3070
f 2086/3158/3070 2109/3157/3069 2087/3159/3071
f 2086/3158/3070 2087/3159/3071 2064/3160/3072
f 2064/3160/3072 2087/3159/3071 2065/3161/3073
f 2064/3160/3072 2065/3161/3073 2048/3162/3074
f 2048/3162/3074 2065/3161/3073 2066/3163/3075
f 2048/3162/3074 2066/3163/3075 2067/3164/3076
f 2067/3164/3076 2066/3163/3075 2089/3165/3077
f 2067/3164/3076 2089/3165/3077 2090/3166/3078
f 2090/3166/3078 2089/3165/3077 2112/3167/3079
f 2090/3166/3078 2112/3167/3079 2113/3168/3080
f 2113/3168/3080 2112/3167/3079 2135/3169/3081
f 2113/3168/3080 2135/3169/3081 2136/3170/3082
f 2136/3170/3082 2135/3169/3081 2158/3171/3083
f 2136/3170/3082 2158/3171/3083 2043/3172/3084
f 2043/3172/3084 2158/3171/3083 2042/3151/3063
f 2042/3151/3063 2158/3171/3083 2157/3173/3085
f 2042/3151/3063 2157/3173/3085 2156/3174/3086
f 2156/3174/3086 2157/3173/3085 2134/3175/3087
f 2156/3174/3086 2134/3175/3087 2133/3176/3088
f 2133/3176/3088 2134/3175/3087 2111/3177/3089
f 2133/3176/3088 2111/3177/3089 2110/3178/3090
f 2110/3178/3090 2111/3177/3089 2088/3179/3091
f 2110/3178/3090 2088/3179/3091 2087/3159/3071
f 2087/3159/3071 2088/3179/3091 2065/3161/3073
f 2049/3118/3030 2036/3117/3029 2071/3180/3092
f 2071/3180/3092 2036/3117/3029 2037/3181/3093
f 2071/3180/3092 2037/3181/3093 2093/3182/3094
f 2093/3182/3094 2037/3181/3093 2038/3183/3095
f 2093/3182/3094 2038/3183/3095 2115/3184/3096
f 2115/3184/3096 2038/3183/3095 2039/3185/3097
f 2115/3184/3096 2039/3185/3097 2137/3186/3098
f 2137/3186/3098 2039/3185/3097 2040/3187/3099
f 2137/3186/3098 2040/3187/3099 2041/3130/3042
f 2042/3151/3063 2147/3188/3100 2041/3130/3042
f 2041/3130/3042 2147/3188/3100 2146/3189/3101
f 2041/3130/3042 2146/3189/3101 2145/3132/3044
f 2145/3132/3044 2146/3189/3101 2123/3134/3046
f 2043/3172/3084 2044/3190/3102 2136/3170/3082
f 2136/3170/3082 2044/3190/3102 2114/3191/3103
f 2136/3170/3082 2114/3191/3103 2113/3168/3080
f 2113/3168/3080 2114/3191/3103 2091/3192/3104
f 2113/3168/3080 2091/3192/3104 2090/3166/3078
f 2090/3166/3078 2091/3192/3104 2068/3193/3105
f 2090/3166/3078 2068/3193/3105 2067/3164/3076
f 2067/3164/3076 2068/3193/3105 2048/3162/3074
f 2044/3190/3102 2045/3194/3106 2114/3191/3103
f 2114/3191/3103 2045/3194/3106 2092/3195/3107
f 2114/3191/3103 2092/3195/3107 2091/3192/3104
f 2091/3192/3104 2092/3195/3107 2069/3196/3108
f 2091/3192/3104 2069/3196/3108 2068/3193/3105
f 2068/3193/3105 2069/3196/3108 2048/3162/3074
f 2045/3194/3106 2046/3197/3109 2092/3195/3107
f 2092/3195/3107 2046/3197/3109 2070/3198/3110
f 2092/3195/3107 2070/3198/3110 2069/3196/3108
f 2069/3196/3108 2070/3198/3110 2048/3162/3074
f 2046/3197/3109 2047/3199/3111 2070/3198/3110
f 2070/3198/3110 2047/3199/3111 2048/3162/3074
f 2035/3119/3031 2060/3200/3112 2048/3162/3074
f 2048/3162/3074 2060/3200/3112 2061/3201/3113
f 2048/3162/3074 2061/3201/3113 2062/3202/3114
f 2062/3202/3114 2061/3201/3113 2084/3203/3115
f 2062/3202/3114 2084/3203/3115 2085/3204/3116
f 2085/3204/3116 2084/3203/3115 2107/3205/3117
f 2085/3204/3116 2107/3205/3117 2108/3156/3068
f 2108/3156/3068 2107/3205/3117 2130/3154/3066
f 2050/3120/3032 2049/3118/3030 2072/3206/3118
f 2072/3206/3118 2049/3118/3030 2071/3180/3092
f 2072/3206/3118 2071/3180/3092 2094/3207/3119
f 2094/3207/3119 2071/3180/3092 2093/3182/3094
f 2094/3207/3119 2093/3182/3094 2116/3208/3120
f 2116/3208/3120 2093/3182/3094 2115/3184/3096
f 2116/3208/3120 2115/3184/3096 2138/3209/3121
f 2138/3209/3121 2115/3184/3096 2137/3186/3098
f 2138/3209/3121 2137/3186/3098 2041/3130/3042
f 2051/3121/3033 2052/3210/3122 2035/3119/3031
f 2035/3119/3031 2052/3210/3122 2053/3211/3123
f 2035/3119/3031 2053/3211/3123 2054/3212/3124
f 2054/3212/3124 2053/3211/3123 2076/3213/3125
f 2054/3212/3124 2076/3213/3125 2077/3214/3126
f 2077/3214/3126 2076/3213/3125 2099/3215/3127
f 2077/3214/3126 2099/3215/3127 2100/3135/3047
f 2100/3135/3047 2099/3215/3127 2122/3133/3045
f 2051/3121/3033 2074/3123/3035 2052/3210/3122
f 2052/3210/3122 2074/3123/3035 2075/3216/3128
f 2052/3210/3122 2075/3216/3128 2053/3211/3123
f 2053/3211/3123 2075/3216/3128 2076/3213/3125
f 2056/3139/3051 2035/3119/3031 2055/3217/3129
f 2055/3217/3129 2035/3119/3031 2054/3212/3124
f 2055/3217/3129 2054/3212/3124 2077/3214/3126
f 2078/3137/3049 2056/3139/3051 2055/3217/3129
f 2078/3137/3049 2055/3217/3129 2077/3214/3126
f 2060/3200/3112 2035/3119/3031 2059/3142/3054
f 2058/3141/3053 2057/3140/3052 2080/3218/3130
f 2080/3218/3130 2057/3140/3052 2079/3138/3050
f 2080/3218/3130 2079/3138/3050 2102/3219/3131
f 2102/3219/3131 2079/3138/3050 2101/3136/3048
f 2102/3219/3131 2101/3136/3048 2124/3220/3132
f 2124/3220/3132 2101/3136/3048 2123/3134/3046
f 2124/3220/3132 2123/3134/3046 2146/3189/3101
f 2059/3142/3054 2082/3144/3056 2060/3200/3112
f 2060/3200/3112 2082/3144/3056 2083/3221/3133
f 2060/3200/3112 2083/3221/3133 2061/3201/3113
f 2061/3201/3113 2083/3221/3133 2084/3203/3115
f 2064/3160/3072 2048/3162/3074 2063/3222/3134
f 2063/3222/3134 2048/3162/3074 2062/3202/3114
f 2063/3222/3134 2062/3202/3114 2085/3204/3116
f 2086/3158/3070 2064/3160/3072 2063/3222/3134
f 2086/3158/3070 2063/3222/3134 2085/3204/3116
f 2089/3165/3077 2066/3163/3075 2088/3179/3091
f 2088/3179/3091 2066/3163/3075 2065/3161/3073
f 2050/3120/3032 2072/3206/3118 2073/3122/3034
f 2073/3122/3034 2072/3206/3118 2095/3223/3135
f 2073/3122/3034 2095/3223/3135 2096/3124/3036
f 2096/3124/3036 2095/3223/3135 2118/3224/3136
f 2096/3124/3036 2118/3224/3136 2119/3126/3038
f 2119/3126/3038 2118/3224/3136 2141/3225/3137
f 2119/3126/3038 2141/3225/3137 2142/3128/3040
f 2142/3128/3040 2141/3225/3137 2041/3130/3042
f 2095/3223/3135 2072/3206/3118 2094/3207/3119
f 2074/3123/3035 2097/3125/3037 2075/3216/3128
f 2075/3216/3128 2097/3125/3037 2098/3226/3138
f 2075/3216/3128 2098/3226/3138 2076/3213/3125
f 2076/3213/3125 2098/3226/3138 2099/3215/3127
f 2100/3135/3047 2078/3137/3049 2077/3214/3126
f 2058/3141/3053 2080/3218/3130 2081/3143/3055
f 2081/3143/3055 2080/3218/3130 2103/3227/3139
f 2081/3143/3055 2103/3227/3139 2104/3145/3057
f 2104/3145/3057 2103/3227/3139 2126/3228/3140
f 2104/3145/3057 2126/3228/3140 2127/3147/3059
f 2127/3147/3059 2126/3228/3140 2149/3229/3141
f 2127/3147/3059 2149/3229/3141 2150/3149/3061
f 2150/3149/3061 2149/3229/3141 2042/3151/3063
f 2103/3227/3139 2080/3218/3130 2102/3219/3131
f 2082/3144/3056 2105/3146/3058 2083/3221/3133
f 2083/3221/3133 2105/3146/3058 2106/3230/3142
f 2083/3221/3133 2106/3230/3142 2084/3203/3115
f 2084/3203/3115 2106/3230/3142 2107/3205/3117
f 2108/3156/3068 2086/3158/3070 2085/3204/3116
f 2110/3178/3090 2087/3159/3071 2109/3157/3069
f 2112/3167/3079 2089/3165/3077 2111/3177/3089
f 2111/3177/3089 2089/3165/3077 2088/3179/3091
f 2095/3223/3135 2094/3207/3119 2117/3231/3143
f 2117/3231/3143 2094/3207/3119 2116/3208/3120
f 2117/3231/3143 2116/3208/3120 2139/3232/3144
f 2139/3232/3144 2116/3208/3120 2138/3209/3121
f 2139/3232/3144 2138/3209/3121 2041/3130/3042
f 2097/3125/3037 2120/3127/3039 2098/3226/3138
f 2098/3226/3138 2120/3127/3039 2121/3233/3145
f 2098/3226/3138 2121/3233/3145 2099/3215/3127
f 2099/3215/3127 2121/3233/3145 2122/3133/3045
f 2103/3227/3139 2102/3219/3131 2125/3234/3146
f 2125/3234/3146 2102/3219/3131 2124/3220/3132
f 2125/3234/3146 2124/3220/3132 2147/3188/3100
f 2147/3188/3100 2124/3220/3132 2146/3189/3101
f 2105/3146/3058 2128/3148/3060 2106/3230/3142
f 2106/3230/3142 2128/3148/3060 2129/3235/3147
f 2106/3230/3142 2129/3235/3147 2107/3205/3117
f 2107/3205/3117 2129/3235/3147 2130/3154/3066
f 2110/3178/3090 2109/3157/3069 2132/3236/3148
f 2132/3236/3148 2109/3157/3069 2131/3155/3067
f 2132/3236/3148 2131/3155/3067 2154/3237/3149
f 2154/3237/3149 2131/3155/3067 2153/3153/3065
f 2154/3237/3149 2153/3153/3065 2042/3151/3063
f 2135/3169/3081 2112/3167/3079 2134/3175/3087
f 2134/3175/3087 2112/3167/3079 2111/3177/3089
f 2095/3223/3135 2117/3231/3143 2118/3224/3136
f 2118/3224/3136 2117/3231/3143 2140/3238/3150
f 2118/3224/3136 2140/3238/3150 2141/3225/3137
f 2141/3225/3137 2140/3238/3150 2041/3130/3042
f 2140/3238/3150 2117/3231/3143 2139/3232/3144
f 2144/3131/3043 2122/3133/3045 2121/3233/3145
f 2144/3131/3043 2121/3233/3145 2143/3129/3041
f 2143/3129/3041 2121/3233/3145 2120/3127/3039
f 2103/3227/3139 2125/3234/3146 2126/3228/3140
f 2126/3228/3140 2125/3234/3146 2148/3239/3151
f 2126/3228/3140 2148/3239/3151 2149/3229/3141
f 2149/3229/3141 2148/3239/3151 2042/3151/3063
f 2148/3239/3151 2125/3234/3146 2147/3188/3100
f 2152/3152/3064 2130/3154/3066 2129/3235/3147
f 2152/3152/3064 2129/3235/3147 2151/3150/3062
f 2151/3150/3062 2129/3235/3147 2128/3148/3060
f 2110/3178/3090 2132/3236/3148 2133/3176/3088
f 2133/3176/3088 2132/3236/3148 2155/3240/3152
f 2133/3176/3088 2155/3240/3152 2156/3174/3086
f 2156/3174/3086 2155/3240/3152 2042/3151/3063
f 2155/3240/3152 2132/3236/3148 2154/3237/3149
f 2158/3171/3083 2135/3169/3081 2157/3173/3085
f 2157/3173/3085 2135/3169/3081 2134/3175/3087
f 2041/3130/3042 2140/3238/3150 2139/3232/3144
f 2042/3151/3063 2148/3239/3151 2147/3188/3100
f 2042/3151/3063 2155/3240/3152 2154/3237/3149
f 2047/3241/3153 1788/3242/3154 2048/3243/3155
f 2048/3243/3155 1788/3242/3154 1787/3244/3156
f 2048/3243/3155 1787/3244/3156 2173/3245/3157
f 1788/3242/3154 2047/3241/3153 1789/3246/3158
f 1789/3246/3158 2047/3241/3153 2046/3247/3159
f 1789/3246/3158 2046/3247/3159 1790/3248/3160
f 1790/3248/3160 2046/3247/3159 1791/3249/3161
f 1791/3249/3161 2046/3247/3159 2045/3250/3162
f 1791/3249/3161 2045/3250/3162 1792/3251/3163
f 1792/3251/3163 2045/3250/3162 2044/3252/3164
f 1792/3251/3163 2044/3252/3164 1793/3253/3165
f 1793/3253/3165 2044/3252/3164 2043/3254/3166
f 1793/3253/3165 2043/3254/3166 2042/3255/3167
f 1793/3253/3165 2042/3255/3167 2021/3256/3168
f 2021/3256/3168 2042/3255/3167 2159/3257/3169
f 2021/3256/3168 2159/3257/3169 2160/3258/3170
f 2160/3258/3170 2161/3259/3171 2021/3256/3168
f 2021/3256/3168 2161/3259/3171 2192/3260/3172
f 2192/3260/3172 2161/3259/3171 2162/3261/3173
f 2192/3260/3172 2162/3261/3173 2191/3262/3174
f 2191/3262/3174 2162/3261/3173 2163/3263/3175
f 2191/3262/3174 2163/3263/3175 2190/3264/3176
f 2190/3264/3176 2163/3263/3175 2189/3265/3177
f 2189/3265/3177 2163/3263/3175 2164/3266/3178
f 2189/3265/3177 2164/3266/3178 2188/3267/3179
f 2188/3267/3179 2164/3266/3178 2165/3268/3180
f 2188/3267/3179 2165/3268/3180 2187/3269/3181
f 2187/3269/3181 2165/3268/3180 2166/3270/3182
f 2187/3269/3181 2166/3270/3182 2186/3271/3183
f 2186/3271/3183 2166/3270/3182 2185/3272/3184
f 2185/3272/3184 2166/3270/3182 2167/3273/3185
f 2185/3272/3184 2167/3273/3185 2184/3274/3186
f 2184/3274/3186 2167/3273/3185 2168/3275/3187
f 2184/3274/3186 2168/3275/3187 2183/3276/3188
f 2183/3276/3188 2168/3275/3187 2182/3277/3189
f 2182/3277/3189 2168/3275/3187 2169/3278/3190
f 2182/3277/3189 2169/3278/3190 2181/3279/3191
f 2181/3279/3191 2169/3278/3190 2170/3280/3192
f 2181/3279/3191 2170/3280/3192 2180/3281/3193
f 2180/3281/3193 2170/3280/3192 2171/3282/3194
f 2180/3281/3193 2171/3282/3194 2172/3283/3195
f 2180/3281/3193 2172/3283/3195 2179/3284/3196
f 2179/3284/3196 2172/3283/3195 1678/3285/3197
f 2179/3284/3196 1678/3285/3197 1677/3286/3198
f 1677/3286/3198 1676/3287/3199 2179/3284/3196
f 2179/3284/3196 1676/3287/3199 2178/3288/3200
f 2178/3288/3200 1676/3287/3199 1675/3289/3201
f 2178/3288/3200 1675/3289/3201 2177/3290/3202
f 2177/3290/3202 1675/3289/3201 1674/3291/3203
f 2177/3290/3202 1674/3291/3203 2176/3292/3204
f 2176/3292/3204 1674/3291/3203 2175/3293/3205
f 2175/3293/3205 1674/3291/3203 1673/3294/3206
f 2175/3293/3205 1673/3294/3206 2174/3295/3207
f 2174/3295/3207 1673/3294/3206 1672/3296/3208
f 2174/3295/3207 1672/3296/3208 2173/3245/3157
f 2173/3245/3157 1672/3296/3208 2048/3243/3155
f 2041/3297/3042 2197/3298/3209 2042/3299/3063
f 2042/3299/3063 2197/3298/3209 2202/3300/3210
f 2042/3299/3063 2202/3300/3210 2203/3301/3211
f 2193/3302/3212 2195/3303/3213 2041/3297/3042
f 2041/3297/3042 2195/3303/3213 2196/3304/3214
f 2041/3297/3042 2196/3304/3214 2197/3298/3209
f 2193/3302/3212 2194/3305/3215 2195/3303/3213
f 2197/3298/3209 2198/3306/3216 2202/3300/3210
f 2202/3300/3210 2198/3306/3216 2201/3307/3217
f 2201/3307/3217 2198/3306/3216 2199/3308/3218
f 2201/3307/3217 2199/3308/3218 2200/3309/3219
f 2203/3301/3211 2204/3310/3220 2042/3299/3063
f 2042/3299/3063 2204/3310/3220 2159/3311/3221
f 2159/3311/3221 2204/3310/3220 2205/3312/3222
f 2207/3313/3223 2212/3314/3224 2206/3315/3225
f 2206/3315/3225 2212/3314/3224 2213/3316/3226
f 2206/3315/3225 2213/3316/3226 2214/3317/3227
f 2214/3317/3227 2213/3316/3226 2219/3318/3228
f 2214/3317/3227 2219/3318/3228 2220/3319/3229
f 2220/3319/3229 2219/3318/3228 2225/3320/3230
f 2220/3319/3229 2225/3320/3230 2226/3321/3231
f 2226/3321/3231 2225/3320/3230 2231/3322/3232
f 2226/3321/3231 2231/3322/3232 2191/3323/3233
f 2191/3323/3233 2231/3322/3232 2192/3324/3234
f 2192/3324/3234 2231/3322/3232 2236/3325/3235
f 2192/3324/3234 2236/3325/3235 2021/3326/3018
f 2021/3326/3018 2236/3325/3235 2235/3327/3236
f 2021/3326/3018 2235/3327/3236 2234/3328/3237
f 2234/3328/3237 2235/3327/3236 2229/3329/3238
f 2234/3328/3237 2229/3329/3238 2228/3330/3239
f 2228/3330/3239 2229/3329/3238 2223/3331/3240
f 2228/3330/3239 2223/3331/3240 2222/3332/3241
f 2222/3332/3241 2223/3331/3240 2217/3333/3242
f 2222/3332/3241 2217/3333/3242 2208/3334/3243
f 2208/3334/3243 2217/3333/3242 2207/3313/3223
f 2207/3313/3223 2217/3333/3242 2212/3314/3224
f 2208/3334/3243 2209/3335/3244 2222/3332/3241
f 2222/3332/3241 2209/3335/3244 2227/3336/3245
f 2222/3332/3241 2227/3336/3245 2228/3330/3239
f 2228/3330/3239 2227/3336/3245 2233/3337/3246
f 2228/3330/3239 2233/3337/3246 2234/3328/3237
f 2234/3328/3237 2233/3337/3246 2022/3338/3022
f 2234/3328/3237 2022/3338/3022 2021/3326/3018
f 2209/3335/3244 2210/3339/3247 2227/3336/3245
f 2227/3336/3245 2210/3339/3247 2232/3340/3248
f 2227/3336/3245 2232/3340/3248 2233/3337/3246
f 2233/3337/3246 2232/3340/3248 2022/3338/3022
f 2210/3339/3247 2211/3341/3249 2232/3340/3248
f 2232/3340/3248 2211/3341/3249 2022/3338/3022
f 2191/3323/3233 2190/3342/3250 2226/3321/3231
f 2226/3321/3231 2190/3342/3250 2221/3343/3251
f 2226/3321/3231 2221/3343/3251 2220/3319/3229
f 2220/3319/3229 2221/3343/3251 2215/3344/3252
f 2220/3319/3229 2215/3344/3252 2214/3317/3227
f 2214/3317/3227 2215/3344/3252 2187/3345/3253
f 2214/3317/3227 2187/3345/3253 2206/3315/3225
f 2190/3342/3250 2189/3346/3254 2221/3343/3251
f 2221/3343/3251 2189/3346/3254 2216/3347/3255
f 2221/3343/3251 2216/3347/3255 2215/3344/3252
f 2215/3344/3252 2216/3347/3255 2187/3345/3253
f 2189/3346/3254 2188/3348/3256 2216/3347/3255
f 2216/3347/3255 2188/3348/3256 2187/3345/3253
f 2213/3316/3226 2212/3314/3224 2218/3349/3257
f 2218/3349/3257 2212/3314/3224 2217/3333/3242
f 2218/3349/3257 2217/3333/3242 2223/3331/3240
f 2213/3316/3226 2218/3349/3257 2219/3318/3228
f 2219/3318/3228 2218/3349/3257 2224/3350/3258
f 2219/3318/3228 2224/3350/3258 2225/3320/3230
f 2225/3320/3230 2224/3350/3258 2230/3351/3259
f 2225/3320/3230 2230/3351/3259 2231/3322/3232
f 2231/3322/3232 2230/3351/3259 2236/3325/3235
f 2224/3350/3258 2218/3349/3257 2223/3331/3240
f 2230/3351/3259 2224/3350/3258 2229/3329/3238
f 2229/3329/3238 2224/3350/3258 2223/3331/3240
f 2236/3325/3235 2230/3351/3259 2235/3327/3236
f 2235/3327/3236 2230/3351/3259 2229/3329/3238
f 2237/3352/3260 2249/3353/3261 2033/3354/3027
f 2033/3354/3027 2249/3353/3261 2250/3355/3262
f 2033/3354/3027 2250/3355/3262 2251/3356/3263
f 2251/3356/3263 2250/3355/3262 2256/3357/3264
f 2251/3356/3263 2256/3357/3264 2257/3358/3265
f 2257/3358/3265 2256/3357/3264 2262/3359/3266
f 2257/3358/3265 2262/3359/3266 2263/3360/3267
f 2263/3360/3267 2262/3359/3266 2268/3361/3268
f 2263/3360/3267 2268/3361/3268 2245/3362/3269
f 2245/3362/3269 2268/3361/3268 2244/3363/3270
f 2244/3363/3270 2268/3361/3268 2273/3364/3271
f 2244/3363/3270 2273/3364/3271 2243/3365/3272
f 2243/3365/3272 2273/3364/3271 2272/3366/3273
f 2243/3365/3272 2272/3366/3273 2271/3367/3274
f 2271/3367/3274 2272/3366/3273 2266/3368/3275
f 2271/3367/3274 2266/3368/3275 2265/3369/3276
f 2265/3369/3276 2266/3368/3275 2260/3370/3277
f 2265/3369/3276 2260/3370/3277 2259/3371/3278
f 2259/3371/3278 2260/3370/3277 2254/3372/3279
f 2259/3371/3278 2254/3372/3279 2238/3373/3280
f 2238/3373/3280 2254/3372/3279 2237/3352/3260
f 2237/3352/3260 2254/3372/3279 2249/3353/3261
f 2238/3373/3280 2239/3374/3281 2259/3371/3278
f 2259/3371/3278 2239/3374/3281 2264/3375/3282
f 2259/3371/3278 2264/3375/3282 2265/3369/3276
f 2265/3369/3276 2264/3375/3282 2270/3376/3283
f 2265/3369/3276 2270/3376/3283 2271/3367/3274
f 2271/3367/3274 2270/3376/3283 2242/3377/3284
f 2271/3367/3274 2242/3377/3284 2243/3365/3272
f 2239/3374/3281 2240/3378/3285 2264/3375/3282
f 2264/3375/3282 2240/3378/3285 2269/3379/3286
f 2264/3375/3282 2269/3379/3286 2270/3376/3283
f 2270/3376/3283 2269/3379/3286 2242/3377/3284
f 2240/3378/3285 2241/3380/3287 2269/3379/3286
f 2269/3379/3286 2241/3380/3287 2242/3377/3284
f 2245/3362/3269 2246/3381/3288 2263/3360/3267
f 2263/3360/3267 2246/3381/3288 2258/3382/3289
f 2263/3360/3267 2258/3382/3289 2257/3358/3265
f 2257/3358/3265 2258/3382/3289 2252/3383/3290
f 2257/3358/3265 2252/3383/3290 2251/3356/3263
f 2251/3356/3263 2252/3383/3290 2034/3384/3028
f 2251/3356/3263 2034/3384/3028 2033/3354/3027
f 2246/3381/3288 2247/3385/3291 2258/3382/3289
f 2258/3382/3289 2247/3385/3291 2253/3386/3292
f 2258/3382/3289 2253/3386/3292 2252/3383/3290
f 2252/3383/3290 2253/3386/3292 2034/3384/3028
f 2247/3385/3291 2248/3387/3293 2253/3386/3292
f 2253/3386/3292 2248/3387/3293 2034/3384/3028
f 2250/3355/3262 2249/3353/3261 2255/3388/3294
f 2255/3388/3294 2249/3353/3261 2254/3372/3279
f 2255/3388/3294 2254/3372/3279 2260/3370/3277
f 2250/3355/3262 2255/3388/3294 2256/3357/3264
f 2256/3357/3264 2255/3388/3294 2261/3389/3295
f 2256/3357/3264 2261/3389/3295 2262/3359/3266
f 2262/3359/3266 2261/3389/3295 2267/3390/3296
f 2262/3359/3266 2267/3390/3296 2268/3361/3268
f 2268/3361/3268 2267/3390/3296 2273/3364/3271
f 2261/3389/3295 2255/3388/3294 2260/3370/3277
f 2267/3390/3296 2261/3389/3295 2266/3368/3275
f 2266/3368/3275 2261/3389/3295 2260/3370/3277
f 2273/3364/3271 2267/3390/3296 2272/3366/3273
f 2272/3366/3273 2267/3390/3296 2266/3368/3275
f 2242/3391/3284 2299/3392/3297 2243/3393/3298
f 2243/3393/3298 2299/3392/3297 2276/3394/3299
f 2243/3393/3298 2276/3394/3299 2277/3395/3300
f 2274/3396/3301 2306/3397/3302 2242/3391/3284
f 2242/3391/3284 2306/3397/3302 2307/3398/3303
f 2242/3391/3284 2307/3398/3303 2308/3399/3304
f 2275/3400/3305 2289/3401/3306 2274/3396/3301
f 2274/3396/3301 2289/3401/3306 2323/3402/3307
f 2274/3396/3301 2323/3402/3307 2300/3403/3308
f 2243/3393/3298 2282/3404/3309 2275/3400/3305
f 2275/3400/3305 2282/3404/3309 2283/3405/3310
f 2275/3400/3305 2283/3405/3310 2284/3406/3311
f 2277/3395/3300 2278/3407/3312 2243/3393/3298
f 2243/3393/3298 2278/3407/3312 2279/3408/3313
f 2243/3393/3298 2279/3408/3313 2280/3409/3314
f 2280/3409/3314 2281/3410/3315 2243/3393/3298
f 2243/3393/3298 2281/3410/3315 2282/3404/3309
f 2284/3406/3311 2285/3411/3316 2275/3400/3305
f 2275/3400/3305 2285/3411/3316 2286/3412/3317
f 2275/3400/3305 2286/3412/3317 2287/3413/3318
f 2287/3413/3318 2288/3414/3319 2275/3400/3305
f 2275/3400/3305 2288/3414/3319 2289/3401/3306
f 2323/3402/3307 2289/3401/3306 2322/3415/3320
f 2322/3415/3320 2289/3401/3306 2290/3416/3321
f 2322/3415/3320 2290/3416/3321 2291/3417/3322
f 2322/3415/3320 2291/3417/3322 2321/3418/3323
f 2321/3418/3323 2291/3417/3322 2292/3419/3324
f 2321/3418/3323 2292/3419/3324 2320/3420/3325
f 2320/3420/3325 2292/3419/3324 2293/3421/3326
f 2320/3420/3325 2293/3421/3326 2319/3422/3327
f 2319/3422/3327 2293/3421/3326 2294/3423/3328
f 2319/3422/3327 2294/3423/3328 2318/3424/3329
f 2318/3424/3329 2294/3423/3328 2317/3425/3330
f 2317/3425/3330 2294/3423/3328 2295/3426/3331
f 2317/3425/3330 2295/3426/3331 2316/3427/3332
f 2316/3427/3332 2295/3426/3331 2296/3428/3333
f 2316/3427/3332 2296/3428/3333 2315/3429/3334
f 2315/3429/3334 2296/3428/3333 2297/3430/3335
f 2315/3429/3334 2297/3430/3335 2314/3431/3336
f 2314/3431/3336 2297/3430/3335 2298/3432/3337
f 2314/3431/3336 2298/3432/3337 2299/3392/3297
f 2300/3403/3308 2301/3433/3338 2274/3396/3301
f 2274/3396/3301 2301/3433/3338 2302/3434/3339
f 2274/3396/3301 2302/3434/3339 2303/3435/3340
f 2303/3435/3340 2304/3436/3341 2274/3396/3301
f 2274/3396/3301 2304/3436/3341 2305/3437/3342
f 2274/3396/3301 2305/3437/3342 2306/3397/3302
f 2308/3399/3304 2309/3438/3343 2242/3391/3284
f 2242/3391/3284 2309/3438/3343 2310/3439/3344
f 2242/3391/3284 2310/3439/3344 2311/3440/3345
f 2311/3440/3345 2312/3441/3346 2242/3391/3284
f 2242/3391/3284 2312/3441/3346 2313/3442/3347
f 2242/3391/3284 2313/3442/3347 2299/3392/3297
f 2299/3392/3297 2313/3442/3347 2314/3431/3336
f 2028/3443/3026 2027/3444/3025 2336/3445/3348
f 2336/3445/3348 2027/3444/3025 2324/3446/3349
f 2336/3445/3348 2324/3446/3349 2337/3447/3350
f 2337/3447/3350 2324/3446/3349 2325/3448/3351
f 2337/3447/3350 2325/3448/3351 2338/3449/3352
f 2338/3449/3352 2325/3448/3351 2326/3450/3353
f 2338/3449/3352 2326/3450/3353 2339/3451/3354
f 2339/3451/3354 2326/3450/3353 2327/3452/3355
f 2339/3451/3354 2327/3452/3355 2340/3453/3356
f 2340/3453/3356 2327/3452/3355 2328/3454/3357
f 2340/3453/3356 2328/3454/3357 2329/3455/3358
f 2329/3455/3358 2330/3456/3359 2340/3453/3356
f 2340/3453/3356 2330/3456/3359 2331/3457/3360
f 2340/3453/3356 2331/3457/3360 2339/3451/3354
f 2339/3451/3354 2331/3457/3360 2332/3458/3361
f 2339/3451/3354 2332/3458/3361 2338/3449/3352
f 2338/3449/3352 2332/3458/3361 2333/3459/3362
f 2338/3449/3352 2333/3459/3362 2337/3447/3350
f 2337/3447/3350 2333/3459/3362 2334/3460/3363
f 2337/3447/3350 2334/3460/3363 2336/3445/3348
f 2336/3445/3348 2334/3460/3363 2335/3461/3364
f 2336/3445/3348 2335/3461/3364 2028/3443/3026
f 2329/3462/3358 2341/3463/3365 2330/3464/3366
f 2330/3464/3366 2341/3463/3365 2342/3465/3367
f 2200/3466/3219 2199/3467/3218 2354/3468/3368
f 2354/3468/3368 2199/3467/3218 2343/3469/3369
f 2354/3468/3368 2343/3469/3369 2353/3470/3370
f 2353/3470/3370 2343/3469/3369 2344/3471/3371
f 2353/3470/3370 2344/3471/3371 2352/3472/3372
f 2352/3472/3372 2344/3471/3371 2345/3473/3373
f 2352/3472/3372 2345/3473/3373 2351/3474/3374
f 2351/3474/3374 2345/3473/3373 2346/3475/3375
f 2351/3474/3374 2346/3475/3375 2350/3476/3376
f 2350/3476/3376 2346/3475/3375 2347/3477/3377
f 2350/3476/3376 2347/3477/3377 2349/3478/3378
f 2349/3478/3378 2347/3477/3377 2348/3479/3379
f 2347/3480/3380 2331/3481/3381 2348/3482/3382
f 2348/3482/3382 2331/3481/3381 2330/3483/3383
f 2348/3482/3382 2330/3483/3383 2369/3484/3384
f 2369/3484/3384 2330/3483/3383 2342/3485/3385
f 2369/3484/3384 2342/3485/3385 2355/3486/3386
f 2331/3481/3381 2347/3480/3380 2332/3487/3387
f 2332/3487/3387 2347/3480/3380 2346/3488/3388
f 2332/3487/3387 2346/3488/3388 2333/3489/3389
f 2333/3489/3389 2346/3488/3388 2345/3490/3390
f 2333/3489/3389 2345/3490/3390 2334/3491/3391
f 2334/3491/3391 2345/3490/3390 2344/3492/3392
f 2334/3491/3391 2344/3492/3392 2335/3493/3393
f 2335/3493/3393 2344/3492/3392 2343/3494/3394
f 2335/3493/3393 2343/3494/3394 2028/3495/3395
f 2028/3495/3395 2343/3494/3394 2199/3496/3396
f 2028/3495/3395 2199/3496/3396 2198/3497/3397
f 2198/3497/3397 2029/3498/3398 2028/3495/3395
f 2369/3484/3384 2355/3486/3386 2368/3499/3399
f 2368/3499/3399 2355/3486/3386 2356/3500/3400
f 2368/3499/3399 2356/3500/3400 2367/3501/3401
f 2367/3501/3401 2356/3500/3400 2357/3502/3402
f 2367/3501/3401 2357/3502/3402 2366/3503/3403
f 2366/3503/3403 2357/3502/3402 2358/3504/3404
f 2366/3503/3403 2358/3504/3404 2365/3505/3405
f 2365/3505/3405 2358/3504/3404 2359/3506/3406
f 2365/3505/3405 2359/3506/3406 2364/3507/3407
f 2364/3507/3407 2359/3506/3406 2360/3508/3408
f 2364/3507/3407 2360/3508/3408 2363/3509/3409
f 2363/3509/3409 2360/3508/3408 2361/3510/3410
f 2363/3509/3409 2361/3510/3410 2362/3511/3411
f 2370/3512/3412 2382/3513/3413 2193/3514/3212
f 2193/3514/3212 2382/3513/3413 2383/3515/3414
f 2193/3514/3212 2383/3515/3414 2194/3516/3215
f 2194/3516/3215 2383/3515/3414 2381/3517/3415
f 2381/3517/3415 2383/3515/3414 2380/3518/3416
f 2380/3518/3416 2383/3515/3414 2385/3519/3417
f 2380/3518/3416 2385/3519/3417 2379/3520/3418
f 2379/3520/3418 2385/3519/3417 2387/3521/3419
f 2379/3520/3418 2387/3521/3419 2378/3522/3420
f 2378/3522/3420 2387/3521/3419 2389/3523/3421
f 2378/3522/3420 2389/3523/3421 2377/3524/3422
f 2377/3524/3422 2389/3523/3421 2391/3525/3423
f 2377/3524/3422 2391/3525/3423 2376/3526/3424
f 2376/3526/3424 2391/3525/3423 2390/3527/3425
f 2376/3526/3424 2390/3527/3425 2375/3528/3426
f 2375/3528/3426 2390/3527/3425 2374/3529/3427
f 2374/3529/3427 2390/3527/3425 2373/3530/3428
f 2373/3530/3428 2390/3527/3425 2388/3531/3429
f 2373/3530/3428 2388/3531/3429 2372/3532/3430
f 2372/3532/3430 2388/3531/3429 2386/3533/3431
f 2372/3532/3430 2386/3533/3431 2371/3534/3432
f 2371/3534/3432 2386/3533/3431 2384/3535/3433
f 2371/3534/3432 2384/3535/3433 2370/3512/3412
f 2370/3512/3412 2384/3535/3433 2382/3513/3413
f 2385/3519/3417 2383/3515/3414 2382/3513/3413
f 2385/3519/3417 2382/3513/3413 2384/3535/3433
f 2387/3521/3419 2385/3519/3417 2384/3535/3433
f 2387/3521/3419 2384/3535/3433 2386/3533/3431
f 2389/3523/3421 2387/3521/3419 2386/3533/3431
f 2389/3523/3421 2386/3533/3431 2388/3531/3429
f 2391/3525/3423 2389/3523/3421 2388/3531/3429
f 2391/3525/3423 2388/3531/3429 2390/3527/3425
f 2193/3536/3434 2041/3537/3435 1794/3538/3436
f 1794/3538/3436 2041/3537/3435 2040/3539/3437
f 1794/3538/3436 2040/3539/3437 2039/3540/3438
f 1794/3538/3436 2039/3540/3438 1795/3541/3439
f 1795/3541/3439 2039/3540/3438 2038/3542/3440
f 1795/3541/3439 2038/3542/3440 1796/3543/3441
f 1796/3543/3441 2038/3542/3440 2037/3544/3442
f 1796/3543/3441 2037/3544/3442 1797/3545/3443
f 1797/3545/3443 2037/3544/3442 1798/3546/3444
f 1798/3546/3444 2037/3544/3442 2036/3547/3445
f 1798/3546/3444 2036/3547/3445 1799/3548/3446
f 1799/3548/3446 2036/3547/3445 2035/3549/3447
f 1799/3548/3446 2035/3549/3447 1800/3550/3448
f 1800/3550/3448 2035/3549/3447 1671/3551/3449
f 1800/3550/3448 1671/3551/3449 2411/3552/3450
f 2411/3552/3450 1671/3551/3449 2410/3553/3451
f 2410/3553/3451 1671/3551/3449 1670/3554/3452
f 2410/3553/3451 1670/3554/3452 2409/3555/3453
f 2409/3555/3453 1670/3554/3452 1669/3556/3454
f 2409/3555/3453 1669/3556/3454 2408/3557/3455
f 2408/3557/3455 1669/3556/3454 2407/3558/3456
f 2407/3558/3456 1669/3556/3454 1668/3559/3457
f 2407/3558/3456 1668/3559/3457 2406/3560/3458
f 2406/3560/3458 1668/3559/3457 1667/3561/3459
f 2406/3560/3458 1667/3561/3459 2405/3562/3460
f 2405/3562/3460 1667/3561/3459 1666/3563/3461
f 2405/3562/3460 1666/3563/3461 1665/3564/3462
f 2405/3562/3460 1665/3564/3462 2404/3565/3463
f 2404/3565/3463 1665/3564/3462 2392/3566/3464
f 2404/3565/3463 2392/3566/3464 2393/3567/3465
f 2393/3567/3465 2394/3568/3466 2404/3565/3463
f 2404/3565/3463 2394/3568/3466 2403/3569/3467
f 2403/3569/3467 2394/3568/3466 2395/3570/3468
f 2403/3569/3467 2395/3570/3468 2402/3571/3469
f 2402/3571/3469 2395/3570/3468 2396/3572/3470
f 2402/3571/3469 2396/3572/3470 2401/3573/3471
f 2401/3573/3471 2396/3572/3470 2400/3574/3472
f 2400/3574/3472 2396/3572/3470 2397/3575/3473
f 2400/3574/3472 2397/3575/3473 2399/3576/3474
f 2399/3576/3474 2397/3575/3473 2398/3577/3475
f 2399/3576/3474 2398/3577/3475 2275/3578/3476
f 2275/3578/3476 2398/3577/3475 2375/3579/3477
f 2275/3578/3476 2375/3579/3477 2243/3580/3478
f 2243/3580/3478 2375/3579/3477 2244/3581/3479
f 2244/3581/3479 2375/3579/3477 2374/3582/3480
f 2244/3581/3479 2374/3582/3480 2245/3583/3481
f 2245/3583/3481 2374/3582/3480 2373/3584/3482
f 2245/3583/3481 2373/3584/3482 2246/3585/3483
f 2246/3585/3483 2373/3584/3482 2247/3586/3484
f 2247/3586/3484 2373/3584/3482 2372/3587/3485
f 2247/3586/3484 2372/3587/3485 2248/3588/3486
f 2248/3588/3486 2372/3587/3485 2371/3589/3487
f 2248/3588/3486 2371/3589/3487 2034/3590/3488
f 2034/3590/3488 2371/3589/3487 2370/3591/3489
f 2034/3590/3488 2370/3591/3489 2193/3536/3434
f 2034/3590/3488 2193/3536/3434 1794/3538/3436
f 2164/3592/3490 2418/3593/3491 2165/3594/3492
f 2165/3594/3492 2418/3593/3491 2419/3595/3493
f 2165/3594/3492 2419/3595/3493 2417/3596/3494
f 2417/3596/3494 2419/3595/3493 2416/3597/3495
f 2416/3597/3495 2419/3595/3493 2415/3598/3496
f 2415/3598/3496 2419/3595/3493 2421/3599/3497
f 2415/3598/3496 2421/3599/3497 2414/3600/3498
f 2414/3600/3498 2421/3599/3497 2423/3601/3499
f 2414/3600/3498 2423/3601/3499 2413/3602/3500
f 2413/3602/3500 2423/3601/3499 2425/3603/3501
f 2413/3602/3500 2425/3603/3501 2412/3604/3502
f 2412/3604/3502 2425/3603/3501 2427/3605/3503
f 2412/3604/3502 2427/3605/3503 2205/3606/3222
f 2205/3606/3222 2427/3605/3503 2426/3607/3504
f 2205/3606/3222 2426/3607/3504 2159/3608/3221
f 2159/3608/3221 2426/3607/3504 2160/3609/3505
f 2160/3609/3505 2426/3607/3504 2161/3610/3506
f 2161/3610/3506 2426/3607/3504 2424/3611/3507
f 2161/3610/3506 2424/3611/3507 2162/3612/3508
f 2162/3612/3508 2424/3611/3507 2422/3613/3509
f 2162/3612/3508 2422/3613/3509 2163/3614/3510
f 2163/3614/3510 2422/3613/3509 2420/3615/3511
f 2163/3614/3510 2420/3615/3511 2164/3592/3490
f 2164/3592/3490 2420/3615/3511 2418/3593/3491
f 2421/3599/3497 2419/3595/3493 2418/3593/3491
f 2421/3599/3497 2418/3593/3491 2420/3615/3511
f 2423/3601/3499 2421/3599/3497 2420/3615/3511
f 2423/3601/3499 2420/3615/3511 2422/3613/3509
f 2425/3603/3501 2423/3601/3499 2422/3613/3509
f 2425/3603/3501 2422/3613/3509 2424/3611/3507
f 2427/3605/3503 2425/3603/3501 2424/3611/3507
f 2427/3605/3503 2424/3611/3507 2426/3607/3504
f 2416/3616/3512 2207/3617/3513 2417/3618/3514
f 2417/3618/3514 2207/3617/3513 2206/3619/3515
f 2417/3618/3514 2206/3619/3515 2443/3620/3516
f 2443/3620/3516 2206/3619/3515 2428/3621/3517
f 2443/3620/3516 2428/3621/3517 2429/3622/3518
f 2207/3617/3513 2416/3616/3512 2208/3623/3519
f 2208/3623/3519 2416/3616/3512 2415/3624/3520
f 2208/3623/3519 2415/3624/3520 2209/3625/3521
f 2209/3625/3521 2415/3624/3520 2414/3626/3522
f 2209/3625/3521 2414/3626/3522 2210/3627/3523
f 2210/3627/3523 2414/3626/3522 2413/3628/3524
f 2210/3627/3523 2413/3628/3524 2211/3629/3525
f 2211/3629/3525 2413/3628/3524 2412/3630/3526
f 2211/3629/3525 2412/3630/3526 2022/3631/3527
f 2022/3631/3527 2412/3630/3526 2205/3632/3528
f 2022/3631/3527 2205/3632/3528 2204/3633/3529
f 2204/3633/3529 2023/3634/3530 2022/3631/3527
f 2443/3620/3516 2429/3622/3518 2442/3635/3531
f 2442/3635/3531 2429/3622/3518 2430/3636/3532
f 2442/3635/3531 2430/3636/3532 2441/3637/3533
f 2441/3637/3533 2430/3636/3532 2431/3638/3534
f 2441/3637/3533 2431/3638/3534 2440/3639/3535
f 2440/3639/3535 2431/3638/3534 2432/3640/3536
f 2440/3639/3535 2432/3640/3536 2439/3641/3537
f 2439/3641/3537 2432/3640/3536 2433/3642/3538
f 2439/3641/3537 2433/3642/3538 2438/3643/3539
f 2438/3643/3539 2433/3642/3538 2434/3644/3540
f 2438/3643/3539 2434/3644/3540 2437/3645/3541
f 2437/3645/3541 2434/3644/3540 2435/3646/3542
f 2437/3645/3541 2435/3646/3542 2436/3647/3543
f 2201/3648/3544 2200/3649/3545 2027/3650/3546
f 2027/3650/3546 2200/3649/3545 2354/3651/3547
f 2027/3650/3546 2354/3651/3547 2324/3652/3548
f 2324/3652/3548 2354/3651/3547 2353/3653/3549
f 2324/3652/3548 2353/3653/3549 2325/3654/3550
f 2325/3654/3550 2353/3653/3549 2352/3655/3551
f 2325/3654/3550 2352/3655/3551 2326/3656/3552
f 2326/3656/3552 2352/3655/3551 2351/3657/3553
f 2326/3656/3552 2351/3657/3553 2327/3658/3554
f 2327/3658/3554 2351/3657/3553 2350/3659/3555
f 2327/3658/3554 2350/3659/3555 2328/3660/3556
f 2328/3660/3556 2350/3659/3555 2349/3661/3557
f 2328/3660/3556 2349/3661/3557 2329/3662/3558
f 2329/3662/3558 2349/3661/3557 2341/3663/3559
f 2341/3663/3559 2349/3661/3557 2444/3664/3560
f 2341/3663/3559 2444/3664/3560 2458/3665/3561
f 2458/3665/3561 2444/3664/3560 2445/3666/3562
f 2458/3665/3561 2445/3666/3562 2457/3667/3563
f 2457/3667/3563 2445/3666/3562 2446/3668/3564
f 2457/3667/3563 2446/3668/3564 2456/3669/3565
f 2456/3669/3565 2446/3668/3564 2447/3670/3566
f 2456/3669/3565 2447/3670/3566 2455/3671/3567
f 2455/3671/3567 2447/3670/3566 2448/3672/3568
f 2455/3671/3567 2448/3672/3568 2454/3673/3569
f 2454/3673/3569 2448/3672/3568 2449/3674/3570
f 2454/3673/3569 2449/3674/3570 2453/3675/3571
f 2453/3675/3571 2449/3674/3570 2450/3676/3572
f 2453/3675/3571 2450/3676/3572 2452/3677/3573
f 2452/3677/3573 2450/3676/3572 2451/3678/3574
f 2027/3650/3546 2026/3679/3575 2201/3648/3544
f 2195/3680/3576 2194/3681/3577 2033/3682/3578
f 2033/3682/3578 2194/3681/3577 2381/3683/3579
f 2033/3682/3578 2381/3683/3579 2237/3684/3580
f 2237/3684/3580 2381/3683/3579 2380/3685/3581
f 2237/3684/3580 2380/3685/3581 2238/3686/3582
f 2238/3686/3582 2380/3685/3581 2379/3687/3583
f 2238/3686/3582 2379/3687/3583 2239/3688/3584
f 2239/3688/3584 2379/3687/3583 2378/3689/3585
f 2239/3688/3584 2378/3689/3585 2240/3690/3586
f 2240/3690/3586 2378/3689/3585 2377/3691/3587
f 2240/3690/3586 2377/3691/3587 2241/3692/3588
f 2241/3692/3588 2377/3691/3587 2376/3693/3589
f 2241/3692/3588 2376/3693/3589 2242/3694/3590
f 2242/3694/3590 2376/3693/3589 2274/3695/3591
f 2274/3695/3591 2376/3693/3589 2459/3696/3592
f 2274/3695/3591 2459/3696/3592 2473/3697/3593
f 2473/3697/3593 2459/3696/3592 2460/3698/3594
f 2473/3697/3593 2460/3698/3594 2472/3699/3595
f 2472/3699/3595 2460/3698/3594 2461/3700/3596
f 2472/3699/3595 2461/3700/3596 2471/3701/3597
f 2471/3701/3597 2461/3700/3596 2462/3702/3598
f 2471/3701/3597 2462/3702/3598 2470/3703/3599
f 2470/3703/3599 2462/3702/3598 2463/3704/3600
f 2470/3703/3599 2463/3704/3600 2469/3705/3601
f 2469/3705/3601 2463/3704/3600 2464/3706/3602
f 2469/3705/3601 2464/3706/3602 2468/3707/3603
f 2468/3707/3603 2464/3706/3602 2465/3708/3604
f 2468/3707/3603 2465/3708/3604 2467/3709/3605
f 2467/3709/3605 2465/3708/3604 2466/3710/3606
f 2033/3682/3578 2032/3711/3607 2195/3680/3576
f 1800/3712/2846 2481/3713/3608 1787/3714/2783
f 1787/3714/2783 2481/3713/3608 2476/3715/3609
f 1787/3714/2783 2476/3715/3609 2477/3716/3610
f 2481/3713/3608 1800/3712/2846 2480/3717/3611
f 2480/3717/3611 1800/3712/2846 2411/3718/3612
f 2480/3717/3611 2411/3718/3612 2479/3719/3613
f 2479/3719/3613 2411/3718/3612 2478/3720/3614
f 2478/3720/3614 2411/3718/3612 2173/3721/3615
f 2478/3720/3614 2173/3721/3615 2475/3722/3616
f 2475/3722/3616 2173/3721/3615 2474/3723/3617
f 2474/3723/3617 2173/3721/3615 1787/3714/2783
f 2474/3723/3617 1787/3714/2783 2477/3716/3610
f 2475/3722/3616 2476/3715/3609 2478/3720/3614
f 2478/3720/3614 2476/3715/3609 2481/3713/3608
f 2048/3724/3074 2484/3725/3618 2035/3726/3031
f 2035/3726/3031 2484/3725/3618 2485/3727/3619
f 2035/3726/3031 2485/3727/3619 2482/3728/3620
f 1672/3729/2664 2488/3730/3621 2048/3724/3074
f 2048/3724/3074 2488/3730/3621 2489/3731/3622
f 2048/3724/3074 2489/3731/3622 2484/3725/3618
f 2484/3725/3618 2489/3731/3622 2486/3732/3623
f 2484/3725/3618 2486/3732/3623 2483/3733/3624
f 2483/3733/3624 2486/3732/3623 1672/3729/2664
f 2483/3733/3624 1672/3729/2664 1671/3734/2705
f 2483/3733/3624 1671/3734/2705 2482/3728/3620
f 2482/3728/3620 1671/3734/2705 2035/3726/3031
f 2486/3732/3623 2487/3735/3625 1672/3729/2664
f 1672/3729/2664 2487/3735/3625 2488/3730/3621
f 1548/3736/2651 2492/3737/3626 1549/3738/3627
f 1549/3738/3627 2492/3737/3626 2493/3739/3628
f 1549/3738/3627 2493/3739/3628 1557/3740/3629
f 1557/3740/3629 2493/3739/3628 2466/3741/3630
f 1557/3740/3629 2466/3741/3630 1665/3742/2716
f 1665/3742/2716 2466/3741/3630 2392/3743/3631
f 2392/3743/3631 2466/3741/3630 2465/3744/3632
f 2492/3737/3626 1548/3736/2651 2491/3745/3633
f 2491/3745/3633 1548/3736/2651 1678/3746/2653
f 2491/3745/3633 1678/3746/2653 2490/3747/3634
f 2490/3747/3634 1678/3746/2653 2436/3748/3635
f 2436/3748/3635 1678/3746/2653 2172/3749/3636
f 2436/3748/3635 2172/3749/3636 2437/3750/3637
f 2492/3737/3626 2491/3745/3633 2362/3751/3638
f 2362/3751/3638 2491/3745/3633 2451/3752/3639
f 2362/3751/3638 2451/3752/3639 2450/3753/3640
f 2450/3753/3640 2363/3754/3641 2362/3751/3638
f 1665/3742/2716 1662/3755/2730 1557/3740/3629
f 2410/3756/3642 2494/3757/3643 2411/3758/3612
f 2411/3758/3612 2494/3757/3643 2495/3759/3644
f 2411/3758/3612 2495/3759/3644 2496/3760/3645
f 2496/3760/3645 2495/3759/3644 2540/3761/3646
f 2496/3760/3645 2540/3761/3646 2541/3762/3647
f 2541/3762/3647 2540/3761/3646 2585/3763/3648
f 2541/3762/3647 2585/3763/3648 2586/3764/3649
f 2586/3764/3649 2585/3763/3648 2630/3765/3650
f 2586/3764/3649 2630/3765/3650 2631/3766/3651
f 2631/3766/3651 2630/3765/3650 2675/3767/3652
f 2631/3766/3651 2675/3767/3652 2676/3768/3653
f 2676/3768/3653 2675/3767/3652 2405/3769/3654
f 2676/3768/3653 2405/3769/3654 2677/3770/3655
f 2677/3770/3655 2405/3769/3654 2678/3771/3656
f 2677/3770/3655 2678/3771/3656 2633/3772/3657
f 2633/3772/3657 2678/3771/3656 2634/3773/3658
f 2633/3772/3657 2634/3773/3658 2589/3774/3659
f 2589/3774/3659 2634/3773/3658 2590/3775/3660
f 2589/3774/3659 2590/3775/3660 2545/3776/3661
f 2545/3776/3661 2590/3775/3660 2546/3777/3662
f 2545/3776/3661 2546/3777/3662 2501/3778/3663
f 2501/3778/3663 2546/3777/3662 2502/3779/3664
f 2501/3778/3663 2502/3779/3664 2411/3758/3612
f 2411/3758/3612 2502/3779/3664 2503/3780/3665
f 2411/3758/3612 2503/3780/3665 2504/3781/3666
f 2504/3781/3666 2503/3780/3665 2548/3782/3667
f 2504/3781/3666 2548/3782/3667 2549/3783/3668
f 2549/3783/3668 2548/3782/3667 2593/3784/3669
f 2549/3783/3668 2593/3784/3669 2594/3785/3670
f 2594/3785/3670 2593/3784/3669 2638/3786/3671
f 2594/3785/3670 2638/3786/3671 2639/3787/3672
f 2639/3787/3672 2638/3786/3671 2683/3788/3673
f 2639/3787/3672 2683/3788/3673 2684/3789/3674
f 2684/3789/3674 2683/3788/3673 2405/3769/3654
f 2684/3789/3674 2405/3769/3654 2685/3790/3675
f 2685/3790/3675 2405/3769/3654 2686/3791/3676
f 2685/3790/3675 2686/3791/3676 2641/3792/3677
f 2641/3792/3677 2686/3791/3676 2642/3793/3678
f 2641/3792/3677 2642/3793/3678 2597/3794/3679
f 2597/3794/3679 2642/3793/3678 2598/3795/3680
f 2597/3794/3679 2598/3795/3680 2553/3796/3681
f 2553/3796/3681 2598/3795/3680 2554/3797/3682
f 2553/3796/3681 2554/3797/3682 2509/3798/3683
f 2509/3798/3683 2554/3797/3682 2510/3799/3684
f 2509/3798/3683 2510/3799/3684 2411/3758/3612
f 2411/3758/3612 2510/3799/3684 2511/3800/3685
f 2411/3758/3612 2511/3800/3685 2512/3801/3686
f 2512/3801/3686 2511/3800/3685 2556/3802/3687
f 2512/3801/3686 2556/3802/3687 2557/3803/3688
f 2557/3803/3688 2556/3802/3687 2601/3804/3689
f 2557/3803/3688 2601/3804/3689 2602/3805/3690
f 2602/3805/3690 2601/3804/3689 2646/3806/3691
f 2602/3805/3690 2646/3806/3691 2647/3807/3692
f 2647/3807/3692 2646/3806/3691 2691/3808/3693
f 2647/3807/3692 2691/3808/3693 2692/3809/3694
f 2692/3809/3694 2691/3808/3693 2179/3810/3695
f 2692/3809/3694 2179/3810/3695 2693/3811/3696
f 2693/3811/3696 2179/3810/3695 2694/3812/3697
f 2693/3811/3696 2694/3812/3697 2649/3813/3698
f 2649/3813/3698 2694/3812/3697 2650/3814/3699
f 2649/3813/3698 2650/3814/3699 2605/3815/3700
f 2605/3815/3700 2650/3814/3699 2606/3816/3701
f 2605/3815/3700 2606/3816/3701 2561/3817/3702
f 2561/3817/3702 2606/3816/3701 2562/3818/3703
f 2561/3817/3702 2562/3818/3703 2517/3819/3704
f 2517/3819/3704 2562/3818/3703 2518/3820/3705
f 2517/3819/3704 2518/3820/3705 2173/3821/3615
f 2173/3821/3615 2518/3820/3705 2519/3822/3706
f 2173/3821/3615 2519/3822/3706 2520/3823/3707
f 2520/3823/3707 2519/3822/3706 2564/3824/3708
f 2520/3823/3707 2564/3824/3708 2565/3825/3709
f 2565/3825/3709 2564/3824/3708 2609/3826/3710
f 2565/3825/3709 2609/3826/3710 2610/3827/3711
f 2610/3827/3711 2609/3826/3710 2654/3828/3712
f 2610/3827/3711 2654/3828/3712 2655/3829/3713
f 2655/3829/3713 2654/3828/3712 2699/3830/3714
f 2655/3829/3713 2699/3830/3714 2700/3831/3715
f 2700/3831/3715 2699/3830/3714 2179/3810/3695
f 2700/3831/3715 2179/3810/3695 2701/3832/3716
f 2701/3832/3716 2179/3810/3695 2702/3833/3717
f 2701/3832/3716 2702/3833/3717 2657/3834/3718
f 2657/3834/3718 2702/3833/3717 2658/3835/3719
f 2657/3834/3718 2658/3835/3719 2613/3836/3720
f 2613/3836/3720 2658/3835/3719 2614/3837/3721
f 2613/3836/3720 2614/3837/3721 2569/3838/3722
f 2569/3838/3722 2614/3837/3721 2570/3839/3723
f 2569/3838/3722 2570/3839/3723 2525/3840/3724
f 2525/3840/3724 2570/3839/3723 2526/3841/3725
f 2525/3840/3724 2526/3841/3725 2173/3821/3615
f 2173/3821/3615 2526/3841/3725 2527/3842/3726
f 2173/3821/3615 2527/3842/3726 2528/3843/3727
f 2528/3843/3727 2527/3842/3726 2572/3844/3728
f 2528/3843/3727 2572/3844/3728 2573/3845/3729
f 2573/3845/3729 2572/3844/3728 2617/3846/3730
f 2573/3845/3729 2617/3846/3730 2618/3847/3731
f 2618/3847/3731 2617/3846/3730 2662/3848/3732
f 2618/3847/3731 2662/3848/3732 2663/3849/3733
f 2663/3849/3733 2662/3848/3732 2707/3850/3734
f 2663/3849/3733 2707/3850/3734 2708/3851/3735
f 2708/3851/3735 2707/3850/3734 2179/3810/3695
f 2708/3851/3735 2179/3810/3695 2709/3852/3736
f 2709/3852/3736 2179/3810/3695 2710/3853/3737
f 2709/3852/3736 2710/3853/3737 2665/3854/3738
f 2665/3854/3738 2710/3853/3737 2666/3855/3739
f 2665/3854/3738 2666/3855/3739 2621/3856/3740
f 2621/3856/3740 2666/3855/3739 2622/3857/3741
f 2621/3856/3740 2622/3857/3741 2577/3858/3742
f 2577/3858/3742 2622/3857/3741 2578/3859/3743
f 2577/3858/3742 2578/3859/3743 2533/3860/3744
f 2533/3860/3744 2578/3859/3743 2534/3861/3745
f 2533/3860/3744 2534/3861/3745 2173/3821/3615
f 2173/3821/3615 2534/3861/3745 2535/3862/3746
f 2173/3821/3615 2535/3862/3746 2536/3863/3747
f 2536/3863/3747 2535/3862/3746 2580/3864/3748
f 2536/3863/3747 2580/3864/3748 2581/3865/3749
f 2581/3865/3749 2580/3864/3748 2625/3866/3750
f 2581/3865/3749 2625/3866/3750 2176/3867/3751
f 2176/3867/3751 2625/3866/3750 2177/3868/3752
f 2177/3868/3752 2625/3866/3750 2669/3869/3753
f 2177/3868/3752 2669/3869/3753 2178/3870/3754
f 2178/3870/3754 2669/3869/3753 2713/3871/3755
f 2178/3870/3754 2713/3871/3755 2179/3810/3695
f 2179/3810/3695 2713/3871/3755 2712/3872/3756
f 2179/3810/3695 2712/3872/3756 2711/3873/3757
f 2711/3873/3757 2712/3872/3756 2667/3874/3758
f 2711/3873/3757 2667/3874/3758 2666/3855/3739
f 2666/3855/3739 2667/3874/3758 2622/3857/3741
f 2494/3757/3643 2410/3756/3642 2538/3875/3759
f 2538/3875/3759 2410/3756/3642 2409/3876/3760
f 2538/3875/3759 2409/3876/3760 2582/3877/3761
f 2582/3877/3761 2409/3876/3760 2408/3878/3762
f 2582/3877/3761 2408/3878/3762 2626/3879/3763
f 2626/3879/3763 2408/3878/3762 2407/3880/3764
f 2626/3879/3763 2407/3880/3764 2670/3881/3765
f 2670/3881/3765 2407/3880/3764 2406/3882/3766
f 2670/3881/3765 2406/3882/3766 2405/3769/3654
f 2179/3810/3695 2691/3808/3693 2405/3769/3654
f 2405/3769/3654 2691/3808/3693 2690/3883/3767
f 2405/3769/3654 2690/3883/3767 2689/3884/3768
f 2689/3884/3768 2690/3883/3767 2645/3885/3769
f 2689/3884/3768 2645/3885/3769 2644/3886/3770
f 2644/3886/3770 2645/3885/3769 2600/3887/3771
f 2644/3886/3770 2600/3887/3771 2599/3888/3772
f 2599/3888/3772 2600/3887/3771 2555/3889/3773
f 2599/3888/3772 2555/3889/3773 2554/3797/3682
f 2554/3797/3682 2555/3889/3773 2510/3799/3684
f 2176/3867/3751 2175/3890/3774 2581/3865/3749
f 2581/3865/3749 2175/3890/3774 2537/3891/3775
f 2581/3865/3749 2537/3891/3775 2536/3863/3747
f 2536/3863/3747 2537/3891/3775 2173/3821/3615
f 2175/3890/3774 2174/3892/3776 2537/3891/3775
f 2537/3891/3775 2174/3892/3776 2173/3821/3615
f 2517/3819/3704 2173/3821/3615 2516/3893/3777
f 2516/3893/3777 2173/3821/3615 2411/3758/3612
f 2516/3893/3777 2411/3758/3612 2515/3894/3778
f 2515/3894/3778 2411/3758/3612 2514/3895/3779
f 2515/3894/3778 2514/3895/3779 2559/3896/3780
f 2559/3896/3780 2514/3895/3779 2558/3897/3781
f 2559/3896/3780 2558/3897/3781 2603/3898/3782
f 2603/3898/3782 2558/3897/3781 2602/3805/3690
f 2603/3898/3782 2602/3805/3690 2647/3807/3692
f 2495/3759/3644 2494/3757/3643 2539/3899/3783
f 2539/3899/3783 2494/3757/3643 2538/3875/3759
f 2539/3899/3783 2538/3875/3759 2583/3900/3784
f 2583/3900/3784 2538/3875/3759 2582/3877/3761
f 2583/3900/3784 2582/3877/3761 2627/3901/3785
f 2627/3901/3785 2582/3877/3761 2626/3879/3763
f 2627/3901/3785 2626/3879/3763 2671/3902/3786
f 2671/3902/3786 2626/3879/3763 2670/3881/3765
f 2671/3902/3786 2670/3881/3765 2405/3769/3654
f 2496/3760/3645 2497/3903/3787 2411/3758/3612
f 2411/3758/3612 2497/3903/3787 2498/3904/3788
f 2411/3758/3612 2498/3904/3788 2499/3905/3789
f 2499/3905/3789 2498/3904/3788 2543/3906/3790
f 2499/3905/3789 2543/3906/3790 2544/3907/3791
f 2544/3907/3791 2543/3906/3790 2588/3908/3792
f 2544/3907/3791 2588/3908/3792 2589/3774/3659
f 2589/3774/3659 2588/3908/3792 2633/3772/3657
f 2496/3760/3645 2541/3762/3647 2497/3903/3787
f 2497/3903/3787 2541/3762/3647 2542/3909/3793
f 2497/3903/3787 2542/3909/3793 2498/3904/3788
f 2498/3904/3788 2542/3909/3793 2543/3906/3790
f 2501/3778/3663 2411/3758/3612 2500/3910/3794
f 2500/3910/3794 2411/3758/3612 2499/3905/3789
f 2500/3910/3794 2499/3905/3789 2544/3907/3791
f 2545/3776/3661 2501/3778/3663 2500/3910/3794
f 2545/3776/3661 2500/3910/3794 2544/3907/3791
f 2503/3780/3665 2502/3779/3664 2547/3911/3795
f 2547/3911/3795 2502/3779/3664 2546/3777/3662
f 2547/3911/3795 2546/3777/3662 2591/3912/3796
f 2591/3912/3796 2546/3777/3662 2590/3775/3660
f 2591/3912/3796 2590/3775/3660 2635/3913/3797
f 2635/3913/3797 2590/3775/3660 2634/3773/3658
f 2635/3913/3797 2634/3773/3658 2679/3914/3798
f 2679/3914/3798 2634/3773/3658 2678/3771/3656
f 2679/3914/3798 2678/3771/3656 2405/3769/3654
f 2504/3781/3666 2505/3915/3799 2411/3758/3612
f 2411/3758/3612 2505/3915/3799 2506/3916/3800
f 2411/3758/3612 2506/3916/3800 2507/3917/3801
f 2507/3917/3801 2506/3916/3800 2551/3918/3802
f 2507/3917/3801 2551/3918/3802 2552/3919/3803
f 2552/3919/3803 2551/3918/3802 2596/3920/3804
f 2552/3919/3803 2596/3920/3804 2597/3794/3679
f 2597/3794/3679 2596/3920/3804 2641/3792/3677
f 2504/3781/3666 2549/3783/3668 2505/3915/3799
f 2505/3915/3799 2549/3783/3668 2550/3921/3805
f 2505/3915/3799 2550/3921/3805 2506/3916/3800
f 2506/3916/3800 2550/3921/3805 2551/3918/3802
f 2509/3798/3683 2411/3758/3612 2508/3922/3806
f 2508/3922/3806 2411/3758/3612 2507/3917/3801
f 2508/3922/3806 2507/3917/3801 2552/3919/3803
f 2553/3796/3681 2509/3798/3683 2508/3922/3806
f 2553/3796/3681 2508/3922/3806 2552/3919/3803
f 2556/3802/3687 2511/3800/3685 2555/3889/3773
f 2555/3889/3773 2511/3800/3685 2510/3799/3684
f 2514/3895/3779 2411/3758/3612 2513/3923/3807
f 2513/3923/3807 2411/3758/3612 2512/3801/3686
f 2513/3923/3807 2512/3801/3686 2557/3803/3688
f 2558/3897/3781 2514/3895/3779 2513/3923/3807
f 2558/3897/3781 2513/3923/3807 2557/3803/3688
f 2561/3817/3702 2517/3819/3704 2516/3893/3777
f 2516/3893/3777 2515/3894/3778 2560/3924/3808
f 2560/3924/3808 2515/3894/3778 2559/3896/3780
f 2560/3924/3808 2559/3896/3780 2604/3925/3809
f 2604/3925/3809 2559/3896/3780 2603/3898/3782
f 2604/3925/3809 2603/3898/3782 2648/3926/3810
f 2648/3926/3810 2603/3898/3782 2647/3807/3692
f 2648/3926/3810 2647/3807/3692 2692/3809/3694
f 2519/3822/3706 2518/3820/3705 2563/3927/3811
f 2563/3927/3811 2518/3820/3705 2562/3818/3703
f 2563/3927/3811 2562/3818/3703 2607/3928/3812
f 2607/3928/3812 2562/3818/3703 2606/3816/3701
f 2607/3928/3812 2606/3816/3701 2651/3929/3813
f 2651/3929/3813 2606/3816/3701 2650/3814/3699
f 2651/3929/3813 2650/3814/3699 2695/3930/3814
f 2695/3930/3814 2650/3814/3699 2694/3812/3697
f 2695/3930/3814 2694/3812/3697 2179/3810/3695
f 2520/3823/3707 2521/3931/3815 2173/3821/3615
f 2173/3821/3615 2521/3931/3815 2522/3932/3816
f 2173/3821/3615 2522/3932/3816 2523/3933/3817
f 2523/3933/3817 2522/3932/3816 2567/3934/3818
f 2523/3933/3817 2567/3934/3818 2568/3935/3819
f 2568/3935/3819 2567/3934/3818 2612/3936/3820
f 2568/3935/3819 2612/3936/3820 2613/3836/3720
f 2613/3836/3720 2612/3936/3820 2657/3834/3718
f 2520/3823/3707 2565/3825/3709 2521/3931/3815
f 2521/3931/3815 2565/3825/3709 2566/3937/3821
f 2521/3931/3815 2566/3937/3821 2522/3932/3816
f 2522/3932/3816 2566/3937/3821 2567/3934/3818
f 2525/3840/3724 2173/3821/3615 2524/3938/3822
f 2524/3938/3822 2173/3821/3615 2523/3933/3817
f 2524/3938/3822 2523/3933/3817 2568/3935/3819
f 2569/3838/3722 2525/3840/3724 2524/3938/3822
f 2569/3838/3722 2524/3938/3822 2568/3935/3819
f 2527/3842/3726 2526/3841/3725 2571/3939/3823
f 2571/3939/3823 2526/3841/3725 2570/3839/3723
f 2571/3939/3823 2570/3839/3723 2615/3940/3824
f 2615/3940/3824 2570/3839/3723 2614/3837/3721
f 2615/3940/3824 2614/3837/3721 2659/3941/3825
f 2659/3941/3825 2614/3837/3721 2658/3835/3719
f 2659/3941/3825 2658/3835/3719 2703/3942/3826
f 2703/3942/3826 2658/3835/3719 2702/3833/3717
f 2703/3942/3826 2702/3833/3717 2179/3810/3695
f 2528/3843/3727 2529/3943/3827 2173/3821/3615
f 2173/3821/3615 2529/3943/3827 2530/3944/3828
f 2173/3821/3615 2530/3944/3828 2531/3945/3829
f 2531/3945/3829 2530/3944/3828 2575/3946/3830
f 2531/3945/3829 2575/3946/3830 2576/3947/3831
f 2576/3947/3831 2575/3946/3830 2620/3948/3832
f 2576/3947/3831 2620/3948/3832 2621/3856/3740
f 2621/3856/3740 2620/3948/3832 2665/3854/3738
f 2528/3843/3727 2573/3845/3729 2529/3943/3827
f 2529/3943/3827 2573/3845/3729 2574/3949/3833
f 2529/3943/3827 2574/3949/3833 2530/3944/3828
f 2530/3944/3828 2574/3949/3833 2575/3946/3830
f 2533/3860/3744 2173/3821/3615 2532/3950/3834
f 2532/3950/3834 2173/3821/3615 2531/3945/3829
f 2532/3950/3834 2531/3945/3829 2576/3947/3831
f 2577/3858/3742 2533/3860/3744 2532/3950/3834
f 2577/3858/3742 2532/3950/3834 2576/3947/3831
f 2535/3862/3746 2534/3861/3745 2579/3951/3835
f 2579/3951/3835 2534/3861/3745 2578/3859/3743
f 2579/3951/3835 2578/3859/3743 2623/3952/3836
f 2623/3952/3836 2578/3859/3743 2622/3857/3741
f 2623/3952/3836 2622/3857/3741 2667/3874/3758
f 2495/3759/3644 2539/3899/3783 2540/3761/3646
f 2540/3761/3646 2539/3899/3783 2584/3953/3837
f 2540/3761/3646 2584/3953/3837 2585/3763/3648
f 2585/3763/3648 2584/3953/3837 2629/3954/3838
f 2585/3763/3648 2629/3954/3838 2630/3765/3650
f 2630/3765/3650 2629/3954/3838 2674/3955/3839
f 2630/3765/3650 2674/3955/3839 2675/3767/3652
f 2675/3767/3652 2674/3955/3839 2405/3769/3654
f 2584/3953/3837 2539/3899/3783 2583/3900/3784
f 2541/3762/3647 2586/3764/3649 2542/3909/3793
f 2542/3909/3793 2586/3764/3649 2587/3956/3840
f 2542/3909/3793 2587/3956/3840 2543/3906/3790
f 2543/3906/3790 2587/3956/3840 2588/3908/3792
f 2589/3774/3659 2545/3776/3661 2544/3907/3791
f 2503/3780/3665 2547/3911/3795 2548/3782/3667
f 2548/3782/3667 2547/3911/3795 2592/3957/3841
f 2548/3782/3667 2592/3957/3841 2593/3784/3669
f 2593/3784/3669 2592/3957/3841 2637/3958/3842
f 2593/3784/3669 2637/3958/3842 2638/3786/3671
f 2638/3786/3671 2637/3958/3842 2682/3959/3843
f 2638/3786/3671 2682/3959/3843 2683/3788/3673
f 2683/3788/3673 2682/3959/3843 2405/3769/3654
f 2592/3957/3841 2547/3911/3795 2591/3912/3796
f 2549/3783/3668 2594/3785/3670 2550/3921/3805
f 2550/3921/3805 2594/3785/3670 2595/3960/3844
f 2550/3921/3805 2595/3960/3844 2551/3918/3802
f 2551/3918/3802 2595/3960/3844 2596/3920/3804
f 2597/3794/3679 2553/3796/3681 2552/3919/3803
f 2599/3888/3772 2554/3797/3682 2598/3795/3680
f 2601/3804/3689 2556/3802/3687 2600/3887/3771
f 2600/3887/3771 2556/3802/3687 2555/3889/3773
f 2602/3805/3690 2558/3897/3781 2557/3803/3688
f 2605/3815/3700 2561/3817/3702 2560/3924/3808
f 2560/3924/3808 2561/3817/3702 2516/3893/3777
f 2605/3815/3700 2560/3924/3808 2604/3925/3809
f 2519/3822/3706 2563/3927/3811 2564/3824/3708
f 2564/3824/3708 2563/3927/3811 2608/3961/3845
f 2564/3824/3708 2608/3961/3845 2609/3826/3710
f 2609/3826/3710 2608/3961/3845 2653/3962/3846
f 2609/3826/3710 2653/3962/3846 2654/3828/3712
f 2654/3828/3712 2653/3962/3846 2698/3963/3847
f 2654/3828/3712 2698/3963/3847 2699/3830/3714
f 2699/3830/3714 2698/3963/3847 2179/3810/3695
f 2608/3961/3845 2563/3927/3811 2607/3928/3812
f 2565/3825/3709 2610/3827/3711 2566/3937/3821
f 2566/3937/3821 2610/3827/3711 2611/3964/3848
f 2566/3937/3821 2611/3964/3848 2567/3934/3818
f 2567/3934/3818 2611/3964/3848 2612/3936/3820
f 2613/3836/3720 2569/3838/3722 2568/3935/3819
f 2527/3842/3726 2571/3939/3823 2572/3844/3728
f 2572/3844/3728 2571/3939/3823 2616/3965/3849
f 2572/3844/3728 2616/3965/3849 2617/3846/3730
f 2617/3846/3730 2616/3965/3849 2661/3966/3850
f 2617/3846/3730 2661/3966/3850 2662/3848/3732
f 2662/3848/3732 2661/3966/3850 2706/3967/3851
f 2662/3848/3732 2706/3967/3851 2707/3850/3734
f 2707/3850/3734 2706/3967/3851 2179/3810/3695
f 2616/3965/3849 2571/3939/3823 2615/3940/3824
f 2573/3845/3729 2618/3847/3731 2574/3949/3833
f 2574/3949/3833 2618/3847/3731 2619/3968/3852
f 2574/3949/3833 2619/3968/3852 2575/3946/3830
f 2575/3946/3830 2619/3968/3852 2620/3948/3832
f 2621/3856/3740 2577/3858/3742 2576/3947/3831
f 2535/3862/3746 2579/3951/3835 2580/3864/3748
f 2580/3864/3748 2579/3951/3835 2624/3969/3853
f 2580/3864/3748 2624/3969/3853 2625/3866/3750
f 2625/3866/3750 2624/3969/3853 2669/3869/3753
f 2624/3969/3853 2579/3951/3835 2623/3952/3836
f 2584/3953/3837 2583/3900/3784 2628/3970/3854
f 2628/3970/3854 2583/3900/3784 2627/3901/3785
f 2628/3970/3854 2627/3901/3785 2672/3971/3855
f 2672/3971/3855 2627/3901/3785 2671/3902/3786
f 2672/3971/3855 2671/3902/3786 2405/3769/3654
f 2586/3764/3649 2631/3766/3651 2587/3956/3840
f 2587/3956/3840 2631/3766/3651 2632/3972/3856
f 2587/3956/3840 2632/3972/3856 2588/3908/3792
f 2588/3908/3792 2632/3972/3856 2633/3772/3657
f 2592/3957/3841 2591/3912/3796 2636/3973/3857
f 2636/3973/3857 2591/3912/3796 2635/3913/3797
f 2636/3973/3857 2635/3913/3797 2680/3974/3858
f 2680/3974/3858 2635/3913/3797 2679/3914/3798
f 2680/3974/3858 2679/3914/3798 2405/3769/3654
f 2594/3785/3670 2639/3787/3672 2595/3960/3844
f 2595/3960/3844 2639/3787/3672 2640/3975/3859
f 2595/3960/3844 2640/3975/3859 2596/3920/3804
f 2596/3920/3804 2640/3975/3859 2641/3792/3677
f 2599/3888/3772 2598/3795/3680 2643/3976/3860
f 2643/3976/3860 2598/3795/3680 2642/3793/3678
f 2643/3976/3860 2642/3793/3678 2687/3977/3861
f 2687/3977/3861 2642/3793/3678 2686/3791/3676
f 2687/3977/3861 2686/3791/3676 2405/3769/3654
f 2646/3806/3691 2601/3804/3689 2645/3885/3769
f 2645/3885/3769 2601/3804/3689 2600/3887/3771
f 2649/3813/3698 2605/3815/3700 2604/3925/3809
f 2649/3813/3698 2604/3925/3809 2648/3926/3810
f 2608/3961/3845 2607/3928/3812 2652/3978/3862
f 2652/3978/3862 2607/3928/3812 2651/3929/3813
f 2652/3978/3862 2651/3929/3813 2696/3979/3863
f 2696/3979/3863 2651/3929/3813 2695/3930/3814
f 2696/3979/3863 2695/3930/3814 2179/3810/3695
f 2610/3827/3711 2655/3829/3713 2611/3964/3848
f 2611/3964/3848 2655/3829/3713 2656/3980/3864
f 2611/3964/3848 2656/3980/3864 2612/3936/3820
f 2612/3936/3820 2656/3980/3864 2657/3834/3718
f 2616/3965/3849 2615/3940/3824 2660/3981/3865
f 2660/3981/3865 2615/3940/3824 2659/3941/3825
f 2660/3981/3865 2659/3941/3825 2704/3982/3866
f 2704/3982/3866 2659/3941/3825 2703/3942/3826
f 2704/3982/3866 2703/3942/3826 2179/3810/3695
f 2618/3847/3731 2663/3849/3733 2619/3968/3852
f 2619/3968/3852 2663/3849/3733 2664/3983/3867
f 2619/3968/3852 2664/3983/3867 2620/3948/3832
f 2620/3948/3832 2664/3983/3867 2665/3854/3738
f 2624/3969/3853 2623/3952/3836 2668/3984/3868
f 2668/3984/3868 2623/3952/3836 2667/3874/3758
f 2668/3984/3868 2667/3874/3758 2712/3872/3756
f 2584/3953/3837 2628/3970/3854 2629/3954/3838
f 2629/3954/3838 2628/3970/3854 2673/3985/3869
f 2629/3954/3838 2673/3985/3869 2674/3955/3839
f 2674/3955/3839 2673/3985/3869 2405/3769/3654
f 2673/3985/3869 2628/3970/3854 2672/3971/3855
f 2677/3770/3655 2633/3772/3657 2632/3972/3856
f 2677/3770/3655 2632/3972/3856 2676/3768/3653
f 2676/3768/3653 2632/3972/3856 2631/3766/3651
f 2592/3957/3841 2636/3973/3857 2637/3958/3842
f 2637/3958/3842 2636/3973/3857 2681/3986/3870
f 2637/3958/3842 2681/3986/3870 2682/3959/3843
f 2682/3959/3843 2681/3986/3870 2405/3769/3654
f 2681/3986/3870 2636/3973/3857 2680/3974/3858
f 2685/3790/3675 2641/3792/3677 2640/3975/3859
f 2685/3790/3675 2640/3975/3859 2684/3789/3674
f 2684/3789/3674 2640/3975/3859 2639/3787/3672
f 2599/3888/3772 2643/3976/3860 2644/3886/3770
f 2644/3886/3770 2643/3976/3860 2688/3987/3871
f 2644/3886/3770 2688/3987/3871 2689/3884/3768
f 2689/3884/3768 2688/3987/3871 2405/3769/3654
f 2688/3987/3871 2643/3976/3860 2687/3977/3861
f 2691/3808/3693 2646/3806/3691 2690/3883/3767
f 2690/3883/3767 2646/3806/3691 2645/3885/3769
f 2693/3811/3696 2649/3813/3698 2648/3926/3810
f 2693/3811/3696 2648/3926/3810 2692/3809/3694
f 2608/3961/3845 2652/3978/3862 2653/3962/3846
f 2653/3962/3846 2652/3978/3862 2697/3988/3872
f 2653/3962/3846 2697/3988/3872 2698/3963/3847
f 2698/3963/3847 2697/3988/3872 2179/3810/3695
f 2697/3988/3872 2652/3978/3862 2696/3979/3863
f 2701/3832/3716 2657/3834/3718 2656/3980/3864
f 2701/3832/3716 2656/3980/3864 2700/3831/3715
f 2700/3831/3715 2656/3980/3864 2655/3829/3713
f 2616/3965/3849 2660/3981/3865 2661/3966/3850
f 2661/3966/3850 2660/3981/3865 2705/3989/3873
f 2661/3966/3850 2705/3989/3873 2706/3967/3851
f 2706/3967/3851 2705/3989/3873 2179/3810/3695
f 2705/3989/3873 2660/3981/3865 2704/3982/3866
f 2709/3852/3736 2665/3854/3738 2664/3983/3867
f 2709/3852/3736 2664/3983/3867 2708/3851/3735
f 2708/3851/3735 2664/3983/3867 2663/3849/3733
f 2711/3873/3757 2666/3855/3739 2710/3853/3737
f 2713/3871/3755 2669/3869/3753 2668/3984/3868
f 2668/3984/3868 2669/3869/3753 2624/3969/3853
f 2713/3871/3755 2668/3984/3868 2712/3872/3756
f 2405/3769/3654 2673/3985/3869 2672/3971/3855
f 2405/3769/3654 2681/3986/3870 2680/3974/3858
f 2405/3769/3654 2688/3987/3871 2687/3977/3861
f 2179/3810/3695 2697/3988/3872 2696/3979/3863
f 2179/3810/3695 2705/3989/3873 2704/3982/3866
f 2179/3810/3695 2711/3873/3757 2710/3853/3737
f 2405/3990/3654 2715/3991/3874 2179/3992/3695
f 2179/3992/3695 2715/3991/3874 2716/3993/3875
f 2179/3992/3695 2716/3993/3875 2717/3994/3876
f 2404/3995/3877 2467/3996/3878 2405/3990/3654
f 2405/3990/3654 2467/3996/3878 2714/3997/3879
f 2405/3990/3654 2714/3997/3879 2715/3991/3874
f 2404/3995/3877 2468/3998/3880 2467/3996/3878
f 2715/3991/3874 2361/3999/3881 2716/3993/3875
f 2716/3993/3875 2361/3999/3881 2452/4000/3882
f 2452/4000/3882 2361/3999/3881 2360/4001/3883
f 2452/4000/3882 2360/4001/3883 2453/4002/3884
f 2717/3994/3876 2435/4003/3885 2179/3992/3695
f 2179/3992/3695 2435/4003/3885 2180/4004/3886
f 2180/4004/3886 2435/4003/3885 2434/4005/3887
f 2171/4006/3888 2718/4007/3889 2172/4008/3636
f 2172/4008/3636 2718/4007/3889 2719/4009/3890
f 2172/4008/3636 2719/4009/3890 2437/4010/3637
f 2437/4010/3637 2719/4009/3890 2438/4011/3891
f 2438/4011/3891 2719/4009/3890 2439/4012/3892
f 2439/4012/3892 2719/4009/3890 2721/4013/3893
f 2439/4012/3892 2721/4013/3893 2440/4014/3894
f 2440/4014/3894 2721/4013/3893 2723/4015/3895
f 2440/4014/3894 2723/4015/3895 2441/4016/3896
f 2441/4016/3896 2723/4015/3895 2725/4017/3897
f 2441/4016/3896 2725/4017/3897 2442/4018/3898
f 2442/4018/3898 2725/4017/3897 2727/4019/3899
f 2442/4018/3898 2727/4019/3899 2443/4020/3900
f 2443/4020/3900 2727/4019/3899 2726/4021/3901
f 2443/4020/3900 2726/4021/3901 2166/4022/3902
f 2166/4022/3902 2726/4021/3901 2167/4023/3903
f 2167/4023/3903 2726/4021/3901 2168/4024/3904
f 2168/4024/3904 2726/4021/3901 2724/4025/3905
f 2168/4024/3904 2724/4025/3905 2169/4026/3906
f 2169/4026/3906 2724/4025/3905 2722/4027/3907
f 2169/4026/3906 2722/4027/3907 2170/4028/3908
f 2170/4028/3908 2722/4027/3907 2720/4029/3909
f 2170/4028/3908 2720/4029/3909 2171/4006/3888
f 2171/4006/3888 2720/4029/3909 2718/4007/3889
f 2721/4013/3893 2719/4009/3890 2718/4007/3889
f 2721/4013/3893 2718/4007/3889 2720/4029/3909
f 2723/4015/3895 2721/4013/3893 2720/4029/3909
f 2723/4015/3895 2720/4029/3909 2722/4027/3907
f 2725/4017/3897 2723/4015/3895 2722/4027/3907
f 2725/4017/3897 2722/4027/3907 2724/4025/3905
f 2727/4019/3899 2725/4017/3897 2724/4025/3905
f 2727/4019/3899 2724/4025/3905 2726/4021/3901
f 2397/4030/3910 2728/4031/3911 2398/4032/3912
f 2398/4032/3912 2728/4031/3911 2729/4033/3913
f 2398/4032/3912 2729/4033/3913 2459/4034/3914
f 2459/4034/3914 2729/4033/3913 2460/4035/3915
f 2460/4035/3915 2729/4033/3913 2461/4036/3916
f 2461/4036/3916 2729/4033/3913 2731/4037/3917
f 2461/4036/3916 2731/4037/3917 2462/4038/3918
f 2462/4038/3918 2731/4037/3917 2733/4039/3919
f 2462/4038/3918 2733/4039/3919 2463/4040/3920
f 2463/4040/3920 2733/4039/3919 2735/4041/3921
f 2463/4040/3920 2735/4041/3921 2464/4042/3922
f 2464/4042/3922 2735/4041/3921 2737/4043/3923
f 2464/4042/3922 2737/4043/3923 2465/4044/3632
f 2465/4044/3632 2737/4043/3923 2736/4045/3924
f 2465/4044/3632 2736/4045/3924 2392/4046/3631
f 2392/4046/3631 2736/4045/3924 2393/4047/3925
f 2393/4047/3925 2736/4045/3924 2394/4048/3926
f 2394/4048/3926 2736/4045/3924 2734/4049/3927
f 2394/4048/3926 2734/4049/3927 2395/4050/3928
f 2395/4050/3928 2734/4049/3927 2732/4051/3929
f 2395/4050/3928 2732/4051/3929 2396/4052/3930
f 2396/4052/3930 2732/4051/3929 2730/4053/3931
f 2396/4052/3930 2730/4053/3931 2397/4030/3910
f 2397/4030/3910 2730/4053/3931 2728/4031/3911
f 2731/4037/3917 2729/4033/3913 2728/4031/3911
f 2731/4037/3917 2728/4031/3911 2730/4053/3931
f 2733/4039/3919 2731/4037/3917 2730/4053/3931
f 2733/4039/3919 2730/4053/3931 2732/4051/3929
f 2735/4041/3921 2733/4039/3919 2732/4051/3929
f 2735/4041/3921 2732/4051/3929 2734/4049/3927
f 2737/4043/3923 2735/4041/3921 2734/4049/3927
f 2737/4043/3923 2734/4049/3927 2736/4045/3924
f 2363/4054/3641 2450/4055/3640 2364/4056/3932
f 2364/4056/3932 2450/4055/3640 2449/4057/3933
f 2364/4056/3932 2449/4057/3933 2365/4058/3934
f 2365/4058/3934 2449/4057/3933 2448/4059/3935
f 2365/4058/3934 2448/4059/3935 2366/4060/3936
f 2366/4060/3936 2448/4059/3935 2447/4061/3937
f 2366/4060/3936 2447/4061/3937 2367/4062/3938
f 2367/4062/3938 2447/4061/3937 2446/4063/3939
f 2367/4062/3938 2446/4063/3939 2368/4064/3940
f 2368/4064/3940 2446/4063/3939 2445/4065/3941
f 2368/4064/3940 2445/4065/3941 2369/4066/3942
f 2369/4066/3942 2445/4065/3941 2444/4067/3943
f 2348/4068/3379 2369/4069/3942 2349/4070/3378
f 2349/4070/3378 2369/4069/3942 2444/4071/3943
f 2453/4072/3884 2360/4073/3883 2738/4074/3944
f 2738/4074/3944 2360/4073/3883 2359/4075/3945
f 2738/4074/3944 2359/4075/3945 2739/4076/3946
f 2739/4076/3946 2359/4075/3945 2358/4077/3947
f 2739/4076/3946 2358/4077/3947 2740/4078/3948
f 2740/4078/3948 2358/4077/3947 2357/4079/3949
f 2740/4078/3948 2357/4079/3949 2741/4080/3950
f 2741/4080/3950 2357/4079/3949 2356/4081/3951
f 2741/4080/3950 2356/4081/3951 2742/4082/3952
f 2742/4082/3952 2356/4081/3951 2355/4083/3953
f 2742/4082/3952 2355/4083/3953 2342/4084/3367
f 2342/4084/3367 2341/4085/3365 2742/4082/3952
f 2742/4082/3952 2341/4085/3365 2458/4086/3954
f 2742/4082/3952 2458/4086/3954 2741/4080/3950
f 2741/4080/3950 2458/4086/3954 2457/4087/3955
f 2741/4080/3950 2457/4087/3955 2740/4078/3948
f 2740/4078/3948 2457/4087/3955 2456/4088/3956
f 2740/4078/3948 2456/4088/3956 2739/4076/3946
f 2739/4076/3946 2456/4088/3956 2455/4089/3957
f 2739/4076/3946 2455/4089/3957 2738/4074/3944
f 2738/4074/3944 2455/4089/3957 2454/4090/3958
f 2738/4074/3944 2454/4090/3958 2453/4072/3884
f 2473/4091/3959 2743/4092/3960 2274/4093/3301
f 2274/4093/3301 2743/4092/3960 2744/4094/3961
f 2274/4093/3301 2744/4094/3961 2745/4095/3962
f 2745/4095/3962 2744/4094/3961 2750/4096/3963
f 2745/4095/3962 2750/4096/3963 2751/4097/3964
f 2751/4097/3964 2750/4096/3963 2756/4098/3965
f 2751/4097/3964 2756/4098/3965 2757/4099/3966
f 2757/4099/3966 2756/4098/3965 2762/4100/3967
f 2757/4099/3966 2762/4100/3967 2402/4101/3968
f 2402/4101/3968 2762/4100/3967 2403/4102/3969
f 2403/4102/3969 2762/4100/3967 2767/4103/3970
f 2403/4102/3969 2767/4103/3970 2404/4104/3877
f 2404/4104/3877 2767/4103/3970 2766/4105/3971
f 2404/4104/3877 2766/4105/3971 2765/4106/3972
f 2765/4106/3972 2766/4105/3971 2760/4107/3973
f 2765/4106/3972 2760/4107/3973 2759/4108/3974
f 2759/4108/3974 2760/4107/3973 2754/4109/3975
f 2759/4108/3974 2754/4109/3975 2753/4110/3976
f 2753/4110/3976 2754/4109/3975 2748/4111/3977
f 2753/4110/3976 2748/4111/3977 2472/4112/3978
f 2472/4112/3978 2748/4111/3977 2473/4091/3959
f 2473/4091/3959 2748/4111/3977 2743/4092/3960
f 2472/4112/3978 2471/4113/3979 2753/4110/3976
f 2753/4110/3976 2471/4113/3979 2758/4114/3980
f 2753/4110/3976 2758/4114/3980 2759/4108/3974
f 2759/4108/3974 2758/4114/3980 2764/4115/3981
f 2759/4108/3974 2764/4115/3981 2765/4106/3972
f 2765/4106/3972 2764/4115/3981 2468/4116/3880
f 2765/4106/3972 2468/4116/3880 2404/4104/3877
f 2471/4113/3979 2470/4117/3982 2758/4114/3980
f 2758/4114/3980 2470/4117/3982 2763/4118/3983
f 2758/4114/3980 2763/4118/3983 2764/4115/3981
f 2764/4115/3981 2763/4118/3983 2468/4116/3880
f 2470/4117/3982 2469/4119/3984 2763/4118/3983
f 2763/4118/3983 2469/4119/3984 2468/4116/3880
f 2402/4101/3968 2401/4120/3985 2757/4099/3966
f 2757/4099/3966 2401/4120/3985 2752/4121/3986
f 2757/4099/3966 2752/4121/3986 2751/4097/3964
f 2751/4097/3964 2752/4121/3986 2746/4122/3987
f 2751/4097/3964 2746/4122/3987 2745/4095/3962
f 2745/4095/3962 2746/4122/3987 2275/4123/3305
f 2745/4095/3962 2275/4123/3305 2274/4093/3301
f 2401/4120/3985 2400/4124/3988 2752/4121/3986
f 2752/4121/3986 2400/4124/3988 2747/4125/3989
f 2752/4121/3986 2747/4125/3989 2746/4122/3987
f 2746/4122/3987 2747/4125/3989 2275/4123/3305
f 2400/4124/3988 2399/4126/3990 2747/4125/3989
f 2747/4125/3989 2399/4126/3990 2275/4123/3305
f 2744/4094/3961 2743/4092/3960 2749/4127/3991
f 2749/4127/3991 2743/4092/3960 2748/4111/3977
f 2749/4127/3991 2748/4111/3977 2754/4109/3975
f 2744/4094/3961 2749/4127/3991 2750/4096/3963
f 2750/4096/3963 2749/4127/3991 2755/4128/3992
f 2750/4096/3963 2755/4128/3992 2756/4098/3965
f 2756/4098/3965 2755/4128/3992 2761/4129/3993
f 2756/4098/3965 2761/4129/3993 2762/4100/3967
f 2762/4100/3967 2761/4129/3993 2767/4103/3970
f 2755/4128/3992 2749/4127/3991 2754/4109/3975
f 2761/4129/3993 2755/4128/3992 2760/4107/3973
f 2760/4107/3973 2755/4128/3992 2754/4109/3975
f 2767/4103/3970 2761/4129/3993 2766/4105/3971
f 2766/4105/3971 2761/4129/3993 2760/4107/3973
f 2433/4130/3994 2768/4131/3995 2434/4132/3887
f 2434/4132/3887 2768/4131/3995 2769/4133/3996
f 2434/4132/3887 2769/4133/3996 2770/4134/3997
f 2770/4134/3997 2769/4133/3996 2775/4135/3998
f 2770/4134/3997 2775/4135/3998 2776/4136/3999
f 2776/4136/3999 2775/4135/3998 2781/4137/4000
f 2776/4136/3999 2781/4137/4000 2782/4138/4001
f 2782/4138/4001 2781/4137/4000 2787/4139/4002
f 2782/4138/4001 2787/4139/4002 2184/4140/4003
f 2184/4140/4003 2787/4139/4002 2185/4141/4004
f 2185/4141/4004 2787/4139/4002 2792/4142/4005
f 2185/4141/4004 2792/4142/4005 2186/4143/4006
f 2186/4143/4006 2792/4142/4005 2791/4144/4007
f 2186/4143/4006 2791/4144/4007 2790/4145/4008
f 2790/4145/4008 2791/4144/4007 2785/4146/4009
f 2790/4145/4008 2785/4146/4009 2784/4147/4010
f 2784/4147/4010 2785/4146/4009 2779/4148/4011
f 2784/4147/4010 2779/4148/4011 2778/4149/4012
f 2778/4149/4012 2779/4148/4011 2773/4150/4013
f 2778/4149/4012 2773/4150/4013 2432/4151/4014
f 2432/4151/4014 2773/4150/4013 2433/4130/3994
f 2433/4130/3994 2773/4150/4013 2768/4131/3995
f 2432/4151/4014 2431/4152/4015 2778/4149/4012
f 2778/4149/4012 2431/4152/4015 2783/4153/4016
f 2778/4149/4012 2783/4153/4016 2784/4147/4010
f 2784/4147/4010 2783/4153/4016 2789/4154/4017
f 2784/4147/4010 2789/4154/4017 2790/4145/4008
f 2790/4145/4008 2789/4154/4017 2428/4155/4018
f 2790/4145/4008 2428/4155/4018 2186/4143/4006
f 2431/4152/4015 2430/4156/4019 2783/4153/4016
f 2783/4153/4016 2430/4156/4019 2788/4157/4020
f 2783/4153/4016 2788/4157/4020 2789/4154/4017
f 2789/4154/4017 2788/4157/4020 2428/4155/4018
f 2430/4156/4019 2429/4158/4021 2788/4157/4020
f 2788/4157/4020 2429/4158/4021 2428/4155/4018
f 2184/4140/4003 2183/4159/4022 2782/4138/4001
f 2782/4138/4001 2183/4159/4022 2777/4160/4023
f 2782/4138/4001 2777/4160/4023 2776/4136/3999
f 2776/4136/3999 2777/4160/4023 2771/4161/4024
f 2776/4136/3999 2771/4161/4024 2770/4134/3997
f 2770/4134/3997 2771/4161/4024 2180/4162/3886
f 2770/4134/3997 2180/4162/3886 2434/4132/3887
f 2183/4159/4022 2182/4163/4025 2777/4160/4023
f 2777/4160/4023 2182/4163/4025 2772/4164/4026
f 2777/4160/4023 2772/4164/4026 2771/4161/4024
f 2771/4161/4024 2772/4164/4026 2180/4162/3886
f 2182/4163/4025 2181/4165/4027 2772/4164/4026
f 2772/4164/4026 2181/4165/4027 2180/4162/3886
f 2769/4133/3996 2768/4131/3995 2774/4166/4028
f 2774/4166/4028 2768/4131/3995 2773/4150/4013
f 2774/4166/4028 2773/4150/4013 2779/4148/4011
f 2769/4133/3996 2774/4166/4028 2775/4135/3998
f 2775/4135/3998 2774/4166/4028 2780/4167/4029
f 2775/4135/3998 2780/4167/4029 2781/4137/4000
f 2781/4137/4000 2780/4167/4029 2786/4168/4030
f 2781/4137/4000 2786/4168/4030 2787/4139/4002
f 2787/4139/4002 2786/4168/4030 2792/4142/4005
f 2780/4167/4029 2774/4166/4028 2779/4148/4011
f 2786/4168/4030 2780/4167/4029 2785/4146/4009
f 2785/4146/4009 2780/4167/4029 2779/4148/4011
f 2792/4142/4005 2786/4168/4030 2791/4144/4007
f 2791/4144/4007 2786/4168/4030 2785/4146/4009
f 2187/4169/3253 2794/4170/4031 2206/4171/3225
f 2206/4171/3225 2794/4170/4031 2828/4172/4032
f 2206/4171/3225 2828/4172/4032 2829/4173/4033
f 2186/4174/4006 2811/4175/4034 2187/4169/3253
f 2187/4169/3253 2811/4175/4034 2812/4176/4035
f 2187/4169/3253 2812/4176/4035 2813/4177/4036
f 2428/4178/4018 2804/4179/4037 2186/4174/4006
f 2186/4174/4006 2804/4179/4037 2805/4180/4038
f 2186/4174/4006 2805/4180/4038 2806/4181/4039
f 2206/4171/3225 2835/4182/4040 2428/4178/4018
f 2428/4178/4018 2835/4182/4040 2836/4183/4041
f 2428/4178/4018 2836/4183/4041 2837/4184/4042
f 2816/4185/4043 2793/4186/4044 2187/4169/3253
f 2187/4169/3253 2793/4186/4044 2794/4170/4031
f 2794/4170/4031 2795/4187/4045 2828/4172/4032
f 2828/4172/4032 2795/4187/4045 2827/4188/4046
f 2827/4188/4046 2795/4187/4045 2826/4189/4047
f 2826/4189/4047 2795/4187/4045 2796/4190/4048
f 2826/4189/4047 2796/4190/4048 2825/4191/4049
f 2825/4191/4049 2796/4190/4048 2797/4192/4050
f 2825/4191/4049 2797/4192/4050 2824/4193/4051
f 2824/4193/4051 2797/4192/4050 2798/4194/4052
f 2824/4193/4051 2798/4194/4052 2823/4195/4053
f 2823/4195/4053 2798/4194/4052 2799/4196/4054
f 2823/4195/4053 2799/4196/4054 2800/4197/4055
f 2823/4195/4053 2800/4197/4055 2822/4198/4056
f 2822/4198/4056 2800/4197/4055 2801/4199/4057
f 2822/4198/4056 2801/4199/4057 2821/4200/4058
f 2821/4200/4058 2801/4199/4057 2802/4201/4059
f 2821/4200/4058 2802/4201/4059 2820/4202/4060
f 2820/4202/4060 2802/4201/4059 2803/4203/4061
f 2820/4202/4060 2803/4203/4061 2819/4204/4062
f 2819/4204/4062 2803/4203/4061 2818/4205/4063
f 2818/4205/4063 2803/4203/4061 2804/4179/4037
f 2818/4205/4063 2804/4179/4037 2428/4178/4018
f 2806/4181/4039 2807/4206/4064 2186/4174/4006
f 2186/4174/4006 2807/4206/4064 2808/4207/4065
f 2186/4174/4006 2808/4207/4065 2809/4208/4066
f 2809/4208/4066 2810/4209/4067 2186/4174/4006
f 2186/4174/4006 2810/4209/4067 2811/4175/4034
f 2813/4177/4036 2814/4210/4068 2187/4169/3253
f 2187/4169/3253 2814/4210/4068 2815/4211/4069
f 2187/4169/3253 2815/4211/4069 2816/4185/4043
f 2840/4212/4070 2817/4213/4071 2428/4178/4018
f 2428/4178/4018 2817/4213/4071 2818/4205/4063
f 2829/4173/4033 2830/4214/4072 2206/4171/3225
f 2206/4171/3225 2830/4214/4072 2831/4215/4073
f 2206/4171/3225 2831/4215/4073 2832/4216/4074
f 2832/4216/4074 2833/4217/4075 2206/4171/3225
f 2206/4171/3225 2833/4217/4075 2834/4218/4076
f 2206/4171/3225 2834/4218/4076 2835/4182/4040
f 2837/4184/4042 2838/4219/4077 2428/4178/4018
f 2428/4178/4018 2838/4219/4077 2839/4220/4078
f 2428/4178/4018 2839/4220/4078 2840/4212/4070
f 2717/4221/4079 2490/4222/4080 2435/4223/4081
f 2435/4223/4081 2490/4222/4080 2436/4224/4082
f 2717/4225/4083 2716/4226/4084 2490/4227/4085
f 2490/4227/4085 2716/4226/4084 2491/4228/4086
f 2023/4229/4087 2204/4230/4088 2024/4231/4089
f 2024/4231/4089 2204/4230/4088 2203/4232/4090
f 2467/4233/4091 2466/4234/4092 2714/4235/4093
f 2714/4235/4093 2466/4234/4092 2493/4236/4094
f 2031/4237/4095 2196/4238/4096 2032/4239/4097
f 2032/4239/4097 2196/4238/4096 2195/4240/4098
f 2031/4241/4099 2030/4242/4100 2196/4243/4101
f 2196/4243/4101 2030/4242/4100 2197/4244/4102
f 2452/4245/4103 2451/4246/4104 2716/4247/4105
f 2716/4247/4105 2451/4246/4104 2491/4248/4106
f 2025/4249/4107 2202/4250/4108 2026/4251/4109
f 2026/4251/4109 2202/4250/4108 2201/4252/4110
f 2203/4253/4111 2202/4254/4112 2024/4255/4113
f 2024/4255/4113 2202/4254/4112 2025/4256/4114
f 2715/4257/4115 2492/4258/4116 2361/4259/4117
f 2361/4259/4117 2492/4258/4116 2362/4260/4118
f 2493/4261/4119 2492/4262/4120 2714/4263/4121
f 2714/4263/4121 2492/4262/4120 2715/4264/4122
f 2029/4265/4123 2198/4266/4124 2030/4267/4125
f 2030/4267/4125 2198/4266/4124 2197/4268/4126
f 2489/4269/4127 2488/4270/4128 2476/4271/4129
f 2476/4271/4129 2488/4270/4128 2477/4272/4130
f 2486/4273/4131 2489/4274/4132 2475/4275/4133
f 2475/4275/4133 2489/4274/4132 2476/4276/4134
f 2487/4277/4135 2486/4278/4136 2474/4279/4137
f 2474/4279/4137 2486/4278/4136 2475/4280/4138
f 2488/4281/4139 2487/4282/4140 2477/4283/4141
f 2477/4283/4141 2487/4282/4140 2474/4284/4142
f 2485/4285/4143 2484/4286/4144 2480/4287/4145
f 2480/4287/4145 2484/4286/4144 2481/4288/4146
f 2482/4289/4147 2485/4290/4148 2479/4291/4149
f 2479/4291/4149 2485/4290/4148 2480/4292/4150
f 2483/4293/4151 2482/4294/4152 2478/4295/4153
f 2478/4295/4153 2482/4294/4152 2479/4296/4154
f 2484/4297/4155 2483/4298/4156 2481/4299/4157
f 2481/4299/4157 2483/4298/4156 2478/4300/4158
f 2842/4301/4159 2301/4302/4160 2841/4303/4161
f 2841/4303/4161 2301/4302/4160 2300/4304/4162
f 2841/4305/4161 2300/4306/4162 2864/4307/4163
f 2864/4307/4163 2300/4306/4162 2323/4308/4164
f 2864/4307/4163 2323/4308/4164 2863/4309/4165
f 2863/4309/4165 2323/4308/4164 2322/4310/4166
f 2863/4309/4165 2322/4310/4166 2862/4311/4167
f 2862/4311/4167 2322/4310/4166 2321/4312/4168
f 2862/4311/4167 2321/4312/4168 2861/4313/4169
f 2861/4313/4169 2321/4312/4168 2320/4314/4170
f 2861/4313/4169 2320/4314/4170 2860/4315/4171
f 2860/4315/4171 2320/4314/4170 2319/4316/4172
f 2860/4315/4171 2319/4316/4172 2859/4317/4173
f 2859/4317/4173 2319/4316/4172 2318/4318/4174
f 2859/4317/4173 2318/4318/4174 2858/4319/4175
f 2858/4319/4175 2318/4318/4174 2317/4320/4176
f 2858/4319/4175 2317/4320/4176 2857/4321/4177
f 2857/4321/4177 2317/4320/4176 2316/4322/4178
f 2857/4321/4177 2316/4322/4178 2856/4323/4179
f 2856/4323/4179 2316/4322/4178 2315/4324/4180
f 2856/4323/4179 2315/4324/4180 2855/4325/4181
f 2855/4325/4181 2315/4324/4180 2314/4326/4182
f 2855/4325/4181 2314/4326/4182 2854/4327/4183
f 2854/4327/4183 2314/4326/4182 2313/4328/4184
f 2854/4327/4183 2313/4328/4184 2853/4329/4185
f 2853/4329/4185 2313/4328/4184 2312/4330/4186
f 2853/4329/4185 2312/4330/4186 2852/4331/4187
f 2852/4331/4187 2312/4330/4186 2311/4332/4188
f 2852/4331/4187 2311/4332/4188 2851/4333/4189
f 2851/4333/4189 2311/4332/4188 2310/4334/4190
f 2851/4333/4189 2310/4334/4190 2850/4335/4191
f 2850/4335/4191 2310/4334/4190 2309/4336/4192
f 2850/4335/4191 2309/4336/4192 2849/4337/4193
f 2849/4337/4193 2309/4336/4192 2308/4338/4194
f 2849/4337/4193 2308/4338/4194 2848/4339/4195
f 2848/4339/4195 2308/4338/4194 2307/4340/4196
f 2848/4339/4195 2307/4340/4196 2847/4341/4197
f 2847/4341/4197 2307/4340/4196 2306/4342/4198
f 2847/4341/4197 2306/4342/4198 2846/4343/4199
f 2846/4343/4199 2306/4342/4198 2305/4344/4200
f 2846/4343/4199 2305/4344/4200 2845/4345/4201
f 2845/4345/4201 2305/4344/4200 2304/4346/4202
f 2845/4345/4201 2304/4346/4202 2844/4347/4203
f 2844/4347/4203 2304/4346/4202 2303/4348/4204
f 2844/4347/4203 2303/4348/4204 2843/4349/4205
f 2843/4349/4205 2303/4348/4204 2302/4350/4206
f 2843/4349/4205 2302/4350/4206 2842/4301/4159
f 2842/4301/4159 2302/4350/4206 2301/4302/4160
f 2866/4351/4207 2818/4352/4208 2865/4353/4209
f 2865/4353/4209 2818/4352/4208 2817/4354/4210
f 2865/4355/4209 2817/4356/4210 2888/4357/4211
f 2888/4357/4211 2817/4356/4210 2840/4358/4212
f 2888/4357/4211 2840/4358/4212 2887/4359/4213
f 2887/4359/4213 2840/4358/4212 2839/4360/4214
f 2887/4359/4213 2839/4360/4214 2886/4361/4215
f 2886/4361/4215 2839/4360/4214 2838/4362/4216
f 2886/4361/4215 2838/4362/4216 2885/4363/4217
f 2885/4363/4217 2838/4362/4216 2837/4364/4218
f 2885/4363/4217 2837/4364/4218 2884/4365/4219
f 2884/4365/4219 2837/4364/4218 2836/4366/4220
f 2884/4365/4219 2836/4366/4220 2883/4367/4221
f 2883/4367/4221 2836/4366/4220 2835/4368/4222
f 2883/4367/4221 2835/4368/4222 2882/4369/4223
f 2882/4369/4223 2835/4368/4222 2834/4370/4224
f 2882/4369/4223 2834/4370/4224 2881/4371/4225
f 2881/4371/4225 2834/4370/4224 2833/4372/4226
f 2881/4371/4225 2833/4372/4226 2880/4373/4227
f 2880/4373/4227 2833/4372/4226 2832/4374/4228
f 2880/4373/4227 2832/4374/4228 2879/4375/4229
f 2879/4375/4229 2832/4374/4228 2831/4376/4230
f 2879/4375/4229 2831/4376/4230 2878/4377/4231
f 2878/4377/4231 2831/4376/4230 2830/4378/4232
f 2878/4377/4231 2830/4378/4232 2877/4379/4233
f 2877/4379/4233 2830/4378/4232 2829/4380/4234
f 2877/4379/4233 2829/4380/4234 2876/4381/4235
f 2876/4381/4235 2829/4380/4234 2828/4382/4236
f 2876/4381/4235 2828/4382/4236 2875/4383/4237
f 2875/4383/4237 2828/4382/4236 2827/4384/4238
f 2875/4383/4237 2827/4384/4238 2874/4385/4239
f 2874/4385/4239 2827/4384/4238 2826/4386/4240
f 2874/4385/4239 2826/4386/4240 2873/4387/4241
f 2873/4387/4241 2826/4386/4240 2825/4388/4242
f 2873/4387/4241 2825/4388/4242 2872/4389/4243
f 2872/4389/4243 2825/4388/4242 2824/4390/4244
f 2872/4389/4243 2824/4390/4244 2871/4391/4245
f 2871/4391/4245 2824/4390/4244 2823/4392/4246
f 2871/4391/4245 2823/4392/4246 2870/4393/4247
f 2870/4393/4247 2823/4392/4246 2822/4394/4248
f 2870/4393/4247 2822/4394/4248 2869/4395/4249
f 2869/4395/4249 2822/4394/4248 2821/4396/4250
f 2869/4395/4249 2821/4396/4250 2868/4397/4251
f 2868/4397/4251 2821/4396/4250 2820/4398/4252
f 2868/4397/4251 2820/4398/4252 2867/4399/4253
f 2867/4399/4253 2820/4398/4252 2819/4400/4254
f 2867/4399/4253 2819/4400/4254 2866/4351/4207
f 2866/4351/4207 2819/4400/4254 2818/4352/4208
f 2890/4401/4255 2794/4402/4256 2889/4403/4257
f 2889/4403/4257 2794/4402/4256 2793/4404/4258
f 2889/4405/4257 2793/4406/4258 2912/4407/4259
f 2912/4407/4259 2793/4406/4258 2816/4408/4260
f 2912/4407/4259 2816/4408/4260 2911/4409/4261
f 2911/4409/4261 2816/4408/4260 2815/4410/4262
f 2911/4409/4261 2815/4410/4262 2910/4411/4263
f 2910/4411/4263 2815/4410/4262 2814/4412/4264
f 2910/4411/4263 2814/4412/4264 2909/4413/4265
f 2909/4413/4265 2814/4412/4264 2813/4414/4266
f 2909/4413/4265 2813/4414/4266 2908/4415/4267
f 2908/4415/4267 2813/4414/4266 2812/4416/4268
f 2908/4415/4267 2812/4416/4268 2907/4417/4269
f 2907/4417/4269 2812/4416/4268 2811/4418/4270
f 2907/4417/4269 2811/4418/4270 2906/4419/4271
f 2906/4419/4271 2811/4418/4270 2810/4420/4272
f 2906/4419/4271 2810/4420/4272 2905/4421/4273
f 2905/4421/4273 2810/4420/4272 2809/4422/4274
f 2905/4421/4273 2809/4422/4274 2904/4423/4275
f 2904/4423/4275 2809/4422/4274 2808/4424/4276
f 2904/4423/4275 2808/4424/4276 2903/4425/4277
f 2903/4425/4277 2808/4424/4276 2807/4426/4278
f 2903/4425/4277 2807/4426/4278 2902/4427/4279
f 2902/4427/4279 2807/4426/4278 2806/4428/4280
f 2902/4427/4279 2806/4428/4280 2901/4429/4281
f 2901/4429/4281 2806/4428/4280 2805/4430/4282
f 2901/4429/4281 2805/4430/4282 2900/4431/4283
f 2900/4431/4283 2805/4430/4282 2804/4432/4284
f 2900/4431/4283 2804/4432/4284 2899/4433/4285
f 2899/4433/4285 2804/4432/4284 2803/4434/4286
f 2899/4433/4285 2803/4434/4286 2898/4435/4287
f 2898/4435/4287 2803/4434/4286 2802/4436/4288
f 2898/4435/4287 2802/4436/4288 2897/4437/4289
f 2897/4437/4289 2802/4436/4288 2801/4438/4290
f 2897/4437/4289 2801/4438/4290 2896/4439/4291
f 2896/4439/4291 2801/4438/4290 2800/4440/4292
f 2896/4439/4291 2800/4440/4292 2895/4441/4293
f 2895/4441/4293 2800/4440/4292 2799/4442/4294
f 2895/4441/4293 2799/4442/4294 2894/4443/4295
f 2894/4443/4295 2799/4442/4294 2798/4444/4296
f 2894/4443/4295 2798/4444/4296 2893/4445/4297
f 2893/4445/4297 2798/4444/4296 2797/4446/4298
f 2893/4445/4297 2797/4446/4298 2892/4447/4299
f 2892/4447/4299 2797/4446/4298 2796/4448/4300
f 2892/4447/4299 2796/4448/4300 2891/4449/4301
f 2891/4449/4301 2796/4448/4300 2795/4450/4302
f 2891/4449/4301 2795/4450/4302 2890/4401/4255
f 2890/4401/4255 2795/4450/4302 2794/4402/4256
f 2914/4451/4303 2277/4452/4304 2913/4453/4305
f 2913/4453/4305 2277/4452/4304 2276/4454/4306
f 2913/4455/4305 2276/4456/4306 2936/4457/4307
f 2936/4457/4307 2276/4456/4306 2299/4458/4308
f 2936/4457/4307 2299/4458/4308 2935/4459/4309
f 2935/4459/4309 2299/4458/4308 2298/4460/4310
f 2935/4459/4309 2298/4460/4310 2934/4461/4311
f 2934/4461/4311 2298/4460/4310 2297/4462/4312
f 2934/4461/4311 2297/4462/4312 2933/4463/4313
f 2933/4463/4313 2297/4462/4312 2296/4464/4314
f 2933/4463/4313 2296/4464/4314 2932/4465/4315
f 2932/4465/4315 2296/4464/4314 2295/4466/4316
f 2932/4465/4315 2295/4466/4316 2931/4467/4317
f 2931/4467/4317 2295/4466/4316 2294/4468/4318
f 2931/4467/4317 2294/4468/4318 2930/4469/4319
f 2930/4469/4319 2294/4468/4318 2293/4470/4320
f 2930/4469/4319 2293/4470/4320 2929/4471/4321
f 2929/4471/4321 2293/4470/4320 2292/4472/4322
f 2929/4471/4321 2292/4472/4322 2928/4473/4323
f 2928/4473/4323 2292/4472/4322 2291/4474/4324
f 2928/4473/4323 2291/4474/4324 2927/4475/4325
f 2927/4475/4325 2291/4474/4324 2290/4476/4326
f 2927/4475/4325 2290/4476/4326 2926/4477/4327
f 2926/4477/4327 2290/4476/4326 2289/4478/4328
f 2926/4477/4327 2289/4478/4328 2925/4479/4329
f 2925/4479/4329 2289/4478/4328 2288/4480/4330
f 2925/4479/4329 2288/4480/4330 2924/4481/4331
f 2924/4481/4331 2288/4480/4330 2287/4482/4332
f 2924/4481/4331 2287/4482/4332 2923/4483/4333
f 2923/4483/4333 2287/4482/4332 2286/4484/4334
f 2923/4483/4333 2286/4484/4334 2922/4485/4335
f 2922/4485/4335 2286/4484/4334 2285/4486/4336
f 2922/4485/4335 2285/4486/4336 2921/4487/4337
f 2921/4487/4337 2285/4486/4336 2284/4488/4338
f 2921/4487/4337 2284/4488/4338 2920/4489/4339
f 2920/4489/4339 2284/4488/4338 2283/4490/4340
f 2920/4489/4339 2283/4490/4340 2919/4491/4341
f 2919/4491/4341 2283/4490/4340 2282/4492/4342
f 2919/4491/4341 2282/4492/4342 2918/4493/4343
f 2918/4493/4343 2282/4492/4342 2281/4494/4344
f 2918/4493/4343 2281/4494/4344 2917/4495/4345
f 2917/4495/4345 2281/4494/4344 2280/4496/4346
f 2917/4495/4345 2280/4496/4346 2916/4497/4347
f 2916/4497/4347 2280/4496/4346 2279/4498/4348
f 2916/4497/4347 2279/4498/4348 2915/4499/4349
f 2915/4499/4349 2279/4498/4348 2278/4500/4350
f 2915/4499/4349 2278/4500/4350 2914/4451/4303
f 2914/4451/4303 2278/4500/4350 2277/4452/4304
f 2417/4501/3494 2890/4502/4351 2165/4503/3492
f 2165/4503/3492 2890/4502/4351 2889/4504/4352
f 2165/4503/3492 2889/4504/4352 2912/4505/4353
f 2443/4506/3900 2883/4507/4354 2417/4501/3494
f 2417/4501/3494 2883/4507/4354 2882/4508/4355
f 2417/4501/3494 2882/4508/4355 2881/4509/4356
f 2166/4510/3902 2900/4511/4357 2443/4506/3900
f 2443/4506/3900 2900/4511/4357 2866/4512/4358
f 2443/4506/3900 2866/4512/4358 2865/4513/4359
f 2165/4503/3492 2907/4514/4360 2166/4510/3902
f 2166/4510/3902 2907/4514/4360 2906/4515/4361
f 2166/4510/3902 2906/4515/4361 2905/4516/4362
f 2865/4513/4359 2888/4517/4363 2443/4506/3900
f 2443/4506/3900 2888/4517/4363 2887/4518/4364
f 2443/4506/3900 2887/4518/4364 2886/4519/4365
f 2886/4519/4365 2885/4520/4366 2443/4506/3900
f 2443/4506/3900 2885/4520/4366 2884/4521/4367
f 2443/4506/3900 2884/4521/4367 2883/4507/4354
f 2881/4509/4356 2880/4522/4368 2417/4501/3494
f 2417/4501/3494 2880/4522/4368 2879/4523/4369
f 2417/4501/3494 2879/4523/4369 2878/4524/4370
f 2878/4524/4370 2877/4525/4371 2417/4501/3494
f 2417/4501/3494 2877/4525/4371 2876/4526/4372
f 2417/4501/3494 2876/4526/4372 2890/4502/4351
f 2890/4502/4351 2876/4526/4372 2891/4527/4373
f 2891/4527/4373 2876/4526/4372 2875/4528/4374
f 2891/4527/4373 2875/4528/4374 2874/4529/4375
f 2891/4527/4373 2874/4529/4375 2892/4530/4376
f 2892/4530/4376 2874/4529/4375 2873/4531/4377
f 2892/4530/4376 2873/4531/4377 2893/4532/4378
f 2893/4532/4378 2873/4531/4377 2872/4533/4379
f 2893/4532/4378 2872/4533/4379 2894/4534/4380
f 2894/4534/4380 2872/4533/4379 2871/4535/4381
f 2894/4534/4380 2871/4535/4381 2895/4536/4382
f 2895/4536/4382 2871/4535/4381 2896/4537/4383
f 2896/4537/4383 2871/4535/4381 2870/4538/4384
f 2896/4537/4383 2870/4538/4384 2897/4539/4385
f 2897/4539/4385 2870/4538/4384 2869/4540/4386
f 2897/4539/4385 2869/4540/4386 2898/4541/4387
f 2898/4541/4387 2869/4540/4386 2868/4542/4388
f 2898/4541/4387 2868/4542/4388 2899/4543/4389
f 2899/4543/4389 2868/4542/4388 2867/4544/4390
f 2899/4543/4389 2867/4544/4390 2866/4512/4358
f 2912/4505/4353 2911/4545/4391 2165/4503/3492
f 2165/4503/3492 2911/4545/4391 2910/4546/4392
f 2165/4503/3492 2910/4546/4392 2909/4547/4393
f 2909/4547/4393 2908/4548/4394 2165/4503/3492
f 2165/4503/3492 2908/4548/4394 2907/4514/4360
f 2905/4516/4362 2904/4549/4395 2166/4510/3902
f 2166/4510/3902 2904/4549/4395 2903/4550/4396
f 2166/4510/3902 2903/4550/4396 2902/4551/4397
f 2902/4551/4397 2901/4552/4398 2166/4510/3902
f 2166/4510/3902 2901/4552/4398 2900/4511/4357
f 2900/4511/4357 2899/4543/4389 2866/4512/4358
f 2375/4553/3426 2936/4554/4399 2376/4555/3424
f 2376/4555/3424 2936/4554/4399 2854/4556/4400
f 2376/4555/3424 2854/4556/4400 2853/4557/4401
f 2398/4558/3912 2919/4559/4402 2375/4553/3426
f 2375/4553/3426 2919/4559/4402 2918/4560/4403
f 2375/4553/3426 2918/4560/4403 2917/4561/4404
f 2459/4562/3914 2926/4563/4405 2398/4558/3912
f 2398/4558/3912 2926/4563/4405 2925/4564/4406
f 2398/4558/3912 2925/4564/4406 2924/4565/4407
f 2376/4555/3424 2847/4566/4408 2459/4562/3914
f 2459/4562/3914 2847/4566/4408 2846/4567/4409
f 2459/4562/3914 2846/4567/4409 2845/4568/4410
f 2842/4569/4411 2841/4570/4412 2459/4562/3914
f 2459/4562/3914 2841/4570/4412 2864/4571/4413
f 2459/4562/3914 2864/4571/4413 2926/4563/4405
f 2926/4563/4405 2864/4571/4413 2863/4572/4414
f 2926/4563/4405 2863/4572/4414 2927/4573/4415
f 2927/4573/4415 2863/4572/4414 2928/4574/4416
f 2928/4574/4416 2863/4572/4414 2862/4575/4417
f 2928/4574/4416 2862/4575/4417 2929/4576/4418
f 2929/4576/4418 2862/4575/4417 2861/4577/4419
f 2929/4576/4418 2861/4577/4419 2930/4578/4420
f 2930/4578/4420 2861/4577/4419 2860/4579/4421
f 2930/4578/4420 2860/4579/4421 2931/4580/4422
f 2931/4580/4422 2860/4579/4421 2859/4581/4423
f 2931/4580/4422 2859/4581/4423 2858/4582/4424
f 2931/4580/4422 2858/4582/4424 2932/4583/4425
f 2932/4583/4425 2858/4582/4424 2857/4584/4426
f 2932/4583/4425 2857/4584/4426 2933/4585/4427
f 2933/4585/4427 2857/4584/4426 2856/4586/4428
f 2933/4585/4427 2856/4586/4428 2934/4587/4429
f 2934/4587/4429 2856/4586/4428 2855/4588/4430
f 2934/4587/4429 2855/4588/4430 2935/4589/4431
f 2935/4589/4431 2855/4588/4430 2936/4554/4399
f 2936/4554/4399 2855/4588/4430 2854/4556/4400
f 2853/4557/4401 2852/4590/4432 2376/4555/3424
f 2376/4555/3424 2852/4590/4432 2851/4591/4433
f 2376/4555/3424 2851/4591/4433 2850/4592/4434
f 2850/4592/4434 2849/4593/4435 2376/4555/3424
f 2376/4555/3424 2849/4593/4435 2848/4594/4436
f 2376/4555/3424 2848/4594/4436 2847/4566/4408
f 2845/4568/4410 2844/4595/4437 2459/4562/3914
f 2459/4562/3914 2844/4595/4437 2843/4596/4438
f 2459/4562/3914 2843/4596/4438 2842/4569/4411
f 2914/4597/4439 2913/4598/4440 2375/4553/3426
f 2375/4553/3426 2913/4598/4440 2936/4554/4399
f 2924/4565/4407 2923/4599/4441 2398/4558/3912
f 2398/4558/3912 2923/4599/4441 2922/4600/4442
f 2398/4558/3912 2922/4600/4442 2921/4601/4443
f 2921/4601/4443 2920/4602/4444 2398/4558/3912
f 2398/4558/3912 2920/4602/4444 2919/4559/4402
f 2917/4561/4404 2916/4603/4445 2375/4553/3426
f 2375/4553/3426 2916/4603/4445 2915/4604/4446
f 2375/4553/3426 2915/4604/4446 2914/4597/4439
g Body5

v 742.165394 -0.000000 -1689.649910
v 952.096394 -0.000000 -1689.649910
v 952.096394 -0.000000 -1648.882910
v 965.812394 -0.000000 -1648.882910
v 965.812394 -0.000000 -1677.838910
v 987.145346 -0.000000 -1677.838910
v 987.145346 -0.000000 -209.463386
v 965.812394 -0.000000 -209.463386
v 965.812394 -0.000000 -238.800386
v 952.096394 -0.000000 -238.800386
v 952.096394 -0.000000 -197.655434
v 742.165394 -0.000000 -197.655434
v 952.096394 5324.475000 -1689.649910
v 742.165394 5324.475000 -1689.649910
v 742.165394 5324.475000 -197.655434
v 952.096394 5324.475000 -197.655434
v 952.096394 5324.475000 -238.800386
v 965.812394 5324.475000 -238.800386
v 965.812394 5324.475000 -209.463386
v 987.145346 5324.475000 -209.463386
v 987.145346 5324.475000 -1677.838910
v 965.812394 5324.475000 -1677.838910
v 965.812394 5324.475000 -1648.882910
v 952.096394 5324.475000 -1648.882910
v 987.145346 3441.382500 -238.992410
v 987.145346 5153.025000 -238.992410
v 987.145346 5153.025000 -1648.692410
v 987.145346 3441.382500 -1648.692410
v 987.145346 59.055000 -238.992410
v 987.145346 3214.687599 -238.992410
v 987.145346 3214.687500 -1648.692410
v 987.145346 59.055000 -1648.692410
v 742.165394 3214.687500 -1648.692410
v 742.165394 3214.687599 -238.992410
v 742.165394 59.055000 -238.992410
v 742.165394 59.055000 -1648.692410
v 742.165394 5153.025000 -1648.692410
v 742.165394 5153.025000 -238.992410
v 742.165394 3441.382500 -238.992410
v 742.165394 3441.382500 -1648.692410
vt 151.542750 20.993100 0.000000
vt 147.466050 20.993100 0.000000
vt 151.542750 0.000000 0.000000
vt 6.457798 20.993100 0.000000
vt 2.343302 0.000000 0.000000
vt 2.343302 20.993100 0.000000
vt 6.457798 22.364700 0.000000
vt 147.466050 22.364700 0.000000
vt 150.361650 24.497995 0.000000
vt 150.361650 22.364700 0.000000
vt 3.524098 24.497995 0.000000
vt 3.524098 22.364700 0.000000
vt 0.000000 20.993100 0.000000
vt 0.000000 0.000000 0.000000
vt 4.076700 20.993100 0.000000
vt 145.084952 20.993100 0.000000
vt 4.076700 22.364700 0.000000
vt 145.084952 22.364700 0.000000
vt 1.181100 24.497995 0.000000
vt 148.018652 24.497995 0.000000
vt 148.018652 22.364700 0.000000
vt 149.199448 -0.000000 0.000000
vt 149.199448 20.993100 0.000000
vt 1.181100 22.364700 0.000000
vt 0.000000 12.700000 0.000000
vt 20.993100 12.700000 0.000000
vt 0.000000 545.147500 0.000000
vt 20.993100 545.147500 0.000000
vt 0.000000 12.700000 0.000000
vt 4.114495 12.700000 0.000000
vt 0.000000 545.147500 0.000000
vt 4.114495 545.147500 0.000000
vt 0.000000 12.700000 0.000000
vt 1.371600 12.700000 0.000000
vt 0.000000 545.147500 0.000000
vt 1.371600 545.147500 0.000000
vt 0.000000 12.700000 0.000000
vt 2.933700 12.700000 0.000000
vt 0.000000 545.147500 0.000000
vt 2.933700 545.147500 0.000000
vt 0.000000 12.700000 0.000000
vt 2.133295 12.700000 0.000000
vt 0.000000 545.147500 0.000000
vt 2.133295 545.147500 0.000000
vt 0.000000 12.700000 0.000000
vt 2.133295 12.700000 0.000000
vt 0.000000 545.147500 0.000000
vt 2.133295 545.147500 0.000000
vt 0.000000 12.700000 0.000000
vt 2.895600 12.700000 0.000000
vt 0.000000 545.147500 0.000000
vt 2.895600 545.147500 0.000000
vt 0.000000 12.700000 0.000000
vt 1.371600 12.700000 0.000000
vt 0.000000 545.147500 0.000000
vt 1.371600 545.147500 0.000000
vt 0.000000 12.700000 0.000000
vt 4.076700 12.700000 0.000000
vt 0.000000 545.147500 0.000000
vt 4.076700 545.147500 0.000000
vt 2.952902 528.002500 0.000000
vt 0.000000 545.147500 0.000000
vt 2.952902 356.838250 0.000000
vt 2.952902 334.168760 0.000000
vt 143.922902 334.168750 0.000000
vt 146.837552 545.147500 0.000000
vt 143.922902 528.002500 0.000000
vt 143.922902 356.838250 0.000000
vt 0.000000 12.700000 0.000000
vt 2.952902 18.605500 0.000000
vt 146.837552 12.700000 0.000000
vt 143.922902 18.605500 0.000000
vt 266.223750 -73.428073 0.000000
vt 55.245010 -69.294375 0.000000
vt -266.223750 -73.428073 0.000000
vt -260.318250 -69.294375 0.000000
vt -266.223750 75.771375 0.000000
vt -260.318250 71.675625 0.000000
vt 55.245000 71.675625 0.000000
vt 266.223750 75.771375 0.000000
vt 249.078750 -69.294375 0.000000
vt 77.914500 -69.294375 0.000000
vt 77.914500 71.675625 0.000000
vt 249.078750 71.675625 0.000000
vt 140.970000 24.497995 0.000000
vt -0.000000 24.497995 0.000000
vt 140.970000 0.000000 0.000000
vt -0.000000 0.000000 0.000000
vt 315.563260 24.497995 0.000000
vt 0.000000 24.497995 0.000000
vt 315.563260 0.000000 0.000000
vt 0.000000 0.000000 0.000000
vt 140.970000 24.497995 0.000000
vt 0.000000 24.497995 0.000000
vt 140.970000 0.000000 0.000000
vt 0.000000 0.000000 0.000000
vt 171.164250 24.497995 0.000000
vt 0.000000 24.497995 0.000000
vt 171.164250 0.000000 0.000000
vt 0.000000 0.000000 0.000000
vt 140.970000 24.497995 0.000000
vt 0.000000 24.497995 0.000000
vt 140.970000 0.000000 0.000000
vt 0.000000 0.000000 0.000000
vt 315.563250 24.497995 0.000000
vt -0.000000 24.497995 0.000000
vt 315.563250 -0.000000 0.000000
vt 0.000000 0.000000 0.000000
vt 140.970000 24.497995 0.000000
vt 0.000000 24.497995 0.000000
vt 140.970000 0.000000 0.000000
vt 0.000000 0.000000 0.000000
vt 171.164250 24.497995 0.000000
vt -0.000000 24.497995 0.000000
vt 171.164250 -0.000000 0.000000
vt 0.000000 0.000000 0.000000
vt 532.447500 20.993100 0.000000
vt -0.000000 20.993100 0.000000
vt 532.447500 -0.000000 0.000000
vt 0.000000 0.000000 0.000000
vn -0.000000 -0.100000 0.000000
vn -0.000000 -0.100000 0.000000
vn -0.000000 -0.100000 0.000000
vn -0.000000 -0.100000 0.000000
vn -0.000000 -0.100000 0.000000
vn -0.000000 -0.100000 0.000000
vn -0.000000 -0.100000 0.000000
vn -0.000000 -0.100000 0.000000
vn -0.000000 -0.100000 0.000000
vn -0.000000 -0.100000 0.000000
vn -0.000000 -0.100000 0.000000
vn -0.000000 -0.100000 0.000000
vn 0.000000 0.100000 0.000000
vn 0.000000 0.100000 0.000000
vn 0.000000 0.100000 0.000000
vn 0.000000 0.100000 0.000000
vn 0.000000 0.100000 0.000000
vn 0.000000 0.100000 0.000000
vn 0.000000 0.100000 0.000000
vn 0.000000 0.100000 0.000000
vn 0.000000 0.100000 0.000000
vn 0.000000 0.100000 0.000000
vn 0.000000 0.100000 0.000000
vn 0.000000 0.100000 0.000000
vn 0.000000 0.000000 0.100000
vn 0.000000 0.000000 0.100000
vn 0.000000 0.000000 0.100000
vn 0.000000 0.000000 0.100000
vn 0.100000 0.000000 0.000000
vn 0.100000 0.000000 0.000000
vn 0.100000 0.000000 0.000000
vn 0.100000 0.000000 0.000000
vn 0.000000 0.000000 0.100000
vn 0.000000 0.000000 0.100000
vn 0.000000 0.000000 0.100000
vn 0.000000 0.000000 0.100000
vn -0.100000 0.000000 0.000000
vn -0.100000 0.000000 0.000000
vn -0.100000 0.000000 0.000000
vn -0.100000 0.000000 0.000000
vn 0.000000 0.000000 0.100000
vn 0.000000 0.000000 0.100000
vn 0.000000 0.000000 0.100000
vn 0.000000 0.000000 0.100000
vn 0.000000 0.000000 -0.100000
vn 0.000000 0.000000 -0.100000
vn 0.000000 0.000000 -0.100000
vn 0.000000 0.000000 -0.100000
vn -0.100000 0.000000 0.000000
vn -0.100000 0.000000 0.000000
vn -0.100000 0.000000 0.000000
vn -0.100000 0.000000 0.000000
vn 0.000000 0.000000 -0.100000
vn 0.000000 0.000000 -0.100000
vn 0.000000 0.000000 -0.100000
vn 0.000000 0.000000 -0.100000
vn 0.100000 0.000000 0.000000
vn 0.100000 0.000000 0.000000
vn 0.100000 0.000000 0.000000
vn 0.100000 0.000000 0.000000
vn 0.100000 0.000000 0.000000
vn 0.100000 0.000000 0.000000
vn 0.100000 0.000000 0.000000
vn 0.100000 0.000000 0.000000
vn 0.100000 0.000000 0.000000
vn 0.100000 0.000000 0.000000
vn 0.100000 0.000000 0.000000
vn 0.100000 0.000000 0.000000
vn 0.100000 0.000000 0.000000
vn 0.100000 0.000000 0.000000
vn 0.100000 0.000000 0.000000
vn 0.100000 0.000000 0.000000
vn -0.100000 0.000000 -0.000000
vn -0.100000 0.000000 -0.000000
vn -0.100000 0.000000 -0.000000
vn -0.100000 0.000000 -0.000000
vn -0.100000 0.000000 -0.000000
vn -0.100000 0.000000 -0.000000
vn -0.100000 0.000000 -0.000000
vn -0.100000 0.000000 -0.000000
vn -0.100000 0.000000 -0.000000
vn -0.100000 0.000000 -0.000000
vn -0.100000 0.000000 -0.000000
vn -0.100000 0.000000 -0.000000
vn -0.000000 -0.100000 0.000000
vn -0.000000 -0.100000 0.000000
vn -0.000000 -0.100000 0.000000
vn -0.000000 -0.100000 0.000000
vn 0.000000 0.000000 -0.100000
vn 0.000000 0.000000 -0.100000
vn 0.000000 0.000000 -0.100000
vn 0.000000 0.000000 -0.100000
vn -0.000000 -0.100000 0.000000
vn -0.000000 -0.100000 0.000000
vn -0.000000 -0.100000 0.000000
vn -0.000000 -0.100000 0.000000
vn 0.000000 0.000000 -0.100000
vn 0.000000 0.000000 -0.100000
vn 0.000000 0.000000 -0.100000
vn 0.000000 0.000000 -0.100000
vn 0.000000 0.100000 0.000000
vn 0.000000 0.100000 0.000000
vn 0.000000 0.100000 0.000000
vn 0.000000 0.100000 0.000000
vn 0.000000 0.000000 0.100000
vn 0.000000 0.000000 0.100000
vn 0.000000 0.000000 0.100000
vn 0.000000 0.000000 0.100000
vn 0.000000 0.100000 0.000000
vn 0.000000 0.100000 0.000000
vn 0.000000 0.100000 0.000000
vn 0.000000 0.100000 0.000000
vn 0.000000 0.000000 0.100000
vn 0.000000 0.000000 0.100000
vn 0.000000 0.000000 0.100000
vn 0.000000 0.000000 0.100000
vn 0.000000 0.000000 -0.100000
vn 0.000000 0.000000 -0.100000
vn 0.000000 0.000000 -0.100000
vn 0.000000 0.000000 -0.100000
f 2938/4605/4447 2939/4606/4448 2937/4607/4449
f 2937/4607/4449 2939/4606/4448 2946/4608/4450
f 2937/4607/4449 2946/4608/4450 2948/4609/4451
f 2948/4609/4451 2946/4608/4450 2947/4610/4452
f 2946/4608/4450 2939/4606/4448 2945/4611/4453
f 2945/4611/4453 2939/4606/4448 2940/4612/4454
f 2945/4611/4453 2940/4612/4454 2942/4613/4455
f 2942/4613/4455 2940/4612/4454 2941/4614/4456
f 2942/4613/4455 2943/4615/4457 2945/4611/4453
f 2945/4611/4453 2943/4615/4457 2944/4616/4458
f 2949/4617/4459 2950/4618/4460 2960/4619/4461
f 2960/4619/4461 2950/4618/4460 2953/4620/4462
f 2960/4619/4461 2953/4620/4462 2959/4621/4463
f 2959/4621/4463 2953/4620/4462 2954/4622/4464
f 2959/4621/4463 2954/4622/4464 2957/4623/4465
f 2957/4623/4465 2954/4622/4464 2956/4624/4466
f 2956/4624/4466 2954/4622/4464 2955/4625/4467
f 2950/4618/4460 2951/4626/4468 2953/4620/4462
f 2953/4620/4462 2951/4626/4468 2952/4627/4469
f 2957/4623/4465 2958/4628/4470 2959/4621/4463
f 2948/4629/4471 2947/4630/4472 2951/4631/4473
f 2951/4631/4473 2947/4630/4472 2952/4632/4474
f 2947/4633/4475 2946/4634/4476 2952/4635/4477
f 2952/4635/4477 2946/4634/4476 2953/4636/4478
f 2946/4637/4479 2945/4638/4480 2953/4639/4481
f 2953/4639/4481 2945/4638/4480 2954/4640/4482
f 2945/4641/4483 2944/4642/4484 2954/4643/4485
f 2954/4643/4485 2944/4642/4484 2955/4644/4486
f 2944/4645/4487 2943/4646/4488 2955/4647/4489
f 2955/4647/4489 2943/4646/4488 2956/4648/4490
f 2942/4649/4491 2941/4650/4492 2957/4651/4493
f 2957/4651/4493 2941/4650/4492 2958/4652/4494
f 2941/4653/4495 2940/4654/4496 2958/4655/4497
f 2958/4655/4497 2940/4654/4496 2959/4656/4498
f 2940/4657/4499 2939/4658/4500 2959/4659/4501
f 2959/4659/4501 2939/4658/4500 2960/4660/4502
f 2939/4661/4503 2938/4662/4504 2960/4663/4505
f 2960/4663/4505 2938/4662/4504 2949/4664/4506
f 2962/4665/4507 2956/4666/4508 2961/4667/4509
f 2961/4667/4509 2956/4666/4508 2966/4668/4510
f 2961/4667/4509 2966/4668/4510 2967/4669/4511
f 2956/4666/4508 2962/4665/4507 2957/4670/4512
f 2957/4670/4512 2962/4665/4507 2963/4671/4513
f 2957/4670/4512 2963/4671/4513 2964/4672/4514
f 2957/4670/4512 2964/4672/4514 2967/4669/4511
f 2967/4669/4511 2964/4672/4514 2961/4667/4509
f 2966/4668/4510 2943/4673/4515 2965/4674/4516
f 2965/4674/4516 2943/4673/4515 2942/4675/4517
f 2965/4674/4516 2942/4675/4517 2968/4676/4518
f 2968/4676/4518 2942/4675/4517 2967/4669/4511
f 2967/4669/4511 2942/4675/4517 2957/4670/4512
f 2956/4666/4508 2943/4673/4515 2966/4668/4510
f 2951/4677/4519 2970/4678/4520 2948/4679/4521
f 2948/4679/4521 2970/4678/4520 2971/4680/4522
f 2948/4679/4521 2971/4680/4522 2937/4681/4523
f 2937/4681/4523 2971/4680/4522 2972/4682/4524
f 2937/4681/4523 2972/4682/4524 2969/4683/4525
f 2950/4684/4526 2974/4685/4527 2951/4677/4519
f 2951/4677/4519 2974/4685/4527 2975/4686/4528
f 2951/4677/4519 2975/4686/4528 2970/4678/4520
f 2970/4678/4520 2975/4686/4528 2969/4683/4525
f 2969/4683/4525 2975/4686/4528 2976/4687/4529
f 2969/4683/4525 2976/4687/4529 2950/4684/4526
f 2950/4684/4526 2976/4687/4529 2973/4688/4530
f 2950/4684/4526 2973/4688/4530 2974/4685/4527
f 2950/4684/4526 2937/4681/4523 2969/4683/4525
f 2967/4689/4531 2966/4690/4532 2969/4691/4533
f 2969/4691/4533 2966/4690/4532 2970/4692/4534
f 2966/4693/4535 2965/4694/4536 2970/4695/4537
f 2970/4695/4537 2965/4694/4536 2971/4696/4538
f 2963/4697/4539 2962/4698/4540 2973/4699/4541
f 2973/4699/4541 2962/4698/4540 2974/4700/4542
f 2962/4701/4543 2961/4702/4544 2974/4703/4545
f 2974/4703/4545 2961/4702/4544 2975/4704/4546
f 2965/4705/4547 2968/4706/4548 2971/4707/4549
f 2971/4707/4549 2968/4706/4548 2972/4708/4550
f 2968/4709/4551 2967/4710/4552 2972/4711/4553
f 2972/4711/4553 2967/4710/4552 2969/4712/4554
f 2961/4713/4555 2964/4714/4556 2975/4715/4557
f 2975/4715/4557 2964/4714/4556 2976/4716/4558
f 2964/4717/4559 2963/4718/4560 2976/4719/4561
f 2976/4719/4561 2963/4718/4560 2973/4720/4562
f 2949/4721/4563 2938/4722/4564 2950/4723/4565
f 2950/4723/4565 2938/4722/4564 2937/4724/4566
g Body6

v 26.737296 512.651043 -108.865044
v 25.299233 512.840368 -108.865044
v 23.959171 513.395440 -108.865044
v 22.808434 514.278431 -108.865044
v 21.925443 515.429168 -108.865044
v 21.370371 516.769230 -108.865044
v 21.181046 518.207293 -108.865044
v 21.370371 519.645357 -108.865044
v 21.925443 520.985418 -108.865044
v 22.808434 522.136155 -108.865044
v 23.959171 523.019147 -108.865044
v 25.299233 523.574219 -108.865044
v 26.737296 523.763543 -108.865044
v 28.175360 523.574219 -108.865044
v 29.515421 523.019147 -108.865044
v 30.666158 522.136155 -108.865044
v 31.549150 520.985418 -108.865044
v 32.104222 519.645357 -108.865044
v 32.293546 518.207293 -108.865044
v 32.104222 516.769230 -108.865044
v 31.549150 515.429168 -108.865044
v 30.666158 514.278431 -108.865044
v 29.515421 513.395440 -108.865044
v 28.175360 512.840368 -108.865044
v 26.737296 512.651043 -102.515044
v 28.175360 512.840368 -102.515044
v 29.515421 513.395440 -102.515044
v 30.666158 514.278431 -102.515044
v 31.549150 515.429168 -102.515044
v 32.104222 516.769230 -102.515044
v 32.293546 518.207293 -102.515044
v 32.104222 519.645357 -102.515044
v 31.549150 520.985418 -102.515044
v 30.666158 522.136155 -102.515044
v 29.515421 523.019147 -102.515044
v 28.175360 523.574219 -102.515044
v 26.737296 523.763543 -102.515044
v 25.299233 523.574219 -102.515044
v 23.959171 523.019147 -102.515044
v 22.808434 522.136155 -102.515044
v 21.925443 520.985418 -102.515044
v 21.370371 519.645357 -102.515044
v 21.181046 518.207293 -102.515044
v 21.370371 516.769230 -102.515044
v 21.925443 515.429168 -102.515044
v 22.808434 514.278431 -102.515044
v 23.959171 513.395440 -102.515044
v 25.299233 512.840368 -102.515044
v 26.737296 461.851043 -108.865044
v 25.299233 462.040368 -108.865044
v 23.959171 462.595440 -108.865044
v 22.808434 463.478431 -108.865044
v 21.925443 464.629168 -108.865044
v 21.370371 465.969230 -108.865044
v 21.181046 467.407293 -108.865044
v 21.370371 468.845357 -108.865044
v 21.925443 470.185418 -108.865044
v 22.808434 471.336155 -108.865044
v 23.959171 472.219147 -108.865044
v 25.299233 472.774219 -108.865044
v 26.737296 472.963543 -108.865044
v 28.175360 472.774219 -108.865044
v 29.515421 472.219147 -108.865044
v 30.666158 471.336155 -108.865044
v 31.549150 470.185418 -108.865044
v 32.104222 468.845357 -108.865044
v 32.293546 467.407293 -108.865044
v 32.104222 465.969230 -108.865044
v 31.549150 464.629168 -108.865044
v 30.666158 463.478431 -108.865044
v 29.515421 462.595440 -108.865044
v 28.175360 462.040368 -108.865044
v 26.737296 461.851043 -102.515044
v 28.175360 462.040368 -102.515044
v 29.515421 462.595440 -102.515044
v 30.666158 463.478431 -102.515044
v 31.549150 464.629168 -102.515044
v 32.104222 465.969230 -102.515044
v 32.293546 467.407293 -102.515044
v 32.104222 468.845357 -102.515044
v 31.549150 470.185418 -102.515044
v 30.666158 471.336155 -102.515044
v 29.515421 472.219147 -102.515044
v 28.175360 472.774219 -102.515044
v 26.737296 472.963543 -102.515044
v 25.299233 472.774219 -102.515044
v 23.959171 472.219147 -102.515044
v 22.808434 471.336155 -102.515044
v 21.925443 470.185418 -102.515044
v 21.370371 468.845357 -102.515044
v 21.181046 467.407293 -102.515044
v 21.370371 465.969230 -102.515044
v 21.925443 464.629168 -102.515044
v 22.808434 463.478431 -102.515044
v 23.959171 462.595440 -102.515044
v 25.299233 462.040368 -102.515044
v -11.362704 442.007293 -45.365044
v -11.362704 442.007293 -108.865044
v 64.837296 442.007293 -108.865044
v 64.837296 442.007293 -45.365044
v -11.362704 448.357293 -45.365044
v 64.837296 448.357293 -45.365044
v -11.362704 448.357293 -102.515044
v 64.837296 448.357293 -102.515044
v -11.362704 537.257293 -102.515044
v 64.837296 537.257293 -102.515044
v -11.362704 537.257293 -45.365044
v 64.837296 537.257293 -45.365044
v -11.362704 543.607293 -45.365044
v 64.837296 543.607293 -45.365044
v -11.362704 543.607293 -108.865044
v 64.837296 543.607293 -108.865044
vt 0.635000 -1.600085 0.000000
vt -0.000000 -1.600085 0.000000
vt 0.635000 -1.745547 0.000000
vt -0.000000 -1.745547 0.000000
vt 0.635000 1.745547 0.000000
vt -0.000000 1.745547 0.000000
vt 0.635000 1.600085 0.000000
vt 0.000000 1.600085 0.000000
vt 0.635000 1.454623 0.000000
vt 0.000000 1.454623 0.000000
vt 0.635000 1.309161 0.000000
vt 0.000000 1.309161 0.000000
vt 0.635000 1.163698 0.000000
vt 0.000000 1.163698 0.000000
vt 0.635000 1.018236 0.000000
vt 0.000000 1.018236 0.000000
vt 0.635000 0.872774 0.000000
vt 0.000000 0.872774 0.000000
vt 0.635000 0.727311 0.000000
vt 0.000000 0.727311 0.000000
vt 0.635000 0.581849 0.000000
vt 0.000000 0.581849 0.000000
vt 0.635000 0.436387 0.000000
vt 0.000000 0.436387 0.000000
vt 0.635000 0.290925 0.000000
vt 0.000000 0.290925 0.000000
vt 0.635000 0.145462 0.000000
vt 0.000000 0.145462 0.000000
vt 0.635000 -0.000000 0.000000
vt 0.000000 0.000000 0.000000
vt 0.635000 -0.145462 0.000000
vt -0.000000 -0.145462 0.000000
vt 0.635000 -0.290925 0.000000
vt -0.000000 -0.290925 0.000000
vt 0.635000 -0.436387 0.000000
vt -0.000000 -0.436387 0.000000
vt 0.635000 -0.581849 0.000000
vt -0.000000 -0.581849 0.000000
vt 0.635000 -0.727311 0.000000
vt -0.000000 -0.727311 0.000000
vt 0.635000 -0.872774 0.000000
vt -0.000000 -0.872774 0.000000
vt 0.635000 -1.018236 0.000000
vt -0.000000 -1.018236 0.000000
vt 0.635000 -1.163698 0.000000
vt -0.000000 -1.163698 0.000000
vt 0.635000 -1.309161 0.000000
vt -0.000000 -1.309161 0.000000
vt 0.635000 -1.454623 0.000000
vt -0.000000 -1.454623 0.000000
vt 0.635000 -1.600085 0.000000
vt -0.000000 -1.600085 0.000000
vt 0.635000 -1.745547 0.000000
vt -0.000000 -1.745547 0.000000
vt 0.635000 1.745547 0.000000
vt -0.000000 1.745547 0.000000
vt 0.635000 1.600085 0.000000
vt 0.000000 1.600085 0.000000
vt 0.635000 1.454623 0.000000
vt 0.000000 1.454623 0.000000
vt 0.635000 1.309161 0.000000
vt 0.000000 1.309161 0.000000
vt 0.635000 1.163698 0.000000
vt 0.000000 1.163698 0.000000
vt 0.635000 1.018236 0.000000
vt 0.000000 1.018236 0.000000
vt 0.635000 0.872774 0.000000
vt 0.000000 0.872774 0.000000
vt 0.635000 0.727311 0.000000
vt 0.000000 0.727311 0.000000
vt 0.635000 0.581849 0.000000
vt 0.000000 0.581849 0.000000
vt 0.635000 0.436387 0.000000
vt 0.000000 0.436387 0.000000
vt 0.635000 0.290925 0.000000
vt 0.000000 0.290925 0.000000
vt 0.635000 0.145462 0.000000
vt 0.000000 0.145462 0.000000
vt 0.635000 -0.000000 0.000000
vt 0.000000 0.000000 0.000000
vt 0.635000 -0.145462 0.000000
vt -0.000000 -0.145462 0.000000
vt 0.635000 -0.290925 0.000000
vt -0.000000 -0.290925 0.000000
vt 0.635000 -0.436387 0.000000
vt -0.000000 -0.436387 0.000000
vt 0.635000 -0.581849 0.000000
vt -0.000000 -0.581849 0.000000
vt 0.635000 -0.727311 0.000000
vt -0.000000 -0.727311 0.000000
vt 0.635000 -0.872774 0.000000
vt -0.000000 -0.872774 0.000000
vt 0.635000 -1.018236 0.000000
vt -0.000000 -1.018236 0.000000
vt 0.635000 -1.163698 0.000000
vt -0.000000 -1.163698 0.000000
vt 0.635000 -1.309161 0.000000
vt -0.000000 -1.309161 0.000000
vt 0.635000 -1.454623 0.000000
vt -0.000000 -1.454623 0.000000
vt 0.000000 0.000000 0.000000
vt 6.350000 0.000000 0.000000
vt 0.000000 7.620000 0.000000
vt 6.350000 7.620000 0.000000
vt 0.000000 0.000000 0.000000
vt 0.635000 -0.000000 0.000000
vt 0.000000 7.620000 0.000000
vt 0.635000 7.620000 0.000000
vt 0.000000 0.000000 0.000000
vt 5.715000 0.000000 0.000000
vt 0.000000 7.620000 0.000000
vt 5.715000 7.620000 0.000000
vt 8.890000 0.000000 0.000000
vt 2.182812 3.328815 0.000000
vt 0.000000 0.000000 0.000000
vt 2.048806 3.273307 0.000000
vt 1.905000 3.254375 0.000000
vt 8.890000 7.620000 0.000000
vt 7.540625 3.810000 0.000000
vt 7.521693 3.666194 0.000000
vt 7.466185 3.532187 0.000000
vt -0.000000 7.620000 0.000000
vt 6.707187 4.291185 0.000000
vt 6.841194 4.346693 0.000000
vt 6.985000 4.365625 0.000000
vt 1.349375 3.810000 0.000000
vt 1.368307 3.953806 0.000000
vt 1.423815 4.087812 0.000000
vt 2.441693 3.666194 0.000000
vt 6.448307 3.666194 0.000000
vt 2.460625 3.810000 0.000000
vt 6.429375 3.810000 0.000000
vt 2.441693 3.953806 0.000000
vt 6.448307 3.953806 0.000000
vt 2.386185 4.087812 0.000000
vt 6.503815 4.087812 0.000000
vt 2.297886 4.202886 0.000000
vt 6.592114 4.202886 0.000000
vt 2.182812 4.291185 0.000000
vt 6.503815 3.532187 0.000000
vt 2.386185 3.532187 0.000000
vt 6.592114 3.417114 0.000000
vt 2.297886 3.417114 0.000000
vt 6.707187 3.328815 0.000000
vt 1.761194 3.273307 0.000000
vt 1.627187 3.328815 0.000000
vt 1.512114 3.417114 0.000000
vt 1.423815 3.532187 0.000000
vt 1.368307 3.666194 0.000000
vt 1.512114 4.202886 0.000000
vt 1.627187 4.291185 0.000000
vt 1.761194 4.346693 0.000000
vt 1.905000 4.365625 0.000000
vt 2.048806 4.346693 0.000000
vt 7.377886 3.417114 0.000000
vt 7.262812 3.328815 0.000000
vt 7.128806 3.273307 0.000000
vt 6.985000 3.254375 0.000000
vt 6.841194 3.273307 0.000000
vt 7.128806 4.346693 0.000000
vt 7.262812 4.291185 0.000000
vt 7.377886 4.202886 0.000000
vt 7.466185 4.087812 0.000000
vt 7.521693 3.953806 0.000000
vt 0.000000 0.000000 0.000000
vt 5.715000 -0.000000 0.000000
vt 0.000000 7.620000 0.000000
vt 5.715000 7.620000 0.000000
vt 0.000000 0.000000 0.000000
vt 0.635000 0.000000 0.000000
vt -0.000000 7.620000 0.000000
vt 0.635000 7.620000 0.000000
vt 0.000000 0.000000 0.000000
vt 6.350000 -0.000000 0.000000
vt 0.000000 7.620000 0.000000
vt 6.350000 7.620000 0.000000
vt 10.160000 0.000000 0.000000
vt 2.683806 3.273307 0.000000
vt 0.000000 0.000000 0.000000
vt 2.540000 3.254375 0.000000
vt 2.396194 3.273307 0.000000
vt 10.160000 7.620000 0.000000
vt 8.175625 3.810000 0.000000
vt 8.156693 3.666194 0.000000
vt 8.101185 3.532187 0.000000
vt 0.000000 7.620000 0.000000
vt 7.476194 4.346693 0.000000
vt 7.620000 4.365625 0.000000
vt 7.763806 4.346693 0.000000
vt 1.984375 3.810000 0.000000
vt 2.003307 3.953806 0.000000
vt 2.058815 4.087812 0.000000
vt 7.083307 3.953806 0.000000
vt 3.076693 3.953806 0.000000
vt 7.064375 3.810000 0.000000
vt 3.095625 3.810000 0.000000
vt 7.083307 3.666194 0.000000
vt 3.076693 3.666194 0.000000
vt 7.138815 3.532187 0.000000
vt 3.021185 3.532187 0.000000
vt 7.227114 3.417114 0.000000
vt 2.932886 3.417114 0.000000
vt 7.342187 3.328815 0.000000
vt 2.817812 3.328815 0.000000
vt 7.476194 3.273307 0.000000
vt 3.021185 4.087812 0.000000
vt 7.138815 4.087812 0.000000
vt 2.932886 4.202886 0.000000
vt 7.227114 4.202886 0.000000
vt 2.817812 4.291185 0.000000
vt 7.342187 4.291185 0.000000
vt 2.683806 4.346693 0.000000
vt 7.897812 4.291185 0.000000
vt 8.012886 4.202886 0.000000
vt 8.101185 4.087812 0.000000
vt 8.156693 3.953806 0.000000
vt 8.012886 3.417114 0.000000
vt 7.897812 3.328815 0.000000
vt 7.763806 3.273307 0.000000
vt 7.620000 3.254375 0.000000
vt 2.147114 4.202886 0.000000
vt 2.262187 4.291185 0.000000
vt 2.396194 4.346693 0.000000
vt 2.540000 4.365625 0.000000
vt 2.262187 3.328815 0.000000
vt 2.147114 3.417114 0.000000
vt 2.058815 3.532187 0.000000
vt 2.003307 3.666194 0.000000
vt 5.080000 -4.236357 0.000000
vt 5.080000 2.113643 0.000000
vt 4.445000 1.478643 0.000000
vt -5.080000 2.113643 0.000000
vt -4.445000 1.478643 0.000000
vt -5.080000 -4.236357 0.000000
vt -4.445000 -4.236357 0.000000
vt 4.445000 -4.236357 0.000000
vt 5.080000 -4.236357 0.000000
vt 5.080000 2.113643 0.000000
vt 4.445000 1.478643 0.000000
vt -5.080000 2.113643 0.000000
vt -4.445000 1.478643 0.000000
vt -5.080000 -4.236357 0.000000
vt -4.445000 -4.236357 0.000000
vt 4.445000 -4.236357 0.000000
vn 0.025882 0.096593 0.000000
vn 0.025882 0.096593 0.000000
vn -0.000000 0.100000 0.000000
vn -0.000000 0.100000 0.000000
vn -0.025882 0.096593 -0.000000
vn -0.025882 0.096593 -0.000000
vn -0.050000 0.086603 -0.000000
vn -0.050000 0.086603 -0.000000
vn -0.070711 0.070711 -0.000000
vn -0.070711 0.070711 -0.000000
vn -0.086603 0.050000 -0.000000
vn -0.086603 0.050000 -0.000000
vn -0.096593 0.025882 -0.000000
vn -0.096593 0.025882 -0.000000
vn -0.100000 0.000000 -0.000000
vn -0.100000 -0.000000 -0.000000
vn -0.096593 -0.025882 -0.000000
vn -0.096593 -0.025882 -0.000000
vn -0.086603 -0.050000 -0.000000
vn -0.086603 -0.050000 -0.000000
vn -0.070711 -0.070711 -0.000000
vn -0.070711 -0.070711 -0.000000
vn -0.050000 -0.086603 -0.000000
vn -0.050000 -0.086603 -0.000000
vn -0.025882 -0.096593 -0.000000
vn -0.025882 -0.096593 -0.000000
vn 0.000000 -0.100000 -0.000000
vn 0.000000 -0.100000 -0.000000
vn 0.025882 -0.096593 0.000000
vn 0.025882 -0.096593 0.000000
vn 0.050000 -0.086603 0.000000
vn 0.050000 -0.086603 0.000000
vn 0.070711 -0.070711 0.000000
vn 0.070711 -0.070711 0.000000
vn 0.086603 -0.050000 0.000000
vn 0.086603 -0.050000 0.000000
vn 0.096593 -0.025882 0.000000
vn 0.096593 -0.025882 0.000000
vn 0.100000 0.000000 0.000000
vn 0.100000 -0.000000 0.000000
vn 0.096593 0.025882 0.000000
vn 0.096593 0.025882 0.000000
vn 0.086603 0.050000 0.000000
vn 0.086603 0.050000 0.000000
vn 0.070711 0.070711 0.000000
vn 0.070711 0.070711 0.000000
vn 0.050000 0.086603 0.000000
vn 0.050000 0.086603 0.000000
vn 0.025882 0.096593 0.000000
vn 0.025882 0.096593 0.000000
vn -0.000000 0.100000 0.000000
vn -0.000000 0.100000 0.000000
vn -0.025882 0.096593 -0.000000
vn -0.025882 0.096593 -0.000000
vn -0.050000 0.086603 -0.000000
vn -0.050000 0.086603 -0.000000
vn -0.070711 0.070711 -0.000000
vn -0.070711 0.070711 -0.000000
vn -0.086603 0.050000 -0.000000
vn -0.086603 0.050000 -0.000000
vn -0.096593 0.025882 -0.000000
vn -0.096593 0.025882 -0.000000
vn -0.100000 -0.000000 -0.000000
vn -0.100000 -0.000000 -0.000000
vn -0.096593 -0.025882 -0.000000
vn -0.096593 -0.025882 -0.000000
vn -0.086603 -0.050000 -0.000000
vn -0.086603 -0.050000 -0.000000
vn -0.070711 -0.070711 -0.000000
vn -0.070711 -0.070711 -0.000000
vn -0.050000 -0.086603 -0.000000
vn -0.050000 -0.086603 -0.000000
vn -0.025882 -0.096593 -0.000000
vn -0.025882 -0.096593 -0.000000
vn 0.000000 -0.100000 -0.000000
vn 0.000000 -0.100000 -0.000000
vn 0.025882 -0.096593 0.000000
vn 0.025882 -0.096593 0.000000
vn 0.050000 -0.086603 0.000000
vn 0.050000 -0.086603 0.000000
vn 0.070711 -0.070711 0.000000
vn 0.070711 -0.070711 0.000000
vn 0.086603 -0.050000 0.000000
vn 0.086603 -0.050000 0.000000
vn 0.096593 -0.025882 0.000000
vn 0.096593 -0.025882 0.000000
vn 0.100000 -0.000000 0.000000
vn 0.100000 -0.000000 0.000000
vn 0.096593 0.025882 0.000000
vn 0.096593 0.025882 0.000000
vn 0.086603 0.050000 0.000000
vn 0.086603 0.050000 0.000000
vn 0.070711 0.070711 0.000000
vn 0.070711 0.070711 0.000000
vn 0.050000 0.086603 0.000000
vn 0.050000 0.086603 0.000000
vn 0.000000 -0.100000 -0.000000
vn 0.000000 -0.100000 -0.000000
vn 0.000000 -0.100000 -0.000000
vn 0.000000 -0.100000 -0.000000
vn -0.000000 -0.000000 0.100000
vn -0.000000 -0.000000 0.100000
vn -0.000000 -0.000000 0.100000
vn -0.000000 -0.000000 0.100000
vn -0.000000 0.100000 0.000000
vn -0.000000 0.100000 0.000000
vn -0.000000 0.100000 0.000000
vn -0.000000 0.100000 0.000000
vn -0.000000 -0.000000 0.100000
vn -0.000000 -0.000000 0.100000
vn -0.000000 -0.000000 0.100000
vn -0.000000 -0.000000 0.100000
vn -0.000000 -0.000000 0.100000
vn -0.000000 -0.000000 0.100000
vn -0.000000 -0.000000 0.100000
vn -0.000000 -0.000000 0.100000
vn -0.000000 -0.000000 0.100000
vn -0.000000 -0.000000 0.100000
vn -0.000000 -0.000000 0.100000
vn -0.000000 -0.000000 0.100000
vn -0.000000 -0.000000 0.100000
vn -0.000000 -0.000000 0.100000
vn -0.000000 -0.000000 0.100000
vn -0.000000 -0.000000 0.100000
vn -0.000000 -0.000000 0.100000
vn -0.000000 -0.000000 0.100000
vn -0.000000 -0.000000 0.100000
vn -0.000000 -0.000000 0.100000
vn -0.000000 -0.000000 0.100000
vn -0.000000 -0.000000 0.100000
vn -0.000000 -0.000000 0.100000
vn -0.000000 -0.000000 0.100000
vn -0.000000 -0.000000 0.100000
vn -0.000000 -0.000000 0.100000
vn -0.000000 -0.000000 0.100000
vn -0.000000 -0.000000 0.100000
vn -0.000000 -0.000000 0.100000
vn -0.000000 -0.000000 0.100000
vn -0.000000 -0.000000 0.100000
vn -0.000000 -0.000000 0.100000
vn -0.000000 -0.000000 0.100000
vn -0.000000 -0.000000 0.100000
vn -0.000000 -0.000000 0.100000
vn -0.000000 -0.000000 0.100000
vn -0.000000 -0.000000 0.100000
vn -0.000000 -0.000000 0.100000
vn -0.000000 -0.000000 0.100000
vn -0.000000 -0.000000 0.100000
vn -0.000000 -0.000000 0.100000
vn -0.000000 -0.000000 0.100000
vn -0.000000 -0.000000 0.100000
vn -0.000000 -0.000000 0.100000
vn -0.000000 -0.000000 0.100000
vn -0.000000 -0.000000 0.100000
vn -0.000000 -0.000000 0.100000
vn -0.000000 -0.000000 0.100000
vn -0.000000 -0.000000 0.100000
vn -0.000000 -0.000000 0.100000
vn -0.000000 -0.000000 0.100000
vn -0.000000 -0.000000 0.100000
vn 0.000000 -0.100000 -0.000000
vn 0.000000 -0.100000 -0.000000
vn 0.000000 -0.100000 -0.000000
vn 0.000000 -0.100000 -0.000000
vn -0.000000 -0.000000 0.100000
vn -0.000000 -0.000000 0.100000
vn -0.000000 -0.000000 0.100000
vn -0.000000 -0.000000 0.100000
vn -0.000000 0.100000 0.000000
vn -0.000000 0.100000 0.000000
vn -0.000000 0.100000 0.000000
vn -0.000000 0.100000 0.000000
vn 0.000000 0.000000 -0.100000
vn 0.000000 0.000000 -0.100000
vn 0.000000 0.000000 -0.100000
vn 0.000000 0.000000 -0.100000
vn 0.000000 0.000000 -0.100000
vn 0.000000 0.000000 -0.100000
vn 0.000000 0.000000 -0.100000
vn 0.000000 0.000000 -0.100000
vn 0.000000 0.000000 -0.100000
vn 0.000000 0.000000 -0.100000
vn 0.000000 0.000000 -0.100000
vn 0.000000 0.000000 -0.100000
vn 0.000000 0.000000 -0.100000
vn 0.000000 0.000000 -0.100000
vn 0.000000 0.000000 -0.100000
vn 0.000000 0.000000 -0.100000
vn 0.000000 0.000000 -0.100000
vn 0.000000 0.000000 -0.100000
vn 0.000000 0.000000 -0.100000
vn 0.000000 0.000000 -0.100000
vn 0.000000 0.000000 -0.100000
vn 0.000000 0.000000 -0.100000
vn 0.000000 0.000000 -0.100000
vn 0.000000 0.000000 -0.100000
vn 0.000000 0.000000 -0.100000
vn 0.000000 0.000000 -0.100000
vn 0.000000 0.000000 -0.100000
vn 0.000000 0.000000 -0.100000
vn 0.000000 0.000000 -0.100000
vn 0.000000 0.000000 -0.100000
vn 0.000000 0.000000 -0.100000
vn 0.000000 0.000000 -0.100000
vn 0.000000 0.000000 -0.100000
vn 0.000000 0.000000 -0.100000
vn 0.000000 0.000000 -0.100000
vn 0.000000 0.000000 -0.100000
vn 0.000000 0.000000 -0.100000
vn 0.000000 0.000000 -0.100000
vn 0.000000 0.000000 -0.100000
vn 0.000000 0.000000 -0.100000
vn 0.000000 0.000000 -0.100000
vn 0.000000 0.000000 -0.100000
vn 0.000000 0.000000 -0.100000
vn 0.000000 0.000000 -0.100000
vn 0.000000 0.000000 -0.100000
vn 0.000000 0.000000 -0.100000
vn 0.000000 0.000000 -0.100000
vn 0.000000 0.000000 -0.100000
vn 0.000000 0.000000 -0.100000
vn 0.000000 0.000000 -0.100000
vn 0.000000 0.000000 -0.100000
vn 0.000000 0.000000 -0.100000
vn -0.100000 -0.000000 -0.000000
vn -0.100000 -0.000000 -0.000000
vn -0.100000 -0.000000 -0.000000
vn -0.100000 -0.000000 -0.000000
vn -0.100000 -0.000000 -0.000000
vn -0.100000 -0.000000 -0.000000
vn -0.100000 -0.000000 -0.000000
vn -0.100000 -0.000000 -0.000000
vn 0.100000 0.000000 0.000000
vn 0.100000 0.000000 0.000000
vn 0.100000 0.000000 0.000000
vn 0.100000 0.000000 0.000000
vn 0.100000 0.000000 0.000000
vn 0.100000 0.000000 0.000000
vn 0.100000 0.000000 0.000000
vn 0.100000 0.000000 0.000000
f 2978/4725/4567 3024/4726/4568 2977/4727/4569
f 2977/4727/4569 3024/4726/4568 3001/4728/4570
f 2977/4729/4569 3001/4730/4570 3000/4731/4571
f 3000/4731/4571 3001/4730/4570 3002/4732/4572
f 3000/4731/4571 3002/4732/4572 2999/4733/4573
f 2999/4733/4573 3002/4732/4572 3003/4734/4574
f 2999/4733/4573 3003/4734/4574 2998/4735/4575
f 2998/4735/4575 3003/4734/4574 3004/4736/4576
f 2998/4735/4575 3004/4736/4576 2997/4737/4577
f 2997/4737/4577 3004/4736/4576 3005/4738/4578
f 2997/4737/4577 3005/4738/4578 2996/4739/4579
f 2996/4739/4579 3005/4738/4578 3006/4740/4580
f 2996/4739/4579 3006/4740/4580 2995/4741/4581
f 2995/4741/4581 3006/4740/4580 3007/4742/4582
f 2995/4741/4581 3007/4742/4582 2994/4743/4583
f 2994/4743/4583 3007/4742/4582 3008/4744/4584
f 2994/4743/4583 3008/4744/4584 2993/4745/4585
f 2993/4745/4585 3008/4744/4584 3009/4746/4586
f 2993/4745/4585 3009/4746/4586 2992/4747/4587
f 2992/4747/4587 3009/4746/4586 3010/4748/4588
f 2992/4747/4587 3010/4748/4588 2991/4749/4589
f 2991/4749/4589 3010/4748/4588 3011/4750/4590
f 2991/4749/4589 3011/4750/4590 2990/4751/4591
f 2990/4751/4591 3011/4750/4590 3012/4752/4592
f 2990/4751/4591 3012/4752/4592 2989/4753/4593
f 2989/4753/4593 3012/4752/4592 3013/4754/4594
f 2989/4753/4593 3013/4754/4594 2988/4755/4595
f 2988/4755/4595 3013/4754/4594 3014/4756/4596
f 2988/4755/4595 3014/4756/4596 2987/4757/4597
f 2987/4757/4597 3014/4756/4596 3015/4758/4598
f 2987/4757/4597 3015/4758/4598 2986/4759/4599
f 2986/4759/4599 3015/4758/4598 3016/4760/4600
f 2986/4759/4599 3016/4760/4600 2985/4761/4601
f 2985/4761/4601 3016/4760/4600 3017/4762/4602
f 2985/4761/4601 3017/4762/4602 2984/4763/4603
f 2984/4763/4603 3017/4762/4602 3018/4764/4604
f 2984/4763/4603 3018/4764/4604 2983/4765/4605
f 2983/4765/4605 3018/4764/4604 3019/4766/4606
f 2983/4765/4605 3019/4766/4606 2982/4767/4607
f 2982/4767/4607 3019/4766/4606 3020/4768/4608
f 2982/4767/4607 3020/4768/4608 2981/4769/4609
f 2981/4769/4609 3020/4768/4608 3021/4770/4610
f 2981/4769/4609 3021/4770/4610 2980/4771/4611
f 2980/4771/4611 3021/4770/4610 3022/4772/4612
f 2980/4771/4611 3022/4772/4612 2979/4773/4613
f 2979/4773/4613 3022/4772/4612 3023/4774/4614
f 2979/4773/4613 3023/4774/4614 2978/4725/4567
f 2978/4725/4567 3023/4774/4614 3024/4726/4568
f 3026/4775/4615 3072/4776/4616 3025/4777/4617
f 3025/4777/4617 3072/4776/4616 3049/4778/4618
f 3025/4779/4617 3049/4780/4618 3048/4781/4619
f 3048/4781/4619 3049/4780/4618 3050/4782/4620
f 3048/4781/4619 3050/4782/4620 3047/4783/4621
f 3047/4783/4621 3050/4782/4620 3051/4784/4622
f 3047/4783/4621 3051/4784/4622 3046/4785/4623
f 3046/4785/4623 3051/4784/4622 3052/4786/4624
f 3046/4785/4623 3052/4786/4624 3045/4787/4625
f 3045/4787/4625 3052/4786/4624 3053/4788/4626
f 3045/4787/4625 3053/4788/4626 3044/4789/4627
f 3044/4789/4627 3053/4788/4626 3054/4790/4628
f 3044/4789/4627 3054/4790/4628 3043/4791/4629
f 3043/4791/4629 3054/4790/4628 3055/4792/4630
f 3043/4791/4629 3055/4792/4630 3042/4793/4631
f 3042/4793/4631 3055/4792/4630 3056/4794/4632
f 3042/4793/4631 3056/4794/4632 3041/4795/4633
f 3041/4795/4633 3056/4794/4632 3057/4796/4634
f 3041/4795/4633 3057/4796/4634 3040/4797/4635
f 3040/4797/4635 3057/4796/4634 3058/4798/4636
f 3040/4797/4635 3058/4798/4636 3039/4799/4637
f 3039/4799/4637 3058/4798/4636 3059/4800/4638
f 3039/4799/4637 3059/4800/4638 3038/4801/4639
f 3038/4801/4639 3059/4800/4638 3060/4802/4640
f 3038/4801/4639 3060/4802/4640 3037/4803/4641
f 3037/4803/4641 3060/4802/4640 3061/4804/4642
f 3037/4803/4641 3061/4804/4642 3036/4805/4643
f 3036/4805/4643 3061/4804/4642 3062/4806/4644
f 3036/4805/4643 3062/4806/4644 3035/4807/4645
f 3035/4807/4645 3062/4806/4644 3063/4808/4646
f 3035/4807/4645 3063/4808/4646 3034/4809/4647
f 3034/4809/4647 3063/4808/4646 3064/4810/4648
f 3034/4809/4647 3064/4810/4648 3033/4811/4649
f 3033/4811/4649 3064/4810/4648 3065/4812/4650
f 3033/4811/4649 3065/4812/4650 3032/4813/4651
f 3032/4813/4651 3065/4812/4650 3066/4814/4652
f 3032/4813/4651 3066/4814/4652 3031/4815/4653
f 3031/4815/4653 3066/4814/4652 3067/4816/4654
f 3031/4815/4653 3067/4816/4654 3030/4817/4655
f 3030/4817/4655 3067/4816/4654 3068/4818/4656
f 3030/4817/4655 3068/4818/4656 3029/4819/4657
f 3029/4819/4657 3068/4818/4656 3069/4820/4658
f 3029/4819/4657 3069/4820/4658 3028/4821/4659
f 3028/4821/4659 3069/4820/4658 3070/4822/4660
f 3028/4821/4659 3070/4822/4660 3027/4823/4661
f 3027/4823/4661 3070/4822/4660 3071/4824/4662
f 3027/4823/4661 3071/4824/4662 3026/4775/4615
f 3026/4775/4615 3071/4824/4662 3072/4776/4616
f 3073/4825/4663 3074/4826/4664 3076/4827/4665
f 3076/4827/4665 3074/4826/4664 3075/4828/4666
f 3077/4829/4667 3073/4830/4668 3078/4831/4669
f 3078/4831/4669 3073/4830/4668 3076/4832/4670
f 3079/4833/4671 3077/4834/4672 3080/4835/4673
f 3080/4835/4673 3077/4834/4672 3078/4836/4674
f 3079/4837/4675 3021/4838/4676 3081/4839/4677
f 3081/4839/4677 3021/4838/4676 3020/4840/4678
f 3081/4839/4677 3020/4840/4678 3019/4841/4679
f 3080/4842/4680 3049/4843/4681 3079/4837/4675
f 3079/4837/4675 3049/4843/4681 3072/4844/4682
f 3079/4837/4675 3072/4844/4682 3071/4845/4683
f 3082/4846/4684 3057/4847/4685 3080/4842/4680
f 3080/4842/4680 3057/4847/4685 3056/4848/4686
f 3080/4842/4680 3056/4848/4686 3055/4849/4687
f 3081/4839/4677 3013/4850/4688 3082/4846/4684
f 3082/4846/4684 3013/4850/4688 3012/4851/4689
f 3082/4846/4684 3012/4851/4689 3011/4852/4690
f 3024/4853/4691 3062/4854/4692 3001/4855/4693
f 3001/4855/4693 3062/4854/4692 3061/4856/4694
f 3001/4855/4693 3061/4856/4694 3002/4857/4695
f 3002/4857/4695 3061/4856/4694 3060/4858/4696
f 3002/4857/4695 3060/4858/4696 3003/4859/4697
f 3003/4859/4697 3060/4858/4696 3059/4860/4698
f 3003/4859/4697 3059/4860/4698 3004/4861/4699
f 3004/4861/4699 3059/4860/4698 3058/4862/4700
f 3004/4861/4699 3058/4862/4700 3005/4863/4701
f 3005/4863/4701 3058/4862/4700 3057/4847/4685
f 3005/4863/4701 3057/4847/4685 3082/4846/4684
f 3062/4854/4692 3024/4853/4691 3063/4864/4702
f 3063/4864/4702 3024/4853/4691 3023/4865/4703
f 3063/4864/4702 3023/4865/4703 3064/4866/4704
f 3064/4866/4704 3023/4865/4703 3022/4867/4705
f 3064/4866/4704 3022/4867/4705 3065/4868/4706
f 3065/4868/4706 3022/4867/4705 3021/4838/4676
f 3065/4868/4706 3021/4838/4676 3079/4837/4675
f 3019/4841/4679 3018/4869/4707 3081/4839/4677
f 3081/4839/4677 3018/4869/4707 3017/4870/4708
f 3081/4839/4677 3017/4870/4708 3016/4871/4709
f 3016/4871/4709 3015/4872/4710 3081/4839/4677
f 3081/4839/4677 3015/4872/4710 3014/4873/4711
f 3081/4839/4677 3014/4873/4711 3013/4850/4688
f 3011/4852/4690 3010/4874/4712 3082/4846/4684
f 3082/4846/4684 3010/4874/4712 3009/4875/4713
f 3082/4846/4684 3009/4875/4713 3008/4876/4714
f 3008/4876/4714 3007/4877/4715 3082/4846/4684
f 3082/4846/4684 3007/4877/4715 3006/4878/4716
f 3082/4846/4684 3006/4878/4716 3005/4863/4701
f 3071/4845/4683 3070/4879/4717 3079/4837/4675
f 3079/4837/4675 3070/4879/4717 3069/4880/4718
f 3079/4837/4675 3069/4880/4718 3068/4881/4719
f 3068/4881/4719 3067/4882/4720 3079/4837/4675
f 3079/4837/4675 3067/4882/4720 3066/4883/4721
f 3079/4837/4675 3066/4883/4721 3065/4868/4706
f 3055/4849/4687 3054/4884/4722 3080/4842/4680
f 3080/4842/4680 3054/4884/4722 3053/4885/4723
f 3080/4842/4680 3053/4885/4723 3052/4886/4724
f 3052/4886/4724 3051/4887/4725 3080/4842/4680
f 3080/4842/4680 3051/4887/4725 3050/4888/4726
f 3080/4842/4680 3050/4888/4726 3049/4843/4681
f 3083/4889/4727 3081/4890/4728 3084/4891/4729
f 3084/4891/4729 3081/4890/4728 3082/4892/4730
f 3085/4893/4731 3083/4894/4732 3086/4895/4733
f 3086/4895/4733 3083/4894/4732 3084/4896/4734
f 3087/4897/4735 3085/4898/4736 3088/4899/4737
f 3088/4899/4737 3085/4898/4736 3086/4900/4738
f 3087/4901/4739 3032/4902/4740 3074/4903/4741
f 3074/4903/4741 3032/4902/4740 3031/4904/4742
f 3074/4903/4741 3031/4904/4742 3030/4905/4743
f 3088/4906/4744 2989/4907/4745 3087/4901/4739
f 3087/4901/4739 2989/4907/4745 2988/4908/4746
f 3087/4901/4739 2988/4908/4746 2987/4909/4747
f 3075/4910/4748 2996/4911/4749 3088/4906/4744
f 3088/4906/4744 2996/4911/4749 2995/4912/4750
f 3088/4906/4744 2995/4912/4750 2994/4913/4751
f 3074/4903/4741 3025/4914/4752 3075/4910/4748
f 3075/4910/4748 3025/4914/4752 3048/4915/4753
f 3075/4910/4748 3048/4915/4753 3047/4916/4754
f 3000/4917/4755 3038/4918/4756 2977/4919/4757
f 2977/4919/4757 3038/4918/4756 3037/4920/4758
f 2977/4919/4757 3037/4920/4758 2978/4921/4759
f 2978/4921/4759 3037/4920/4758 3036/4922/4760
f 2978/4921/4759 3036/4922/4760 2979/4923/4761
f 2979/4923/4761 3036/4922/4760 3035/4924/4762
f 2979/4923/4761 3035/4924/4762 2980/4925/4763
f 2980/4925/4763 3035/4924/4762 3034/4926/4764
f 2980/4925/4763 3034/4926/4764 2981/4927/4765
f 2981/4927/4765 3034/4926/4764 3033/4928/4766
f 2981/4927/4765 3033/4928/4766 2982/4929/4767
f 2982/4929/4767 3033/4928/4766 3032/4902/4740
f 2982/4929/4767 3032/4902/4740 3087/4901/4739
f 3038/4918/4756 3000/4917/4755 3039/4930/4768
f 3039/4930/4768 3000/4917/4755 2999/4931/4769
f 3039/4930/4768 2999/4931/4769 3040/4932/4770
f 3040/4932/4770 2999/4931/4769 2998/4933/4771
f 3040/4932/4770 2998/4933/4771 3041/4934/4772
f 3041/4934/4772 2998/4933/4771 2997/4935/4773
f 3041/4934/4772 2997/4935/4773 3042/4936/4774
f 3042/4936/4774 2997/4935/4773 2996/4911/4749
f 3042/4936/4774 2996/4911/4749 3075/4910/4748
f 2994/4913/4751 2993/4937/4775 3088/4906/4744
f 3088/4906/4744 2993/4937/4775 2992/4938/4776
f 3088/4906/4744 2992/4938/4776 2991/4939/4777
f 2991/4939/4777 2990/4940/4778 3088/4906/4744
f 3088/4906/4744 2990/4940/4778 2989/4907/4745
f 2987/4909/4747 2986/4941/4779 3087/4901/4739
f 3087/4901/4739 2986/4941/4779 2985/4942/4780
f 3087/4901/4739 2985/4942/4780 2984/4943/4781
f 2984/4943/4781 2983/4944/4782 3087/4901/4739
f 3087/4901/4739 2983/4944/4782 2982/4929/4767
f 3047/4916/4754 3046/4945/4783 3075/4910/4748
f 3075/4910/4748 3046/4945/4783 3045/4946/4784
f 3075/4910/4748 3045/4946/4784 3044/4947/4785
f 3044/4947/4785 3043/4948/4786 3075/4910/4748
f 3075/4910/4748 3043/4948/4786 3042/4936/4774
f 3030/4905/4743 3029/4949/4787 3074/4903/4741
f 3074/4903/4741 3029/4949/4787 3028/4950/4788
f 3074/4903/4741 3028/4950/4788 3027/4951/4789
f 3027/4951/4789 3026/4952/4790 3074/4903/4741
f 3074/4903/4741 3026/4952/4790 3025/4914/4752
f 3085/4953/4791 3087/4954/4792 3081/4955/4793
f 3081/4955/4793 3087/4954/4792 3074/4956/4794
f 3081/4955/4793 3074/4956/4794 3079/4957/4795
f 3079/4957/4795 3074/4956/4794 3073/4958/4796
f 3079/4957/4795 3073/4958/4796 3077/4959/4797
f 3081/4955/4793 3083/4960/4798 3085/4953/4791
f 3076/4961/4799 3075/4962/4800 3080/4963/4801
f 3080/4963/4801 3075/4962/4800 3088/4964/4802
f 3080/4963/4801 3088/4964/4802 3082/4965/4803
f 3082/4965/4803 3088/4964/4802 3086/4966/4804
f 3082/4965/4803 3086/4966/4804 3084/4967/4805
f 3080/4963/4801 3078/4968/4806 3076/4961/4799
g Body7

v 26.737296 4703.651043 -108.865044
v 25.299233 4703.840368 -108.865044
v 23.959171 4704.395440 -108.865044
v 22.808434 4705.278431 -108.865044
v 21.925443 4706.429168 -108.865044
v 21.370371 4707.769230 -108.865044
v 21.181046 4709.207293 -108.865044
v 21.370371 4710.645357 -108.865044
v 21.925443 4711.985418 -108.865044
v 22.808434 4713.136155 -108.865044
v 23.959171 4714.019147 -108.865044
v 25.299233 4714.574219 -108.865044
v 26.737296 4714.763543 -108.865044
v 28.175360 4714.574219 -108.865044
v 29.515421 4714.019147 -108.865044
v 30.666158 4713.136155 -108.865044
v 31.549150 4711.985418 -108.865044
v 32.104222 4710.645357 -108.865044
v 32.293546 4709.207293 -108.865044
v 32.104222 4707.769230 -108.865044
v 31.549150 4706.429168 -108.865044
v 30.666158 4705.278431 -108.865044
v 29.515421 4704.395440 -108.865044
v 28.175360 4703.840368 -108.865044
v 26.737296 4703.651043 -102.515044
v 28.175360 4703.840368 -102.515044
v 29.515421 4704.395440 -102.515044
v 30.666158 4705.278431 -102.515044
v 31.549150 4706.429168 -102.515044
v 32.104222 4707.769230 -102.515044
v 32.293546 4709.207293 -102.515044
v 32.104222 4710.645357 -102.515044
v 31.549150 4711.985418 -102.515044
v 30.666158 4713.136155 -102.515044
v 29.515421 4714.019147 -102.515044
v 28.175360 4714.574219 -102.515044
v 26.737296 4714.763543 -102.515044
v 25.299233 4714.574219 -102.515044
v 23.959171 4714.019147 -102.515044
v 22.808434 4713.136155 -102.515044
v 21.925443 4711.985418 -102.515044
v 21.370371 4710.645357 -102.515044
v 21.181046 4709.207293 -102.515044
v 21.370371 4707.769230 -102.515044
v 21.925443 4706.429168 -102.515044
v 22.808434 4705.278431 -102.515044
v 23.959171 4704.395440 -102.515044
v 25.299233 4703.840368 -102.515044
v 26.737296 4652.851043 -108.865044
v 25.299233 4653.040368 -108.865044
v 23.959171 4653.595440 -108.865044
v 22.808434 4654.478431 -108.865044
v 21.925443 4655.629168 -108.865044
v 21.370371 4656.969230 -108.865044
v 21.181046 4658.407293 -108.865044
v 21.370371 4659.845357 -108.865044
v 21.925443 4661.185418 -108.865044
v 22.808434 4662.336155 -108.865044
v 23.959171 4663.219147 -108.865044
v 25.299233 4663.774219 -108.865044
v 26.737296 4663.963543 -108.865044
v 28.175360 4663.774219 -108.865044
v 29.515421 4663.219147 -108.865044
v 30.666158 4662.336155 -108.865044
v 31.549150 4661.185418 -108.865044
v 32.104222 4659.845357 -108.865044
v 32.293546 4658.407293 -108.865044
v 32.104222 4656.969230 -108.865044
v 31.549150 4655.629168 -108.865044
v 30.666158 4654.478431 -108.865044
v 29.515421 4653.595440 -108.865044
v 28.175360 4653.040368 -108.865044
v 26.737296 4652.851043 -102.515044
v 28.175360 4653.040368 -102.515044
v 29.515421 4653.595440 -102.515044
v 30.666158 4654.478431 -102.515044
v 31.549150 4655.629168 -102.515044
v 32.104222 4656.969230 -102.515044
v 32.293546 4658.407293 -102.515044
v 32.104222 4659.845357 -102.515044
v 31.549150 4661.185418 -102.515044
v 30.666158 4662.336155 -102.515044
v 29.515421 4663.219147 -102.515044
v 28.175360 4663.774219 -102.515044
v 26.737296 4663.963543 -102.515044
v 25.299233 4663.774219 -102.515044
v 23.959171 4663.219147 -102.515044
v 22.808434 4662.336155 -102.515044
v 21.925443 4661.185418 -102.515044
v 21.370371 4659.845357 -102.515044
v 21.181046 4658.407293 -102.515044
v 21.370371 4656.969230 -102.515044
v 21.925443 4655.629168 -102.515044
v 22.808434 4654.478431 -102.515044
v 23.959171 4653.595440 -102.515044
v 25.299233 4653.040368 -102.515044
v -11.362704 4633.007293 -45.365044
v -11.362704 4633.007293 -108.865044
v 64.837296 4633.007293 -108.865044
v 64.837296 4633.007293 -45.365044
v -11.362704 4639.357293 -45.365044
v 64.837296 4639.357293 -45.365044
v -11.362704 4639.357293 -102.515044
v 64.837296 4639.357293 -102.515044
v -11.362704 4728.257293 -102.515044
v 64.837296 4728.257293 -102.515044
v -11.362704 4728.257293 -45.365044
v 64.837296 4728.257293 -45.365044
v -11.362704 4734.607293 -45.365044
v 64.837296 4734.607293 -45.365044
v -11.362704 4734.607293 -108.865044
v 64.837296 4734.607293 -108.865044
vt 0.635000 -1.600085 0.000000
vt -0.000000 -1.600085 0.000000
vt 0.635000 -1.745547 0.000000
vt -0.000000 -1.745547 0.000000
vt 0.635000 1.745547 0.000000
vt -0.000000 1.745547 0.000000
vt 0.635000 1.600085 0.000000
vt 0.000000 1.600085 0.000000
vt 0.635000 1.454623 0.000000
vt 0.000000 1.454623 0.000000
vt 0.635000 1.309161 0.000000
vt 0.000000 1.309161 0.000000
vt 0.635000 1.163698 0.000000
vt 0.000000 1.163698 0.000000
vt 0.635000 1.018236 0.000000
vt 0.000000 1.018236 0.000000
vt 0.635000 0.872774 0.000000
vt 0.000000 0.872774 0.000000
vt 0.635000 0.727311 0.000000
vt 0.000000 0.727311 0.000000
vt 0.635000 0.581849 0.000000
vt 0.000000 0.581849 0.000000
vt 0.635000 0.436387 0.000000
vt 0.000000 0.436387 0.000000
vt 0.635000 0.290925 0.000000
vt 0.000000 0.290925 0.000000
vt 0.635000 0.145462 0.000000
vt 0.000000 0.145462 0.000000
vt 0.635000 0.000000 0.000000
vt 0.000000 0.000000 0.000000
vt 0.635000 -0.145462 0.000000
vt -0.000000 -0.145462 0.000000
vt 0.635000 -0.290925 0.000000
vt -0.000000 -0.290925 0.000000
vt 0.635000 -0.436387 0.000000
vt -0.000000 -0.436387 0.000000
vt 0.635000 -0.581849 0.000000
vt -0.000000 -0.581849 0.000000
vt 0.635000 -0.727311 0.000000
vt -0.000000 -0.727311 0.000000
vt 0.635000 -0.872774 0.000000
vt -0.000000 -0.872774 0.000000
vt 0.635000 -1.018236 0.000000
vt -0.000000 -1.018236 0.000000
vt 0.635000 -1.163698 0.000000
vt -0.000000 -1.163698 0.000000
vt 0.635000 -1.309161 0.000000
vt -0.000000 -1.309161 0.000000
vt 0.635000 -1.454623 0.000000
vt -0.000000 -1.454623 0.000000
vt 0.635000 -1.600085 0.000000
vt -0.000000 -1.600085 0.000000
vt 0.635000 -1.745547 0.000000
vt -0.000000 -1.745547 0.000000
vt 0.635000 1.745547 0.000000
vt -0.000000 1.745547 0.000000
vt 0.635000 1.600085 0.000000
vt 0.000000 1.600085 0.000000
vt 0.635000 1.454623 0.000000
vt 0.000000 1.454623 0.000000
vt 0.635000 1.309161 0.000000
vt 0.000000 1.309161 0.000000
vt 0.635000 1.163698 0.000000
vt 0.000000 1.163698 0.000000
vt 0.635000 1.018236 0.000000
vt 0.000000 1.018236 0.000000
vt 0.635000 0.872774 0.000000
vt 0.000000 0.872774 0.000000
vt 0.635000 0.727311 0.000000
vt 0.000000 0.727311 0.000000
vt 0.635000 0.581849 0.000000
vt 0.000000 0.581849 0.000000
vt 0.635000 0.436387 0.000000
vt 0.000000 0.436387 0.000000
vt 0.635000 0.290925 0.000000
vt 0.000000 0.290925 0.000000
vt 0.635000 0.145462 0.000000
vt 0.000000 0.145462 0.000000
vt 0.635000 -0.000000 0.000000
vt 0.000000 0.000000 0.000000
vt 0.635000 -0.145462 0.000000
vt -0.000000 -0.145462 0.000000
vt 0.635000 -0.290925 0.000000
vt -0.000000 -0.290925 0.000000
vt 0.635000 -0.436387 0.000000
vt -0.000000 -0.436387 0.000000
vt 0.635000 -0.581849 0.000000
vt -0.000000 -0.581849 0.000000
vt 0.635000 -0.727311 0.000000
vt -0.000000 -0.727311 0.000000
vt 0.635000 -0.872774 0.000000
vt -0.000000 -0.872774 0.000000
vt 0.635000 -1.018236 0.000000
vt -0.000000 -1.018236 0.000000
vt 0.635000 -1.163698 0.000000
vt -0.000000 -1.163698 0.000000
vt 0.635000 -1.309161 0.000000
vt -0.000000 -1.309161 0.000000
vt 0.635000 -1.454623 0.000000
vt -0.000000 -1.454623 0.000000
vt 0.000000 0.000000 0.000000
vt 6.350000 0.000000 0.000000
vt 0.000000 7.620000 0.000000
vt 6.350000 7.620000 0.000000
vt 0.000000 0.000000 0.000000
vt 0.635000 -0.000000 0.000000
vt 0.000000 7.620000 0.000000
vt 0.635000 7.620000 0.000000
vt 0.000000 0.000000 0.000000
vt 5.715000 0.000000 0.000000
vt 0.000000 7.620000 0.000000
vt 5.715000 7.620000 0.000000
vt 8.890000 0.000000 0.000000
vt 2.182812 3.328815 0.000000
vt 0.000000 0.000000 0.000000
vt 2.048806 3.273307 0.000000
vt 1.905000 3.254375 0.000000
vt 8.890000 7.620000 0.000000
vt 7.540625 3.810000 0.000000
vt 7.521693 3.666194 0.000000
vt 7.466185 3.532187 0.000000
vt 0.000000 7.620000 0.000000
vt 6.707187 4.291185 0.000000
vt 6.841194 4.346693 0.000000
vt 6.985000 4.365625 0.000000
vt 1.349375 3.810000 0.000000
vt 1.368307 3.953806 0.000000
vt 1.423815 4.087812 0.000000
vt 2.441693 3.666194 0.000000
vt 6.448307 3.666194 0.000000
vt 2.460625 3.810000 0.000000
vt 6.429375 3.810000 0.000000
vt 2.441693 3.953806 0.000000
vt 6.448307 3.953806 0.000000
vt 2.386185 4.087812 0.000000
vt 6.503815 4.087812 0.000000
vt 2.297886 4.202886 0.000000
vt 6.592114 4.202886 0.000000
vt 2.182812 4.291185 0.000000
vt 6.503815 3.532187 0.000000
vt 2.386185 3.532187 0.000000
vt 6.592114 3.417114 0.000000
vt 2.297886 3.417114 0.000000
vt 6.707187 3.328815 0.000000
vt 1.761194 3.273307 0.000000
vt 1.627187 3.328815 0.000000
vt 1.512114 3.417114 0.000000
vt 1.423815 3.532187 0.000000
vt 1.368307 3.666194 0.000000
vt 1.512114 4.202886 0.000000
vt 1.627187 4.291185 0.000000
vt 1.761194 4.346693 0.000000
vt 1.905000 4.365625 0.000000
vt 2.048806 4.346693 0.000000
vt 7.377886 3.417114 0.000000
vt 7.262812 3.328815 0.000000
vt 7.128806 3.273307 0.000000
vt 6.985000 3.254375 0.000000
vt 6.841194 3.273307 0.000000
vt 7.128806 4.346693 0.000000
vt 7.262812 4.291185 0.000000
vt 7.377886 4.202886 0.000000
vt 7.466185 4.087812 0.000000
vt 7.521693 3.953806 0.000000
vt 0.000000 0.000000 0.000000
vt 5.715000 -0.000000 0.000000
vt 0.000000 7.620000 0.000000
vt 5.715000 7.620000 0.000000
vt 0.000000 0.000000 0.000000
vt 0.635000 0.000000 0.000000
vt 0.000000 7.620000 0.000000
vt 0.635000 7.620000 0.000000
vt 0.000000 0.000000 0.000000
vt 6.350000 -0.000000 0.000000
vt 0.000000 7.620000 0.000000
vt 6.350000 7.620000 0.000000
vt 10.160000 0.000000 0.000000
vt 2.683806 3.273307 0.000000
vt 0.000000 0.000000 0.000000
vt 2.540000 3.254375 0.000000
vt 2.396194 3.273307 0.000000
vt 10.160000 7.620000 0.000000
vt 8.175625 3.810000 0.000000
vt 8.156693 3.666194 0.000000
vt 8.101185 3.532187 0.000000
vt 0.000000 7.620000 0.000000
vt 7.476194 4.346693 0.000000
vt 7.620000 4.365625 0.000000
vt 7.763806 4.346693 0.000000
vt 1.984375 3.810000 0.000000
vt 2.003307 3.953806 0.000000
vt 2.058815 4.087812 0.000000
vt 7.083307 3.953806 0.000000
vt 3.076693 3.953806 0.000000
vt 7.064375 3.810000 0.000000
vt 3.095625 3.810000 0.000000
vt 7.083307 3.666194 0.000000
vt 3.076693 3.666194 0.000000
vt 7.138815 3.532187 0.000000
vt 3.021185 3.532187 0.000000
vt 7.227114 3.417114 0.000000
vt 2.932886 3.417114 0.000000
vt 7.342187 3.328815 0.000000
vt 2.817812 3.328815 0.000000
vt 7.476194 3.273307 0.000000
vt 3.021185 4.087812 0.000000
vt 7.138815 4.087812 0.000000
vt 2.932886 4.202886 0.000000
vt 7.227114 4.202886 0.000000
vt 2.817812 4.291185 0.000000
vt 7.342187 4.291185 0.000000
vt 2.683806 4.346693 0.000000
vt 7.897812 4.291185 0.000000
vt 8.012886 4.202886 0.000000
vt 8.101185 4.087812 0.000000
vt 8.156693 3.953806 0.000000
vt 8.012886 3.417114 0.000000
vt 7.897812 3.328815 0.000000
vt 7.763806 3.273307 0.000000
vt 7.620000 3.254375 0.000000
vt 2.147114 4.202886 0.000000
vt 2.262187 4.291185 0.000000
vt 2.396194 4.346693 0.000000
vt 2.540000 4.365625 0.000000
vt 2.262187 3.328815 0.000000
vt 2.147114 3.417114 0.000000
vt 2.058815 3.532187 0.000000
vt 2.003307 3.666194 0.000000
vt 5.080000 -4.236357 0.000000
vt 5.080000 2.113643 0.000000
vt 4.445000 1.478643 0.000000
vt -5.080000 2.113643 0.000000
vt -4.445000 1.478643 0.000000
vt -5.080000 -4.236357 0.000000
vt -4.445000 -4.236357 0.000000
vt 4.445000 -4.236357 0.000000
vt 5.080000 -4.236357 0.000000
vt 5.080000 2.113643 0.000000
vt 4.445000 1.478643 0.000000
vt -5.080000 2.113643 0.000000
vt -4.445000 1.478643 0.000000
vt -5.080000 -4.236357 0.000000
vt -4.445000 -4.236357 0.000000
vt 4.445000 -4.236357 0.000000
vn 0.025882 0.096593 0.000000
vn 0.025882 0.096593 0.000000
vn -0.000000 0.100000 0.000000
vn -0.000000 0.100000 0.000000
vn -0.025882 0.096593 -0.000000
vn -0.025882 0.096593 -0.000000
vn -0.050000 0.086603 -0.000000
vn -0.050000 0.086603 -0.000000
vn -0.070711 0.070711 -0.000000
vn -0.070711 0.070711 -0.000000
vn -0.086603 0.050000 -0.000000
vn -0.086603 0.050000 -0.000000
vn -0.096593 0.025882 -0.000000
vn -0.096593 0.025882 -0.000000
vn -0.100000 0.000000 -0.000000
vn -0.100000 -0.000000 -0.000000
vn -0.096593 -0.025882 -0.000000
vn -0.096593 -0.025882 -0.000000
vn -0.086603 -0.050000 -0.000000
vn -0.086603 -0.050000 -0.000000
vn -0.070711 -0.070711 -0.000000
vn -0.070711 -0.070711 -0.000000
vn -0.050000 -0.086603 -0.000000
vn -0.050000 -0.086603 -0.000000
vn -0.025882 -0.096593 -0.000000
vn -0.025882 -0.096593 -0.000000
vn 0.000000 -0.100000 -0.000000
vn 0.000000 -0.100000 -0.000000
vn 0.025882 -0.096593 0.000000
vn 0.025882 -0.096593 0.000000
vn 0.050000 -0.086603 0.000000
vn 0.050000 -0.086603 0.000000
vn 0.070711 -0.070711 0.000000
vn 0.070711 -0.070711 0.000000
vn 0.086603 -0.050000 0.000000
vn 0.086603 -0.050000 0.000000
vn 0.096593 -0.025882 0.000000
vn 0.096593 -0.025882 0.000000
vn 0.100000 0.000000 0.000000
vn 0.100000 -0.000000 0.000000
vn 0.096593 0.025882 0.000000
vn 0.096593 0.025882 0.000000
vn 0.086603 0.050000 0.000000
vn 0.086603 0.050000 0.000000
vn 0.070711 0.070711 0.000000
vn 0.070711 0.070711 0.000000
vn 0.050000 0.086603 0.000000
vn 0.050000 0.086603 0.000000
vn 0.025882 0.096593 0.000000
vn 0.025882 0.096593 0.000000
vn -0.000000 0.100000 0.000000
vn -0.000000 0.100000 0.000000
vn -0.025882 0.096593 -0.000000
vn -0.025882 0.096593 -0.000000
vn -0.050000 0.086603 -0.000000
vn -0.050000 0.086603 -0.000000
vn -0.070711 0.070711 -0.000000
vn -0.070711 0.070711 -0.000000
vn -0.086603 0.050000 -0.000000
vn -0.086603 0.050000 -0.000000
vn -0.096593 0.025882 -0.000000
vn -0.096593 0.025882 -0.000000
vn -0.100000 -0.000000 -0.000000
vn -0.100000 -0.000000 -0.000000
vn -0.096593 -0.025882 -0.000000
vn -0.096593 -0.025882 -0.000000
vn -0.086603 -0.050000 -0.000000
vn -0.086603 -0.050000 -0.000000
vn -0.070711 -0.070711 -0.000000
vn -0.070711 -0.070711 -0.000000
vn -0.050000 -0.086603 -0.000000
vn -0.050000 -0.086603 -0.000000
vn -0.025882 -0.096593 -0.000000
vn -0.025882 -0.096593 -0.000000
vn 0.000000 -0.100000 -0.000000
vn 0.000000 -0.100000 -0.000000
vn 0.025882 -0.096593 0.000000
vn 0.025882 -0.096593 0.000000
vn 0.050000 -0.086603 0.000000
vn 0.050000 -0.086603 0.000000
vn 0.070711 -0.070711 0.000000
vn 0.070711 -0.070711 0.000000
vn 0.086603 -0.050000 0.000000
vn 0.086603 -0.050000 0.000000
vn 0.096593 -0.025882 0.000000
vn 0.096593 -0.025882 0.000000
vn 0.100000 -0.000000 0.000000
vn 0.100000 -0.000000 0.000000
vn 0.096593 0.025882 0.000000
vn 0.096593 0.025882 0.000000
vn 0.086603 0.050000 0.000000
vn 0.086603 0.050000 0.000000
vn 0.070711 0.070711 0.000000
vn 0.070711 0.070711 0.000000
vn 0.050000 0.086603 0.000000
vn 0.050000 0.086603 0.000000
vn 0.000000 -0.100000 -0.000000
vn 0.000000 -0.100000 -0.000000
vn 0.000000 -0.100000 -0.000000
vn 0.000000 -0.100000 -0.000000
vn -0.000000 -0.000000 0.100000
vn -0.000000 -0.000000 0.100000
vn -0.000000 -0.000000 0.100000
vn -0.000000 -0.000000 0.100000
vn -0.000000 0.100000 0.000000
vn -0.000000 0.100000 0.000000
vn -0.000000 0.100000 0.000000
vn -0.000000 0.100000 0.000000
vn -0.000000 -0.000000 0.100000
vn -0.000000 -0.000000 0.100000
vn -0.000000 -0.000000 0.100000
vn -0.000000 -0.000000 0.100000
vn -0.000000 -0.000000 0.100000
vn -0.000000 -0.000000 0.100000
vn -0.000000 -0.000000 0.100000
vn -0.000000 -0.000000 0.100000
vn -0.000000 -0.000000 0.100000
vn -0.000000 -0.000000 0.100000
vn -0.000000 -0.000000 0.100000
vn -0.000000 -0.000000 0.100000
vn -0.000000 -0.000000 0.100000
vn -0.000000 -0.000000 0.100000
vn -0.000000 -0.000000 0.100000
vn -0.000000 -0.000000 0.100000
vn -0.000000 -0.000000 0.100000
vn -0.000000 -0.000000 0.100000
vn -0.000000 -0.000000 0.100000
vn -0.000000 -0.000000 0.100000
vn -0.000000 -0.000000 0.100000
vn -0.000000 -0.000000 0.100000
vn -0.000000 -0.000000 0.100000
vn -0.000000 -0.000000 0.100000
vn -0.000000 -0.000000 0.100000
vn -0.000000 -0.000000 0.100000
vn -0.000000 -0.000000 0.100000
vn -0.000000 -0.000000 0.100000
vn -0.000000 -0.000000 0.100000
vn -0.000000 -0.000000 0.100000
vn -0.000000 -0.000000 0.100000
vn -0.000000 -0.000000 0.100000
vn -0.000000 -0.000000 0.100000
vn -0.000000 -0.000000 0.100000
vn -0.000000 -0.000000 0.100000
vn -0.000000 -0.000000 0.100000
vn -0.000000 -0.000000 0.100000
vn -0.000000 -0.000000 0.100000
vn -0.000000 -0.000000 0.100000
vn -0.000000 -0.000000 0.100000
vn -0.000000 -0.000000 0.100000
vn -0.000000 -0.000000 0.100000
vn -0.000000 -0.000000 0.100000
vn -0.000000 -0.000000 0.100000
vn -0.000000 -0.000000 0.100000
vn -0.000000 -0.000000 0.100000
vn -0.000000 -0.000000 0.100000
vn -0.000000 -0.000000 0.100000
vn -0.000000 -0.000000 0.100000
vn -0.000000 -0.000000 0.100000
vn -0.000000 -0.000000 0.100000
vn -0.000000 -0.000000 0.100000
vn 0.000000 -0.100000 -0.000000
vn 0.000000 -0.100000 -0.000000
vn 0.000000 -0.100000 -0.000000
vn 0.000000 -0.100000 -0.000000
vn -0.000000 -0.000000 0.100000
vn -0.000000 -0.000000 0.100000
vn -0.000000 -0.000000 0.100000
vn -0.000000 -0.000000 0.100000
vn -0.000000 0.100000 0.000000
vn -0.000000 0.100000 0.000000
vn -0.000000 0.100000 0.000000
vn -0.000000 0.100000 0.000000
vn 0.000000 0.000000 -0.100000
vn 0.000000 0.000000 -0.100000
vn 0.000000 0.000000 -0.100000
vn 0.000000 0.000000 -0.100000
vn 0.000000 0.000000 -0.100000
vn 0.000000 0.000000 -0.100000
vn 0.000000 0.000000 -0.100000
vn 0.000000 0.000000 -0.100000
vn 0.000000 0.000000 -0.100000
vn 0.000000 0.000000 -0.100000
vn 0.000000 0.000000 -0.100000
vn 0.000000 0.000000 -0.100000
vn 0.000000 0.000000 -0.100000
vn 0.000000 0.000000 -0.100000
vn 0.000000 0.000000 -0.100000
vn 0.000000 0.000000 -0.100000
vn 0.000000 0.000000 -0.100000
vn 0.000000 0.000000 -0.100000
vn 0.000000 0.000000 -0.100000
vn 0.000000 0.000000 -0.100000
vn 0.000000 0.000000 -0.100000
vn 0.000000 0.000000 -0.100000
vn 0.000000 0.000000 -0.100000
vn 0.000000 0.000000 -0.100000
vn 0.000000 0.000000 -0.100000
vn 0.000000 0.000000 -0.100000
vn 0.000000 0.000000 -0.100000
vn 0.000000 0.000000 -0.100000
vn 0.000000 0.000000 -0.100000
vn 0.000000 0.000000 -0.100000
vn 0.000000 0.000000 -0.100000
vn 0.000000 0.000000 -0.100000
vn 0.000000 0.000000 -0.100000
vn 0.000000 0.000000 -0.100000
vn 0.000000 0.000000 -0.100000
vn 0.000000 0.000000 -0.100000
vn 0.000000 0.000000 -0.100000
vn 0.000000 0.000000 -0.100000
vn 0.000000 0.000000 -0.100000
vn 0.000000 0.000000 -0.100000
vn 0.000000 0.000000 -0.100000
vn 0.000000 0.000000 -0.100000
vn 0.000000 0.000000 -0.100000
vn 0.000000 0.000000 -0.100000
vn 0.000000 0.000000 -0.100000
vn 0.000000 0.000000 -0.100000
vn 0.000000 0.000000 -0.100000
vn 0.000000 0.000000 -0.100000
vn 0.000000 0.000000 -0.100000
vn 0.000000 0.000000 -0.100000
vn 0.000000 0.000000 -0.100000
vn 0.000000 0.000000 -0.100000
vn -0.100000 -0.000000 -0.000000
vn -0.100000 -0.000000 -0.000000
vn -0.100000 -0.000000 -0.000000
vn -0.100000 -0.000000 -0.000000
vn -0.100000 -0.000000 -0.000000
vn -0.100000 -0.000000 -0.000000
vn -0.100000 -0.000000 -0.000000
vn -0.100000 -0.000000 -0.000000
vn 0.100000 0.000000 0.000000
vn 0.100000 0.000000 0.000000
vn 0.100000 0.000000 0.000000
vn 0.100000 0.000000 0.000000
vn 0.100000 0.000000 0.000000
vn 0.100000 0.000000 0.000000
vn 0.100000 0.000000 0.000000
vn 0.100000 0.000000 0.000000
f 3090/4969/4807 3136/4970/4808 3089/4971/4809
f 3089/4971/4809 3136/4970/4808 3113/4972/4810
f 3089/4973/4809 3113/4974/4810 3112/4975/4811
f 3112/4975/4811 3113/4974/4810 3114/4976/4812
f 3112/4975/4811 3114/4976/4812 3111/4977/4813
f 3111/4977/4813 3114/4976/4812 3115/4978/4814
f 3111/4977/4813 3115/4978/4814 3110/4979/4815
f 3110/4979/4815 3115/4978/4814 3116/4980/4816
f 3110/4979/4815 3116/4980/4816 3109/4981/4817
f 3109/4981/4817 3116/4980/4816 3117/4982/4818
f 3109/4981/4817 3117/4982/4818 3108/4983/4819
f 3108/4983/4819 3117/4982/4818 3118/4984/4820
f 3108/4983/4819 3118/4984/4820 3107/4985/4821
f 3107/4985/4821 3118/4984/4820 3119/4986/4822
f 3107/4985/4821 3119/4986/4822 3106/4987/4823
f 3106/4987/4823 3119/4986/4822 3120/4988/4824
f 3106/4987/4823 3120/4988/4824 3105/4989/4825
f 3105/4989/4825 3120/4988/4824 3121/4990/4826
f 3105/4989/4825 3121/4990/4826 3104/4991/4827
f 3104/4991/4827 3121/4990/4826 3122/4992/4828
f 3104/4991/4827 3122/4992/4828 3103/4993/4829
f 3103/4993/4829 3122/4992/4828 3123/4994/4830
f 3103/4993/4829 3123/4994/4830 3102/4995/4831
f 3102/4995/4831 3123/4994/4830 3124/4996/4832
f 3102/4995/4831 3124/4996/4832 3101/4997/4833
f 3101/4997/4833 3124/4996/4832 3125/4998/4834
f 3101/4997/4833 3125/4998/4834 3100/4999/4835
f 3100/4999/4835 3125/4998/4834 3126/5000/4836
f 3100/4999/4835 3126/5000/4836 3099/5001/4837
f 3099/5001/4837 3126/5000/4836 3127/5002/4838
f 3099/5001/4837 3127/5002/4838 3098/5003/4839
f 3098/5003/4839 3127/5002/4838 3128/5004/4840
f 3098/5003/4839 3128/5004/4840 3097/5005/4841
f 3097/5005/4841 3128/5004/4840 3129/5006/4842
f 3097/5005/4841 3129/5006/4842 3096/5007/4843
f 3096/5007/4843 3129/5006/4842 3130/5008/4844
f 3096/5007/4843 3130/5008/4844 3095/5009/4845
f 3095/5009/4845 3130/5008/4844 3131/5010/4846
f 3095/5009/4845 3131/5010/4846 3094/5011/4847
f 3094/5011/4847 3131/5010/4846 3132/5012/4848
f 3094/5011/4847 3132/5012/4848 3093/5013/4849
f 3093/5013/4849 3132/5012/4848 3133/5014/4850
f 3093/5013/4849 3133/5014/4850 3092/5015/4851
f 3092/5015/4851 3133/5014/4850 3134/5016/4852
f 3092/5015/4851 3134/5016/4852 3091/5017/4853
f 3091/5017/4853 3134/5016/4852 3135/5018/4854
f 3091/5017/4853 3135/5018/4854 3090/4969/4807
f 3090/4969/4807 3135/5018/4854 3136/4970/4808
f 3138/5019/4855 3184/5020/4856 3137/5021/4857
f 3137/5021/4857 3184/5020/4856 3161/5022/4858
f 3137/5023/4857 3161/5024/4858 3160/5025/4859
f 3160/5025/4859 3161/5024/4858 3162/5026/4860
f 3160/5025/4859 3162/5026/4860 3159/5027/4861
f 3159/5027/4861 3162/5026/4860 3163/5028/4862
f 3159/5027/4861 3163/5028/4862 3158/5029/4863
f 3158/5029/4863 3163/5028/4862 3164/5030/4864
f 3158/5029/4863 3164/5030/4864 3157/5031/4865
f 3157/5031/4865 3164/5030/4864 3165/5032/4866
f 3157/5031/4865 3165/5032/4866 3156/5033/4867
f 3156/5033/4867 3165/5032/4866 3166/5034/4868
f 3156/5033/4867 3166/5034/4868 3155/5035/4869
f 3155/5035/4869 3166/5034/4868 3167/5036/4870
f 3155/5035/4869 3167/5036/4870 3154/5037/4871
f 3154/5037/4871 3167/5036/4870 3168/5038/4872
f 3154/5037/4871 3168/5038/4872 3153/5039/4873
f 3153/5039/4873 3168/5038/4872 3169/5040/4874
f 3153/5039/4873 3169/5040/4874 3152/5041/4875
f 3152/5041/4875 3169/5040/4874 3170/5042/4876
f 3152/5041/4875 3170/5042/4876 3151/5043/4877
f 3151/5043/4877 3170/5042/4876 3171/5044/4878
f 3151/5043/4877 3171/5044/4878 3150/5045/4879
f 3150/5045/4879 3171/5044/4878 3172/5046/4880
f 3150/5045/4879 3172/5046/4880 3149/5047/4881
f 3149/5047/4881 3172/5046/4880 3173/5048/4882
f 3149/5047/4881 3173/5048/4882 3148/5049/4883
f 3148/5049/4883 3173/5048/4882 3174/5050/4884
f 3148/5049/4883 3174/5050/4884 3147/5051/4885
f 3147/5051/4885 3174/5050/4884 3175/5052/4886
f 3147/5051/4885 3175/5052/4886 3146/5053/4887
f 3146/5053/4887 3175/5052/4886 3176/5054/4888
f 3146/5053/4887 3176/5054/4888 3145/5055/4889
f 3145/5055/4889 3176/5054/4888 3177/5056/4890
f 3145/5055/4889 3177/5056/4890 3144/5057/4891
f 3144/5057/4891 3177/5056/4890 3178/5058/4892
f 3144/5057/4891 3178/5058/4892 3143/5059/4893
f 3143/5059/4893 3178/5058/4892 3179/5060/4894
f 3143/5059/4893 3179/5060/4894 3142/5061/4895
f 3142/5061/4895 3179/5060/4894 3180/5062/4896
f 3142/5061/4895 3180/5062/4896 3141/5063/4897
f 3141/5063/4897 3180/5062/4896 3181/5064/4898
f 3141/5063/4897 3181/5064/4898 3140/5065/4899
f 3140/5065/4899 3181/5064/4898 3182/5066/4900
f 3140/5065/4899 3182/5066/4900 3139/5067/4901
f 3139/5067/4901 3182/5066/4900 3183/5068/4902
f 3139/5067/4901 3183/5068/4902 3138/5019/4855
f 3138/5019/4855 3183/5068/4902 3184/5020/4856
f 3185/5069/4903 3186/5070/4904 3188/5071/4905
f 3188/5071/4905 3186/5070/4904 3187/5072/4906
f 3189/5073/4907 3185/5074/4908 3190/5075/4909
f 3190/5075/4909 3185/5074/4908 3188/5076/4910
f 3191/5077/4911 3189/5078/4912 3192/5079/4913
f 3192/5079/4913 3189/5078/4912 3190/5080/4914
f 3191/5081/4915 3133/5082/4916 3193/5083/4917
f 3193/5083/4917 3133/5082/4916 3132/5084/4918
f 3193/5083/4917 3132/5084/4918 3131/5085/4919
f 3192/5086/4920 3161/5087/4921 3191/5081/4915
f 3191/5081/4915 3161/5087/4921 3184/5088/4922
f 3191/5081/4915 3184/5088/4922 3183/5089/4923
f 3194/5090/4924 3169/5091/4925 3192/5086/4920
f 3192/5086/4920 3169/5091/4925 3168/5092/4926
f 3192/5086/4920 3168/5092/4926 3167/5093/4927
f 3193/5083/4917 3125/5094/4928 3194/5090/4924
f 3194/5090/4924 3125/5094/4928 3124/5095/4929
f 3194/5090/4924 3124/5095/4929 3123/5096/4930
f 3136/5097/4931 3174/5098/4932 3113/5099/4933
f 3113/5099/4933 3174/5098/4932 3173/5100/4934
f 3113/5099/4933 3173/5100/4934 3114/5101/4935
f 3114/5101/4935 3173/5100/4934 3172/5102/4936
f 3114/5101/4935 3172/5102/4936 3115/5103/4937
f 3115/5103/4937 3172/5102/4936 3171/5104/4938
f 3115/5103/4937 3171/5104/4938 3116/5105/4939
f 3116/5105/4939 3171/5104/4938 3170/5106/4940
f 3116/5105/4939 3170/5106/4940 3117/5107/4941
f 3117/5107/4941 3170/5106/4940 3169/5091/4925
f 3117/5107/4941 3169/5091/4925 3194/5090/4924
f 3174/5098/4932 3136/5097/4931 3175/5108/4942
f 3175/5108/4942 3136/5097/4931 3135/5109/4943
f 3175/5108/4942 3135/5109/4943 3176/5110/4944
f 3176/5110/4944 3135/5109/4943 3134/5111/4945
f 3176/5110/4944 3134/5111/4945 3177/5112/4946
f 3177/5112/4946 3134/5111/4945 3133/5082/4916
f 3177/5112/4946 3133/5082/4916 3191/5081/4915
f 3131/5085/4919 3130/5113/4947 3193/5083/4917
f 3193/5083/4917 3130/5113/4947 3129/5114/4948
f 3193/5083/4917 3129/5114/4948 3128/5115/4949
f 3128/5115/4949 3127/5116/4950 3193/5083/4917
f 3193/5083/4917 3127/5116/4950 3126/5117/4951
f 3193/5083/4917 3126/5117/4951 3125/5094/4928
f 3123/5096/4930 3122/5118/4952 3194/5090/4924
f 3194/5090/4924 3122/5118/4952 3121/5119/4953
f 3194/5090/4924 3121/5119/4953 3120/5120/4954
f 3120/5120/4954 3119/5121/4955 3194/5090/4924
f 3194/5090/4924 3119/5121/4955 3118/5122/4956
f 3194/5090/4924 3118/5122/4956 3117/5107/4941
f 3183/5089/4923 3182/5123/4957 3191/5081/4915
f 3191/5081/4915 3182/5123/4957 3181/5124/4958
f 3191/5081/4915 3181/5124/4958 3180/5125/4959
f 3180/5125/4959 3179/5126/4960 3191/5081/4915
f 3191/5081/4915 3179/5126/4960 3178/5127/4961
f 3191/5081/4915 3178/5127/4961 3177/5112/4946
f 3167/5093/4927 3166/5128/4962 3192/5086/4920
f 3192/5086/4920 3166/5128/4962 3165/5129/4963
f 3192/5086/4920 3165/5129/4963 3164/5130/4964
f 3164/5130/4964 3163/5131/4965 3192/5086/4920
f 3192/5086/4920 3163/5131/4965 3162/5132/4966
f 3192/5086/4920 3162/5132/4966 3161/5087/4921
f 3195/5133/4967 3193/5134/4968 3196/5135/4969
f 3196/5135/4969 3193/5134/4968 3194/5136/4970
f 3197/5137/4971 3195/5138/4972 3198/5139/4973
f 3198/5139/4973 3195/5138/4972 3196/5140/4974
f 3199/5141/4975 3197/5142/4976 3200/5143/4977
f 3200/5143/4977 3197/5142/4976 3198/5144/4978
f 3199/5145/4979 3144/5146/4980 3186/5147/4981
f 3186/5147/4981 3144/5146/4980 3143/5148/4982
f 3186/5147/4981 3143/5148/4982 3142/5149/4983
f 3200/5150/4984 3101/5151/4985 3199/5145/4979
f 3199/5145/4979 3101/5151/4985 3100/5152/4986
f 3199/5145/4979 3100/5152/4986 3099/5153/4987
f 3187/5154/4988 3108/5155/4989 3200/5150/4984
f 3200/5150/4984 3108/5155/4989 3107/5156/4990
f 3200/5150/4984 3107/5156/4990 3106/5157/4991
f 3186/5147/4981 3137/5158/4992 3187/5154/4988
f 3187/5154/4988 3137/5158/4992 3160/5159/4993
f 3187/5154/4988 3160/5159/4993 3159/5160/4994
f 3112/5161/4995 3150/5162/4996 3089/5163/4997
f 3089/5163/4997 3150/5162/4996 3149/5164/4998
f 3089/5163/4997 3149/5164/4998 3090/5165/4999
f 3090/5165/4999 3149/5164/4998 3148/5166/5000
f 3090/5165/4999 3148/5166/5000 3091/5167/5001
f 3091/5167/5001 3148/5166/5000 3147/5168/5002
f 3091/5167/5001 3147/5168/5002 3092/5169/5003
f 3092/5169/5003 3147/5168/5002 3146/5170/5004
f 3092/5169/5003 3146/5170/5004 3093/5171/5005
f 3093/5171/5005 3146/5170/5004 3145/5172/5006
f 3093/5171/5005 3145/5172/5006 3094/5173/5007
f 3094/5173/5007 3145/5172/5006 3144/5146/4980
f 3094/5173/5007 3144/5146/4980 3199/5145/4979
f 3150/5162/4996 3112/5161/4995 3151/5174/5008
f 3151/5174/5008 3112/5161/4995 3111/5175/5009
f 3151/5174/5008 3111/5175/5009 3152/5176/5010
f 3152/5176/5010 3111/5175/5009 3110/5177/5011
f 3152/5176/5010 3110/5177/5011 3153/5178/5012
f 3153/5178/5012 3110/5177/5011 3109/5179/5013
f 3153/5178/5012 3109/5179/5013 3154/5180/5014
f 3154/5180/5014 3109/5179/5013 3108/5155/4989
f 3154/5180/5014 3108/5155/4989 3187/5154/4988
f 3106/5157/4991 3105/5181/5015 3200/5150/4984
f 3200/5150/4984 3105/5181/5015 3104/5182/5016
f 3200/5150/4984 3104/5182/5016 3103/5183/5017
f 3103/5183/5017 3102/5184/5018 3200/5150/4984
f 3200/5150/4984 3102/5184/5018 3101/5151/4985
f 3099/5153/4987 3098/5185/5019 3199/5145/4979
f 3199/5145/4979 3098/5185/5019 3097/5186/5020
f 3199/5145/4979 3097/5186/5020 3096/5187/5021
f 3096/5187/5021 3095/5188/5022 3199/5145/4979
f 3199/5145/4979 3095/5188/5022 3094/5173/5007
f 3159/5160/4994 3158/5189/5023 3187/5154/4988
f 3187/5154/4988 3158/5189/5023 3157/5190/5024
f 3187/5154/4988 3157/5190/5024 3156/5191/5025
f 3156/5191/5025 3155/5192/5026 3187/5154/4988
f 3187/5154/4988 3155/5192/5026 3154/5180/5014
f 3142/5149/4983 3141/5193/5027 3186/5147/4981
f 3186/5147/4981 3141/5193/5027 3140/5194/5028
f 3186/5147/4981 3140/5194/5028 3139/5195/5029
f 3139/5195/5029 3138/5196/5030 3186/5147/4981
f 3186/5147/4981 3138/5196/5030 3137/5158/4992
f 3197/5197/5031 3199/5198/5032 3193/5199/5033
f 3193/5199/5033 3199/5198/5032 3186/5200/5034
f 3193/5199/5033 3186/5200/5034 3191/5201/5035
f 3191/5201/5035 3186/5200/5034 3185/5202/5036
f 3191/5201/5035 3185/5202/5036 3189/5203/5037
f 3193/5199/5033 3195/5204/5038 3197/5197/5031
f 3188/5205/5039 3187/5206/5040 3192/5207/5041
f 3192/5207/5041 3187/5206/5040 3200/5208/5042
f 3192/5207/5041 3200/5208/5042 3194/5209/5043
f 3194/5209/5043 3200/5208/5042 3198/5210/5044
f 3194/5209/5043 3198/5210/5044 3196/5211/5045
f 3192/5207/5041 3190/5212/5046 3188/5205/5039
g Body8

v 393.296394 5324.475000 -1689.649910
v 183.365394 5324.475000 -1689.649910
v 183.365394 5324.475000 -197.655434
v 393.296394 5324.475000 -197.655434
v 393.296394 5324.475000 -238.800386
v 407.012394 5324.475000 -238.800386
v 407.012394 5324.475000 -209.463386
v 428.345346 5324.475000 -209.463386
v 428.345346 5324.475000 -1677.838910
v 407.012394 5324.475000 -1677.838910
v 407.012394 5324.475000 -1648.882910
v 393.296394 5324.475000 -1648.882910
v 183.365394 -0.000000 -1689.649910
v 393.296394 -0.000000 -1689.649910
v 393.296394 -0.000000 -1648.882910
v 407.012394 -0.000000 -1648.882910
v 407.012394 -0.000000 -1677.838910
v 428.345346 -0.000000 -1677.838910
v 428.345346 -0.000000 -209.463386
v 407.012394 -0.000000 -209.463386
v 407.012394 -0.000000 -238.800386
v 393.296394 -0.000000 -238.800386
v 393.296394 -0.000000 -197.655434
v 183.365394 -0.000000 -197.655434
v 428.345346 3441.382500 -238.992410
v 428.345346 5153.025000 -238.992410
v 428.345346 5153.025000 -1648.692410
v 428.345346 3441.382500 -1648.692410
v 428.345346 59.055000 -238.992410
v 428.345346 3214.687599 -238.992410
v 428.345346 3214.687500 -1648.692410
v 428.345346 59.055000 -1648.692410
v 183.365394 3214.687500 -1648.692410
v 183.365394 3214.687599 -238.992410
v 183.365394 59.055000 -238.992410
v 183.365394 59.055000 -1648.692410
v 183.365394 5153.025000 -1648.692410
v 183.365394 5153.025000 -238.992410
v 183.365394 3441.382500 -238.992410
v 183.365394 3441.382500 -1648.692410
vt 0.000000 20.993100 0.000000
vt 0.000000 0.000000 0.000000
vt 4.076700 20.993100 0.000000
vt 145.084952 20.993100 0.000000
vt 4.076700 22.364700 0.000000
vt 145.084952 22.364700 0.000000
vt 1.181100 24.497995 0.000000
vt 148.018652 24.497995 0.000000
vt 148.018652 22.364700 0.000000
vt 149.199448 -0.000000 0.000000
vt 149.199448 20.993100 0.000000
vt 1.181100 22.364700 0.000000
vt 151.542750 20.993100 0.000000
vt 147.466050 20.993100 0.000000
vt 151.542750 0.000000 0.000000
vt 6.457798 20.993100 0.000000
vt 2.343302 0.000000 0.000000
vt 2.343302 20.993100 0.000000
vt 6.457798 22.364700 0.000000
vt 147.466050 22.364700 0.000000
vt 150.361650 24.497995 0.000000
vt 150.361650 22.364700 0.000000
vt 3.524098 24.497995 0.000000
vt 3.524098 22.364700 0.000000
vt 0.000000 12.700000 0.000000
vt 20.993100 12.700000 0.000000
vt 0.000000 545.147500 0.000000
vt 20.993100 545.147500 0.000000
vt 0.000000 12.700000 0.000000
vt 4.114495 12.700000 0.000000
vt 0.000000 545.147500 0.000000
vt 4.114495 545.147500 0.000000
vt 0.000000 12.700000 0.000000
vt 1.371600 12.700000 0.000000
vt 0.000000 545.147500 0.000000
vt 1.371600 545.147500 0.000000
vt 0.000000 12.700000 0.000000
vt 2.933700 12.700000 0.000000
vt 0.000000 545.147500 0.000000
vt 2.933700 545.147500 0.000000
vt 0.000000 12.700000 0.000000
vt 2.133295 12.700000 0.000000
vt 0.000000 545.147500 0.000000
vt 2.133295 545.147500 0.000000
vt 0.000000 12.700000 0.000000
vt 2.133295 12.700000 0.000000
vt 0.000000 545.147500 0.000000
vt 2.133295 545.147500 0.000000
vt 0.000000 12.700000 0.000000
vt 2.895600 12.700000 0.000000
vt 0.000000 545.147500 0.000000
vt 2.895600 545.147500 0.000000
vt 0.000000 12.700000 0.000000
vt 1.371600 12.700000 0.000000
vt 0.000000 545.147500 0.000000
vt 1.371600 545.147500 0.000000
vt 0.000000 12.700000 0.000000
vt 4.076700 12.700000 0.000000
vt 0.000000 545.147500 0.000000
vt 4.076700 545.147500 0.000000
vt 2.952902 528.002500 0.000000
vt 0.000000 545.147500 0.000000
vt 2.952902 356.838250 0.000000
vt 2.952902 334.168760 0.000000
vt 143.922902 334.168750 0.000000
vt 146.837552 545.147500 0.000000
vt 143.922902 528.002500 0.000000
vt 143.922902 356.838250 0.000000
vt 0.000000 12.700000 0.000000
vt 2.952902 18.605500 0.000000
vt 146.837552 12.700000 0.000000
vt 143.922902 18.605500 0.000000
vt 266.223750 -73.428073 0.000000
vt 55.245010 -69.294375 0.000000
vt -266.223750 -73.428073 0.000000
vt -260.318250 -69.294375 0.000000
vt -266.223750 75.771375 0.000000
vt -260.318250 71.675625 0.000000
vt 55.245000 71.675625 0.000000
vt 266.223750 75.771375 0.000000
vt 249.078750 -69.294375 0.000000
vt 77.914500 -69.294375 0.000000
vt 77.914500 71.675625 0.000000
vt 249.078750 71.675625 0.000000
vt 0.000000 0.000000 0.000000
vt 532.447500 -0.000000 0.000000
vt -0.000000 20.993100 0.000000
vt 532.447500 20.993100 0.000000
vt 140.970000 24.497995 0.000000
vt -0.000000 24.497995 0.000000
vt 140.970000 0.000000 0.000000
vt -0.000000 0.000000 0.000000
vt 315.563260 24.497995 0.000000
vt 0.000000 24.497995 0.000000
vt 315.563260 -0.000000 0.000000
vt 0.000000 0.000000 0.000000
vt 140.970000 24.497995 0.000000
vt 0.000000 24.497995 0.000000
vt 140.970000 0.000000 0.000000
vt 0.000000 0.000000 0.000000
vt 171.164250 24.497995 0.000000
vt 0.000000 24.497995 0.000000
vt 171.164250 0.000000 0.000000
vt 0.000000 0.000000 0.000000
vt 140.970000 24.497995 0.000000
vt 0.000000 24.497995 0.000000
vt 140.970000 0.000000 0.000000
vt 0.000000 0.000000 0.000000
vt 315.563250 24.497995 0.000000
vt -0.000000 24.497995 0.000000
vt 315.563250 0.000000 0.000000
vt 0.000000 0.000000 0.000000
vt 140.970000 24.497995 0.000000
vt 0.000000 24.497995 0.000000
vt 140.970000 0.000000 0.000000
vt 0.000000 0.000000 0.000000
vt 171.164250 24.497995 0.000000
vt -0.000000 24.497995 0.000000
vt 171.164250 -0.000000 0.000000
vt 0.000000 0.000000 0.000000
vn 0.000000 0.100000 0.000000
vn 0.000000 0.100000 0.000000
vn 0.000000 0.100000 0.000000
vn 0.000000 0.100000 0.000000
vn 0.000000 0.100000 0.000000
vn 0.000000 0.100000 0.000000
vn 0.000000 0.100000 0.000000
vn 0.000000 0.100000 0.000000
vn 0.000000 0.100000 0.000000
vn 0.000000 0.100000 0.000000
vn 0.000000 0.100000 0.000000
vn 0.000000 0.100000 0.000000
vn -0.000000 -0.100000 0.000000
vn -0.000000 -0.100000 0.000000
vn -0.000000 -0.100000 0.000000
vn -0.000000 -0.100000 0.000000
vn -0.000000 -0.100000 0.000000
vn -0.000000 -0.100000 0.000000
vn -0.000000 -0.100000 0.000000
vn -0.000000 -0.100000 0.000000
vn -0.000000 -0.100000 0.000000
vn -0.000000 -0.100000 0.000000
vn -0.000000 -0.100000 0.000000
vn -0.000000 -0.100000 0.000000
vn 0.000000 0.000000 0.100000
vn 0.000000 0.000000 0.100000
vn 0.000000 0.000000 0.100000
vn 0.000000 0.000000 0.100000
vn 0.100000 0.000000 0.000000
vn 0.100000 0.000000 0.000000
vn 0.100000 0.000000 0.000000
vn 0.100000 0.000000 0.000000
vn 0.000000 0.000000 0.100000
vn 0.000000 0.000000 0.100000
vn 0.000000 0.000000 0.100000
vn 0.000000 0.000000 0.100000
vn -0.100000 0.000000 0.000000
vn -0.100000 0.000000 0.000000
vn -0.100000 0.000000 0.000000
vn -0.100000 0.000000 0.000000
vn 0.000000 0.000000 0.100000
vn 0.000000 0.000000 0.100000
vn 0.000000 0.000000 0.100000
vn 0.000000 0.000000 0.100000
vn 0.000000 0.000000 -0.100000
vn 0.000000 0.000000 -0.100000
vn 0.000000 0.000000 -0.100000
vn 0.000000 0.000000 -0.100000
vn -0.100000 0.000000 0.000000
vn -0.100000 0.000000 0.000000
vn -0.100000 0.000000 0.000000
vn -0.100000 0.000000 0.000000
vn 0.000000 0.000000 -0.100000
vn 0.000000 0.000000 -0.100000
vn 0.000000 0.000000 -0.100000
vn 0.000000 0.000000 -0.100000
vn 0.100000 0.000000 0.000000
vn 0.100000 0.000000 0.000000
vn 0.100000 0.000000 0.000000
vn 0.100000 0.000000 0.000000
vn 0.100000 0.000000 0.000000
vn 0.100000 0.000000 0.000000
vn 0.100000 0.000000 0.000000
vn 0.100000 0.000000 0.000000
vn 0.100000 0.000000 0.000000
vn 0.100000 0.000000 0.000000
vn 0.100000 0.000000 0.000000
vn 0.100000 0.000000 0.000000
vn 0.100000 0.000000 0.000000
vn 0.100000 0.000000 0.000000
vn 0.100000 0.000000 0.000000
vn 0.100000 0.000000 0.000000
vn -0.100000 0.000000 -0.000000
vn -0.100000 0.000000 -0.000000
vn -0.100000 0.000000 -0.000000
vn -0.100000 0.000000 -0.000000
vn -0.100000 0.000000 -0.000000
vn -0.100000 0.000000 -0.000000
vn -0.100000 0.000000 -0.000000
vn -0.100000 0.000000 -0.000000
vn -0.100000 0.000000 -0.000000
vn -0.100000 0.000000 -0.000000
vn -0.100000 0.000000 -0.000000
vn -0.100000 0.000000 -0.000000
vn 0.000000 0.000000 -0.100000
vn 0.000000 0.000000 -0.100000
vn 0.000000 0.000000 -0.100000
vn 0.000000 0.000000 -0.100000
vn -0.000000 -0.100000 0.000000
vn -0.000000 -0.100000 0.000000
vn -0.000000 -0.100000 0.000000
vn -0.000000 -0.100000 0.000000
vn 0.000000 0.000000 -0.100000
vn 0.000000 0.000000 -0.100000
vn 0.000000 0.000000 -0.100000
vn 0.000000 0.000000 -0.100000
vn -0.000000 -0.100000 0.000000
vn -0.000000 -0.100000 0.000000
vn -0.000000 -0.100000 0.000000
vn -0.000000 -0.100000 0.000000
vn 0.000000 0.000000 -0.100000
vn 0.000000 0.000000 -0.100000
vn 0.000000 0.000000 -0.100000
vn 0.000000 0.000000 -0.100000
vn 0.000000 0.100000 0.000000
vn 0.000000 0.100000 0.000000
vn 0.000000 0.100000 0.000000
vn 0.000000 0.100000 0.000000
vn 0.000000 0.000000 0.100000
vn 0.000000 0.000000 0.100000
vn 0.000000 0.000000 0.100000
vn 0.000000 0.000000 0.100000
vn 0.000000 0.100000 0.000000
vn 0.000000 0.100000 0.000000
vn 0.000000 0.100000 0.000000
vn 0.000000 0.100000 0.000000
vn 0.000000 0.000000 0.100000
vn 0.000000 0.000000 0.100000
vn 0.000000 0.000000 0.100000
vn 0.000000 0.000000 0.100000
f 3201/5213/5047 3202/5214/5048 3212/5215/5049
f 3212/5215/5049 3202/5214/5048 3205/5216/5050
f 3212/5215/5049 3205/5216/5050 3211/5217/5051
f 3211/5217/5051 3205/5216/5050 3206/5218/5052
f 3211/5217/5051 3206/5218/5052 3209/5219/5053
f 3209/5219/5053 3206/5218/5052 3208/5220/5054
f 3208/5220/5054 3206/5218/5052 3207/5221/5055
f 3202/5214/5048 3203/5222/5056 3205/5216/5050
f 3205/5216/5050 3203/5222/5056 3204/5223/5057
f 3209/5219/5053 3210/5224/5058 3211/5217/5051
f 3214/5225/5059 3215/5226/5060 3213/5227/5061
f 3213/5227/5061 3215/5226/5060 3222/5228/5062
f 3213/5227/5061 3222/5228/5062 3224/5229/5063
f 3224/5229/5063 3222/5228/5062 3223/5230/5064
f 3222/5228/5062 3215/5226/5060 3221/5231/5065
f 3221/5231/5065 3215/5226/5060 3216/5232/5066
f 3221/5231/5065 3216/5232/5066 3218/5233/5067
f 3218/5233/5067 3216/5232/5066 3217/5234/5068
f 3218/5233/5067 3219/5235/5069 3221/5231/5065
f 3221/5231/5065 3219/5235/5069 3220/5236/5070
f 3224/5237/5071 3223/5238/5072 3203/5239/5073
f 3203/5239/5073 3223/5238/5072 3204/5240/5074
f 3223/5241/5075 3222/5242/5076 3204/5243/5077
f 3204/5243/5077 3222/5242/5076 3205/5244/5078
f 3222/5245/5079 3221/5246/5080 3205/5247/5081
f 3205/5247/5081 3221/5246/5080 3206/5248/5082
f 3221/5249/5083 3220/5250/5084 3206/5251/5085
f 3206/5251/5085 3220/5250/5084 3207/5252/5086
f 3220/5253/5087 3219/5254/5088 3207/5255/5089
f 3207/5255/5089 3219/5254/5088 3208/5256/5090
f 3218/5257/5091 3217/5258/5092 3209/5259/5093
f 3209/5259/5093 3217/5258/5092 3210/5260/5094
f 3217/5261/5095 3216/5262/5096 3210/5263/5097
f 3210/5263/5097 3216/5262/5096 3211/5264/5098
f 3216/5265/5099 3215/5266/5100 3211/5267/5101
f 3211/5267/5101 3215/5266/5100 3212/5268/5102
f 3215/5269/5103 3214/5270/5104 3212/5271/5105
f 3212/5271/5105 3214/5270/5104 3201/5272/5106
f 3226/5273/5107 3208/5274/5108 3225/5275/5109
f 3225/5275/5109 3208/5274/5108 3230/5276/5110
f 3225/5275/5109 3230/5276/5110 3231/5277/5111
f 3208/5274/5108 3226/5273/5107 3209/5278/5112
f 3209/5278/5112 3226/5273/5107 3227/5279/5113
f 3209/5278/5112 3227/5279/5113 3228/5280/5114
f 3209/5278/5112 3228/5280/5114 3231/5277/5111
f 3231/5277/5111 3228/5280/5114 3225/5275/5109
f 3230/5276/5110 3219/5281/5115 3229/5282/5116
f 3229/5282/5116 3219/5281/5115 3218/5283/5117
f 3229/5282/5116 3218/5283/5117 3232/5284/5118
f 3232/5284/5118 3218/5283/5117 3231/5277/5111
f 3231/5277/5111 3218/5283/5117 3209/5278/5112
f 3208/5274/5108 3219/5281/5115 3230/5276/5110
f 3203/5285/5119 3234/5286/5120 3224/5287/5121
f 3224/5287/5121 3234/5286/5120 3235/5288/5122
f 3224/5287/5121 3235/5288/5122 3213/5289/5123
f 3213/5289/5123 3235/5288/5122 3236/5290/5124
f 3213/5289/5123 3236/5290/5124 3233/5291/5125
f 3202/5292/5126 3238/5293/5127 3203/5285/5119
f 3203/5285/5119 3238/5293/5127 3239/5294/5128
f 3203/5285/5119 3239/5294/5128 3234/5286/5120
f 3234/5286/5120 3239/5294/5128 3233/5291/5125
f 3233/5291/5125 3239/5294/5128 3240/5295/5129
f 3233/5291/5125 3240/5295/5129 3202/5292/5126
f 3202/5292/5126 3240/5295/5129 3237/5296/5130
f 3202/5292/5126 3237/5296/5130 3238/5293/5127
f 3202/5292/5126 3213/5289/5123 3233/5291/5125
f 3213/5297/5131 3202/5298/5132 3214/5299/5133
f 3214/5299/5133 3202/5298/5132 3201/5300/5134
f 3231/5301/5135 3230/5302/5136 3233/5303/5137
f 3233/5303/5137 3230/5302/5136 3234/5304/5138
f 3230/5305/5139 3229/5306/5140 3234/5307/5141
f 3234/5307/5141 3229/5306/5140 3235/5308/5142
f 3227/5309/5143 3226/5310/5144 3237/5311/5145
f 3237/5311/5145 3226/5310/5144 3238/5312/5146
f 3226/5313/5147 3225/5314/5148 3238/5315/5149
f 3238/5315/5149 3225/5314/5148 3239/5316/5150
f 3229/5317/5151 3232/5318/5152 3235/5319/5153
f 3235/5319/5153 3232/5318/5152 3236/5320/5154
f 3232/5321/5155 3231/5322/5156 3236/5323/5157
f 3236/5323/5157 3231/5322/5156 3233/5324/5158
f 3225/5325/5159 3228/5326/5160 3239/5327/5161
f 3239/5327/5161 3228/5326/5160 3240/5328/5162
f 3228/5329/5163 3227/5330/5164 3240/5331/5165
f 3240/5331/5165 3227/5330/5164 3237/5332/5166
g Body9

v 113.896394 5324.475000 -1689.649910
v -96.034606 5324.475000 -1689.649910
v -96.034606 5324.475000 -197.655434
v 113.896394 5324.475000 -197.655434
v 113.896394 5324.475000 -238.800386
v 127.612394 5324.475000 -238.800386
v 127.612394 5324.475000 -209.463386
v 148.945346 5324.475000 -209.463386
v 148.945346 5324.475000 -1677.838910
v 127.612394 5324.475000 -1677.838910
v 127.612394 5324.475000 -1648.882910
v 113.896394 5324.475000 -1648.882910
v -96.034606 -0.000000 -1689.649910
v 113.896394 -0.000000 -1689.649910
v 113.896394 -0.000000 -1648.882910
v 127.612394 -0.000000 -1648.882910
v 127.612394 -0.000000 -1677.838910
v 148.945346 -0.000000 -1677.838910
v 148.945346 -0.000000 -209.463386
v 127.612394 -0.000000 -209.463386
v 127.612394 -0.000000 -238.800386
v 113.896394 -0.000000 -238.800386
v 113.896394 -0.000000 -197.655434
v -96.034606 -0.000000 -197.655434
v 148.945346 3441.382500 -238.992410
v 148.945346 5153.025000 -238.992410
v 148.945346 5153.025000 -1648.692410
v 148.945346 3441.382500 -1648.692410
v 148.945346 59.055000 -238.992410
v 148.945346 3214.687599 -238.992410
v 148.945346 3214.687500 -1648.692410
v 148.945346 59.055000 -1648.692410
v -96.034606 3214.687500 -1648.692410
v -96.034606 3214.687599 -238.992410
v -96.034606 59.055000 -238.992410
v -96.034606 59.055000 -1648.692410
v -96.034606 5153.025000 -1648.692410
v -96.034606 5153.025000 -238.992410
v -96.034606 3441.382500 -238.992410
v -96.034606 3441.382500 -1648.692410
vt 0.000000 20.993100 0.000000
vt 0.000000 0.000000 0.000000
vt 4.076700 20.993100 0.000000
vt 145.084952 20.993100 0.000000
vt 4.076700 22.364700 0.000000
vt 145.084952 22.364700 0.000000
vt 1.181100 24.497995 0.000000
vt 148.018652 24.497995 0.000000
vt 148.018652 22.364700 0.000000
vt 149.199448 -0.000000 0.000000
vt 149.199448 20.993100 0.000000
vt 1.181100 22.364700 0.000000
vt 151.542750 20.993100 0.000000
vt 147.466050 20.993100 0.000000
vt 151.542750 0.000000 0.000000
vt 6.457798 20.993100 0.000000
vt 2.343302 0.000000 0.000000
vt 2.343302 20.993100 0.000000
vt 6.457798 22.364700 0.000000
vt 147.466050 22.364700 0.000000
vt 150.361650 24.497995 0.000000
vt 150.361650 22.364700 0.000000
vt 3.524098 24.497995 0.000000
vt 3.524098 22.364700 0.000000
vt 0.000000 12.700000 0.000000
vt 4.114495 12.700000 0.000000
vt 0.000000 545.147500 0.000000
vt 4.114495 545.147500 0.000000
vt 0.000000 12.700000 0.000000
vt 1.371600 12.700000 0.000000
vt 0.000000 545.147500 0.000000
vt 1.371600 545.147500 0.000000
vt 0.000000 12.700000 0.000000
vt 2.933700 12.700000 0.000000
vt 0.000000 545.147500 0.000000
vt 2.933700 545.147500 0.000000
vt 0.000000 12.700000 0.000000
vt 2.133295 12.700000 0.000000
vt 0.000000 545.147500 0.000000
vt 2.133295 545.147500 0.000000
vt 0.000000 12.700000 0.000000
vt 2.133295 12.700000 0.000000
vt 0.000000 545.147500 0.000000
vt 2.133295 545.147500 0.000000
vt 0.000000 12.700000 0.000000
vt 2.895600 12.700000 0.000000
vt 0.000000 545.147500 0.000000
vt 2.895600 545.147500 0.000000
vt 0.000000 12.700000 0.000000
vt 1.371600 12.700000 0.000000
vt 0.000000 545.147500 0.000000
vt 1.371600 545.147500 0.000000
vt 0.000000 12.700000 0.000000
vt 4.076700 12.700000 0.000000
vt 0.000000 545.147500 0.000000
vt 4.076700 545.147500 0.000000
vt 2.952902 528.002500 0.000000
vt 0.000000 545.147500 0.000000
vt 2.952902 356.838250 0.000000
vt 2.952902 334.168760 0.000000
vt 143.922902 334.168750 0.000000
vt 146.837552 545.147500 0.000000
vt 143.922902 528.002500 0.000000
vt 143.922902 356.838250 0.000000
vt 0.000000 12.700000 0.000000
vt 2.952902 18.605500 0.000000
vt 146.837552 12.700000 0.000000
vt 143.922902 18.605500 0.000000
vt -17.983505 12.700000 0.000000
vt 3.009595 12.700000 0.000000
vt -17.983505 545.147500 0.000000
vt 3.009595 545.147500 0.000000
vt 266.223750 -73.428073 0.000000
vt 55.245010 -69.294375 0.000000
vt -266.223750 -73.428073 0.000000
vt -260.318250 -69.294375 0.000000
vt -266.223750 75.771375 0.000000
vt -260.318250 71.675625 0.000000
vt 55.245000 71.675625 0.000000
vt 266.223750 75.771375 0.000000
vt 249.078750 -69.294375 0.000000
vt 77.914500 -69.294375 0.000000
vt 77.914500 71.675625 0.000000
vt 249.078750 71.675625 0.000000
vt 0.000000 0.000000 0.000000
vt 532.447500 0.000000 0.000000
vt -0.000000 20.993100 0.000000
vt 532.447500 20.993100 0.000000
vt 140.970000 24.497995 0.000000
vt -0.000000 24.497995 0.000000
vt 140.970000 0.000000 0.000000
vt -0.000000 0.000000 0.000000
vt 315.563260 24.497995 0.000000
vt 0.000000 24.497995 0.000000
vt 315.563260 -0.000000 0.000000
vt 0.000000 0.000000 0.000000
vt 140.970000 24.497995 0.000000
vt 0.000000 24.497995 0.000000
vt 140.970000 0.000000 0.000000
vt 0.000000 0.000000 0.000000
vt 171.164250 24.497995 0.000000
vt 0.000000 24.497995 0.000000
vt 171.164250 0.000000 0.000000
vt 0.000000 0.000000 0.000000
vt 140.970000 24.497995 0.000000
vt 0.000000 24.497995 0.000000
vt 140.970000 0.000000 0.000000
vt 0.000000 0.000000 0.000000
vt 315.563250 24.497995 0.000000
vt -0.000000 24.497995 0.000000
vt 315.563250 0.000000 0.000000
vt 0.000000 0.000000 0.000000
vt 140.970000 24.497995 0.000000
vt 0.000000 24.497995 0.000000
vt 140.970000 0.000000 0.000000
vt 0.000000 0.000000 0.000000
vt 171.164250 24.497995 0.000000
vt -0.000000 24.497995 0.000000
vt 171.164250 -0.000000 0.000000
vt 0.000000 0.000000 0.000000
vn 0.000000 0.100000 0.000000
vn 0.000000 0.100000 0.000000
vn 0.000000 0.100000 0.000000
vn 0.000000 0.100000 0.000000
vn 0.000000 0.100000 0.000000
vn 0.000000 0.100000 0.000000
vn 0.000000 0.100000 0.000000
vn 0.000000 0.100000 0.000000
vn 0.000000 0.100000 0.000000
vn 0.000000 0.100000 0.000000
vn 0.000000 0.100000 0.000000
vn 0.000000 0.100000 0.000000
vn -0.000000 -0.100000 0.000000
vn -0.000000 -0.100000 0.000000
vn -0.000000 -0.100000 0.000000
vn -0.000000 -0.100000 0.000000
vn -0.000000 -0.100000 0.000000
vn -0.000000 -0.100000 0.000000
vn -0.000000 -0.100000 0.000000
vn -0.000000 -0.100000 0.000000
vn -0.000000 -0.100000 0.000000
vn -0.000000 -0.100000 0.000000
vn -0.000000 -0.100000 0.000000
vn -0.000000 -0.100000 0.000000
vn 0.100000 -0.000000 0.000000
vn 0.100000 -0.000000 0.000000
vn 0.100000 -0.000000 0.000000
vn 0.100000 -0.000000 0.000000
vn 0.000000 0.000000 0.100000
vn 0.000000 0.000000 0.100000
vn 0.000000 0.000000 0.100000
vn 0.000000 0.000000 0.100000
vn -0.100000 0.000000 0.000000
vn -0.100000 0.000000 0.000000
vn -0.100000 0.000000 0.000000
vn -0.100000 0.000000 0.000000
vn 0.000000 0.000000 0.100000
vn 0.000000 0.000000 0.100000
vn 0.000000 0.000000 0.100000
vn 0.000000 0.000000 0.100000
vn 0.000000 0.000000 -0.100000
vn 0.000000 0.000000 -0.100000
vn 0.000000 0.000000 -0.100000
vn 0.000000 0.000000 -0.100000
vn -0.100000 0.000000 0.000000
vn -0.100000 0.000000 0.000000
vn -0.100000 0.000000 0.000000
vn -0.100000 0.000000 0.000000
vn 0.000000 0.000000 -0.100000
vn 0.000000 0.000000 -0.100000
vn 0.000000 0.000000 -0.100000
vn 0.000000 0.000000 -0.100000
vn 0.100000 -0.000000 0.000000
vn 0.100000 -0.000000 0.000000
vn 0.100000 -0.000000 0.000000
vn 0.100000 -0.000000 0.000000
vn 0.100000 -0.000000 0.000000
vn 0.100000 -0.000000 0.000000
vn 0.100000 -0.000000 0.000000
vn 0.100000 -0.000000 0.000000
vn 0.100000 -0.000000 0.000000
vn 0.100000 -0.000000 0.000000
vn 0.100000 -0.000000 0.000000
vn 0.100000 -0.000000 0.000000
vn 0.100000 -0.000000 0.000000
vn 0.100000 -0.000000 0.000000
vn 0.100000 -0.000000 0.000000
vn 0.100000 -0.000000 0.000000
vn 0.000000 0.000000 0.100000
vn 0.000000 0.000000 0.100000
vn 0.000000 0.000000 0.100000
vn 0.000000 0.000000 0.100000
vn -0.100000 0.000000 -0.000000
vn -0.100000 0.000000 -0.000000
vn -0.100000 0.000000 -0.000000
vn -0.100000 0.000000 -0.000000
vn -0.100000 0.000000 -0.000000
vn -0.100000 0.000000 -0.000000
vn -0.100000 0.000000 -0.000000
vn -0.100000 0.000000 -0.000000
vn -0.100000 0.000000 -0.000000
vn -0.100000 0.000000 -0.000000
vn -0.100000 0.000000 -0.000000
vn -0.100000 0.000000 -0.000000
vn 0.000000 0.000000 -0.100000
vn 0.000000 0.000000 -0.100000
vn 0.000000 0.000000 -0.100000
vn 0.000000 0.000000 -0.100000
vn -0.000000 -0.100000 0.000000
vn -0.000000 -0.100000 0.000000
vn -0.000000 -0.100000 0.000000
vn -0.000000 -0.100000 0.000000
vn 0.000000 0.000000 -0.100000
vn 0.000000 0.000000 -0.100000
vn 0.000000 0.000000 -0.100000
vn 0.000000 0.000000 -0.100000
vn -0.000000 -0.100000 0.000000
vn -0.000000 -0.100000 0.000000
vn -0.000000 -0.100000 0.000000
vn -0.000000 -0.100000 0.000000
vn 0.000000 0.000000 -0.100000
vn 0.000000 0.000000 -0.100000
vn 0.000000 0.000000 -0.100000
vn 0.000000 0.000000 -0.100000
vn 0.000000 0.100000 0.000000
vn 0.000000 0.100000 0.000000
vn 0.000000 0.100000 0.000000
vn 0.000000 0.100000 0.000000
vn 0.000000 0.000000 0.100000
vn 0.000000 0.000000 0.100000
vn 0.000000 0.000000 0.100000
vn 0.000000 0.000000 0.100000
vn 0.000000 0.100000 0.000000
vn 0.000000 0.100000 0.000000
vn 0.000000 0.100000 0.000000
vn 0.000000 0.100000 0.000000
vn 0.000000 0.000000 0.100000
vn 0.000000 0.000000 0.100000
vn 0.000000 0.000000 0.100000
vn 0.000000 0.000000 0.100000
f 3241/5333/5167 3242/5334/5168 3252/5335/5169
f 3252/5335/5169 3242/5334/5168 3245/5336/5170
f 3252/5335/5169 3245/5336/5170 3251/5337/5171
f 3251/5337/5171 3245/5336/5170 3246/5338/5172
f 3251/5337/5171 3246/5338/5172 3249/5339/5173
f 3249/5339/5173 3246/5338/5172 3248/5340/5174
f 3248/5340/5174 3246/5338/5172 3247/5341/5175
f 3242/5334/5168 3243/5342/5176 3245/5336/5170
f 3245/5336/5170 3243/5342/5176 3244/5343/5177
f 3249/5339/5173 3250/5344/5178 3251/5337/5171
f 3254/5345/5179 3255/5346/5180 3253/5347/5181
f 3253/5347/5181 3255/5346/5180 3262/5348/5182
f 3253/5347/5181 3262/5348/5182 3264/5349/5183
f 3264/5349/5183 3262/5348/5182 3263/5350/5184
f 3262/5348/5182 3255/5346/5180 3261/5351/5185
f 3261/5351/5185 3255/5346/5180 3256/5352/5186
f 3261/5351/5185 3256/5352/5186 3258/5353/5187
f 3258/5353/5187 3256/5352/5186 3257/5354/5188
f 3258/5353/5187 3259/5355/5189 3261/5351/5185
f 3261/5351/5185 3259/5355/5189 3260/5356/5190
f 3263/5357/5191 3262/5358/5192 3244/5359/5193
f 3244/5359/5193 3262/5358/5192 3245/5360/5194
f 3262/5361/5195 3261/5362/5196 3245/5363/5197
f 3245/5363/5197 3261/5362/5196 3246/5364/5198
f 3261/5365/5199 3260/5366/5200 3246/5367/5201
f 3246/5367/5201 3260/5366/5200 3247/5368/5202
f 3260/5369/5203 3259/5370/5204 3247/5371/5205
f 3247/5371/5205 3259/5370/5204 3248/5372/5206
f 3258/5373/5207 3257/5374/5208 3249/5375/5209
f 3249/5375/5209 3257/5374/5208 3250/5376/5210
f 3257/5377/5211 3256/5378/5212 3250/5379/5213
f 3250/5379/5213 3256/5378/5212 3251/5380/5214
f 3256/5381/5215 3255/5382/5216 3251/5383/5217
f 3251/5383/5217 3255/5382/5216 3252/5384/5218
f 3255/5385/5219 3254/5386/5220 3252/5387/5221
f 3252/5387/5221 3254/5386/5220 3241/5388/5222
f 3266/5389/5223 3248/5390/5224 3265/5391/5225
f 3265/5391/5225 3248/5390/5224 3270/5392/5226
f 3265/5391/5225 3270/5392/5226 3271/5393/5227
f 3248/5390/5224 3266/5389/5223 3249/5394/5228
f 3249/5394/5228 3266/5389/5223 3267/5395/5229
f 3249/5394/5228 3267/5395/5229 3268/5396/5230
f 3249/5394/5228 3268/5396/5230 3271/5393/5227
f 3271/5393/5227 3268/5396/5230 3265/5391/5225
f 3270/5392/5226 3259/5397/5231 3269/5398/5232
f 3269/5398/5232 3259/5397/5231 3258/5399/5233
f 3269/5398/5232 3258/5399/5233 3272/5400/5234
f 3272/5400/5234 3258/5399/5233 3271/5393/5227
f 3271/5393/5227 3258/5399/5233 3249/5394/5228
f 3248/5390/5224 3259/5397/5231 3270/5392/5226
f 3264/5401/5235 3263/5402/5236 3243/5403/5237
f 3243/5403/5237 3263/5402/5236 3244/5404/5238
f 3243/5405/5239 3274/5406/5240 3264/5407/5241
f 3264/5407/5241 3274/5406/5240 3275/5408/5242
f 3264/5407/5241 3275/5408/5242 3253/5409/5243
f 3253/5409/5243 3275/5408/5242 3276/5410/5244
f 3253/5409/5243 3276/5410/5244 3273/5411/5245
f 3242/5412/5246 3278/5413/5247 3243/5405/5239
f 3243/5405/5239 3278/5413/5247 3279/5414/5248
f 3243/5405/5239 3279/5414/5248 3274/5406/5240
f 3274/5406/5240 3279/5414/5248 3273/5411/5245
f 3273/5411/5245 3279/5414/5248 3280/5415/5249
f 3273/5411/5245 3280/5415/5249 3242/5412/5246
f 3242/5412/5246 3280/5415/5249 3277/5416/5250
f 3242/5412/5246 3277/5416/5250 3278/5413/5247
f 3242/5412/5246 3253/5409/5243 3273/5411/5245
f 3253/5417/5251 3242/5418/5252 3254/5419/5253
f 3254/5419/5253 3242/5418/5252 3241/5420/5254
f 3271/5421/5255 3270/5422/5256 3273/5423/5257
f 3273/5423/5257 3270/5422/5256 3274/5424/5258
f 3270/5425/5259 3269/5426/5260 3274/5427/5261
f 3274/5427/5261 3269/5426/5260 3275/5428/5262
f 3267/5429/5263 3266/5430/5264 3277/5431/5265
f 3277/5431/5265 3266/5430/5264 3278/5432/5266
f 3266/5433/5267 3265/5434/5268 3278/5435/5269
f 3278/5435/5269 3265/5434/5268 3279/5436/5270
f 3269/5437/5271 3272/5438/5272 3275/5439/5273
f 3275/5439/5273 3272/5438/5272 3276/5440/5274
f 3272/5441/5275 3271/5442/5276 3276/5443/5277
f 3276/5443/5277 3271/5442/5276 3273/5444/5278
f 3265/5445/5279 3268/5446/5280 3279/5447/5281
f 3279/5447/5281 3268/5446/5280 3280/5448/5282
f 3268/5449/5283 3267/5450/5284 3280/5451/5285
f 3280/5451/5285 3267/5450/5284 3277/5452/5286
g Body10

v 610.937296 512.651043 -108.865044
v 609.499233 512.840368 -108.865044
v 608.159171 513.395440 -108.865044
v 607.008434 514.278431 -108.865044
v 606.125443 515.429168 -108.865044
v 605.570371 516.769230 -108.865044
v 605.381046 518.207293 -108.865044
v 605.570371 519.645357 -108.865044
v 606.125443 520.985418 -108.865044
v 607.008434 522.136155 -108.865044
v 608.159171 523.019147 -108.865044
v 609.499233 523.574219 -108.865044
v 610.937296 523.763543 -108.865044
v 612.375360 523.574219 -108.865044
v 613.715421 523.019147 -108.865044
v 614.866158 522.136155 -108.865044
v 615.749150 520.985418 -108.865044
v 616.304222 519.645357 -108.865044
v 616.493546 518.207293 -108.865044
v 616.304222 516.769230 -108.865044
v 615.749150 515.429168 -108.865044
v 614.866158 514.278431 -108.865044
v 613.715421 513.395440 -108.865044
v 612.375360 512.840368 -108.865044
v 610.937296 512.651043 -102.515044
v 612.375360 512.840368 -102.515044
v 613.715421 513.395440 -102.515044
v 614.866158 514.278431 -102.515044
v 615.749150 515.429168 -102.515044
v 616.304222 516.769230 -102.515044
v 616.493546 518.207293 -102.515044
v 616.304222 519.645357 -102.515044
v 615.749150 520.985418 -102.515044
v 614.866158 522.136155 -102.515044
v 613.715421 523.019147 -102.515044
v 612.375360 523.574219 -102.515044
v 610.937296 523.763543 -102.515044
v 609.499233 523.574219 -102.515044
v 608.159171 523.019147 -102.515044
v 607.008434 522.136155 -102.515044
v 606.125443 520.985418 -102.515044
v 605.570371 519.645357 -102.515044
v 605.381046 518.207293 -102.515044
v 605.570371 516.769230 -102.515044
v 606.125443 515.429168 -102.515044
v 607.008434 514.278431 -102.515044
v 608.159171 513.395440 -102.515044
v 609.499233 512.840368 -102.515044
v 610.937296 461.851043 -108.865044
v 609.499233 462.040368 -108.865044
v 608.159171 462.595440 -108.865044
v 607.008434 463.478431 -108.865044
v 606.125443 464.629168 -108.865044
v 605.570371 465.969230 -108.865044
v 605.381046 467.407293 -108.865044
v 605.570371 468.845357 -108.865044
v 606.125443 470.185418 -108.865044
v 607.008434 471.336155 -108.865044
v 608.159171 472.219147 -108.865044
v 609.499233 472.774219 -108.865044
v 610.937296 472.963543 -108.865044
v 612.375360 472.774219 -108.865044
v 613.715421 472.219147 -108.865044
v 614.866158 471.336155 -108.865044
v 615.749150 470.185418 -108.865044
v 616.304222 468.845357 -108.865044
v 616.493546 467.407293 -108.865044
v 616.304222 465.969230 -108.865044
v 615.749150 464.629168 -108.865044
v 614.866158 463.478431 -108.865044
v 613.715421 462.595440 -108.865044
v 612.375360 462.040368 -108.865044
v 610.937296 461.851043 -102.515044
v 612.375360 462.040368 -102.515044
v 613.715421 462.595440 -102.515044
v 614.866158 463.478431 -102.515044
v 615.749150 464.629168 -102.515044
v 616.304222 465.969230 -102.515044
v 616.493546 467.407293 -102.515044
v 616.304222 468.845357 -102.515044
v 615.749150 470.185418 -102.515044
v 614.866158 471.336155 -102.515044
v 613.715421 472.219147 -102.515044
v 612.375360 472.774219 -102.515044
v 610.937296 472.963543 -102.515044
v 609.499233 472.774219 -102.515044
v 608.159171 472.219147 -102.515044
v 607.008434 471.336155 -102.515044
v 606.125443 470.185418 -102.515044
v 605.570371 468.845357 -102.515044
v 605.381046 467.407293 -102.515044
v 605.570371 465.969230 -102.515044
v 606.125443 464.629168 -102.515044
v 607.008434 463.478431 -102.515044
v 608.159171 462.595440 -102.515044
v 609.499233 462.040368 -102.515044
v 572.837296 442.007293 -45.365044
v 572.837296 442.007293 -108.865044
v 649.037296 442.007293 -108.865044
v 649.037296 442.007293 -45.365044
v 572.837296 448.357293 -45.365044
v 649.037296 448.357293 -45.365044
v 572.837296 448.357293 -102.515044
v 649.037296 448.357293 -102.515044
v 572.837296 537.257293 -102.515044
v 649.037296 537.257293 -102.515044
v 572.837296 537.257293 -45.365044
v 649.037296 537.257293 -45.365044
v 572.837296 543.607293 -45.365044
v 649.037296 543.607293 -45.365044
v 572.837296 543.607293 -108.865044
v 649.037296 543.607293 -108.865044
vt 0.635000 -1.600085 0.000000
vt -0.000000 -1.600085 0.000000
vt 0.635000 -1.745547 0.000000
vt -0.000000 -1.745547 0.000000
vt 0.635000 1.745547 0.000000
vt -0.000000 1.745547 0.000000
vt 0.635000 1.600085 0.000000
vt 0.000000 1.600085 0.000000
vt 0.635000 1.454623 0.000000
vt 0.000000 1.454623 0.000000
vt 0.635000 1.309161 0.000000
vt 0.000000 1.309161 0.000000
vt 0.635000 1.163698 0.000000
vt 0.000000 1.163698 0.000000
vt 0.635000 1.018236 0.000000
vt 0.000000 1.018236 0.000000
vt 0.635000 0.872774 0.000000
vt 0.000000 0.872774 0.000000
vt 0.635000 0.727311 0.000000
vt 0.000000 0.727311 0.000000
vt 0.635000 0.581849 0.000000
vt 0.000000 0.581849 0.000000
vt 0.635000 0.436387 0.000000
vt 0.000000 0.436387 0.000000
vt 0.635000 0.290925 0.000000
vt 0.000000 0.290925 0.000000
vt 0.635000 0.145462 0.000000
vt 0.000000 0.145462 0.000000
vt 0.635000 0.000000 0.000000
vt 0.000000 0.000000 0.000000
vt 0.635000 -0.145462 0.000000
vt -0.000000 -0.145462 0.000000
vt 0.635000 -0.290925 0.000000
vt -0.000000 -0.290925 0.000000
vt 0.635000 -0.436387 0.000000
vt -0.000000 -0.436387 0.000000
vt 0.635000 -0.581849 0.000000
vt -0.000000 -0.581849 0.000000
vt 0.635000 -0.727311 0.000000
vt -0.000000 -0.727311 0.000000
vt 0.635000 -0.872774 0.000000
vt -0.000000 -0.872774 0.000000
vt 0.635000 -1.018236 0.000000
vt -0.000000 -1.018236 0.000000
vt 0.635000 -1.163698 0.000000
vt -0.000000 -1.163698 0.000000
vt 0.635000 -1.309161 0.000000
vt -0.000000 -1.309161 0.000000
vt 0.635000 -1.454623 0.000000
vt -0.000000 -1.454623 0.000000
vt 0.635000 -1.600085 0.000000
vt -0.000000 -1.600085 0.000000
vt 0.635000 -1.745547 0.000000
vt -0.000000 -1.745547 0.000000
vt 0.635000 1.745547 0.000000
vt -0.000000 1.745547 0.000000
vt 0.635000 1.600085 0.000000
vt 0.000000 1.600085 0.000000
vt 0.635000 1.454623 0.000000
vt 0.000000 1.454623 0.000000
vt 0.635000 1.309161 0.000000
vt 0.000000 1.309161 0.000000
vt 0.635000 1.163698 0.000000
vt 0.000000 1.163698 0.000000
vt 0.635000 1.018236 0.000000
vt 0.000000 1.018236 0.000000
vt 0.635000 0.872774 0.000000
vt 0.000000 0.872774 0.000000
vt 0.635000 0.727311 0.000000
vt 0.000000 0.727311 0.000000
vt 0.635000 0.581849 0.000000
vt 0.000000 0.581849 0.000000
vt 0.635000 0.436387 0.000000
vt 0.000000 0.436387 0.000000
vt 0.635000 0.290925 0.000000
vt 0.000000 0.290925 0.000000
vt 0.635000 0.145462 0.000000
vt 0.000000 0.145462 0.000000
vt 0.635000 0.000000 0.000000
vt 0.000000 0.000000 0.000000
vt 0.635000 -0.145462 0.000000
vt -0.000000 -0.145462 0.000000
vt 0.635000 -0.290925 0.000000
vt -0.000000 -0.290925 0.000000
vt 0.635000 -0.436387 0.000000
vt -0.000000 -0.436387 0.000000
vt 0.635000 -0.581849 0.000000
vt -0.000000 -0.581849 0.000000
vt 0.635000 -0.727311 0.000000
vt -0.000000 -0.727311 0.000000
vt 0.635000 -0.872774 0.000000
vt -0.000000 -0.872774 0.000000
vt 0.635000 -1.018236 0.000000
vt -0.000000 -1.018236 0.000000
vt 0.635000 -1.163698 0.000000
vt -0.000000 -1.163698 0.000000
vt 0.635000 -1.309161 0.000000
vt -0.000000 -1.309161 0.000000
vt 0.635000 -1.454623 0.000000
vt -0.000000 -1.454623 0.000000
vt 0.000000 0.000000 0.000000
vt 6.350000 -0.000000 0.000000
vt 0.000000 7.620000 0.000000
vt 6.350000 7.620000 0.000000
vt 0.000000 0.000000 0.000000
vt 0.635000 -0.000000 0.000000
vt 0.000000 7.620000 0.000000
vt 0.635000 7.620000 0.000000
vt 0.000000 0.000000 0.000000
vt 5.715000 0.000000 0.000000
vt 0.000000 7.620000 0.000000
vt 5.715000 7.620000 0.000000
vt 8.890000 -0.000000 0.000000
vt 2.182812 3.328815 0.000000
vt 0.000000 0.000000 0.000000
vt 2.048806 3.273307 0.000000
vt 1.905000 3.254375 0.000000
vt 8.890000 7.620000 0.000000
vt 7.540625 3.810000 0.000000
vt 7.521693 3.666194 0.000000
vt 7.466185 3.532187 0.000000
vt -0.000000 7.620000 0.000000
vt 6.707187 4.291185 0.000000
vt 6.841194 4.346693 0.000000
vt 6.985000 4.365625 0.000000
vt 1.349375 3.810000 0.000000
vt 1.368307 3.953806 0.000000
vt 1.423815 4.087812 0.000000
vt 2.441693 3.666194 0.000000
vt 6.448307 3.666194 0.000000
vt 2.460625 3.810000 0.000000
vt 6.429375 3.810000 0.000000
vt 2.441693 3.953806 0.000000
vt 6.448307 3.953806 0.000000
vt 2.386185 4.087812 0.000000
vt 6.503815 4.087812 0.000000
vt 2.297886 4.202886 0.000000
vt 6.592114 4.202886 0.000000
vt 2.182812 4.291185 0.000000
vt 6.503815 3.532187 0.000000
vt 2.386185 3.532187 0.000000
vt 6.592114 3.417114 0.000000
vt 2.297886 3.417114 0.000000
vt 6.707187 3.328815 0.000000
vt 1.761194 3.273307 0.000000
vt 1.627187 3.328815 0.000000
vt 1.512114 3.417114 0.000000
vt 1.423815 3.532187 0.000000
vt 1.368307 3.666194 0.000000
vt 1.512114 4.202886 0.000000
vt 1.627187 4.291185 0.000000
vt 1.761194 4.346693 0.000000
vt 1.905000 4.365625 0.000000
vt 2.048806 4.346693 0.000000
vt 7.377886 3.417114 0.000000
vt 7.262812 3.328815 0.000000
vt 7.128806 3.273307 0.000000
vt 6.985000 3.254375 0.000000
vt 6.841194 3.273307 0.000000
vt 7.128806 4.346693 0.000000
vt 7.262812 4.291185 0.000000
vt 7.377886 4.202886 0.000000
vt 7.466185 4.087812 0.000000
vt 7.521693 3.953806 0.000000
vt 0.000000 0.000000 0.000000
vt 5.715000 -0.000000 0.000000
vt 0.000000 7.620000 0.000000
vt 5.715000 7.620000 0.000000
vt 0.000000 0.000000 0.000000
vt 0.635000 0.000000 0.000000
vt -0.000000 7.620000 0.000000
vt 0.635000 7.620000 0.000000
vt 0.000000 0.000000 0.000000
vt 6.350000 -0.000000 0.000000
vt 0.000000 7.620000 0.000000
vt 6.350000 7.620000 0.000000
vt 10.160000 0.000000 0.000000
vt 2.683806 3.273307 0.000000
vt 0.000000 0.000000 0.000000
vt 2.540000 3.254375 0.000000
vt 2.396194 3.273307 0.000000
vt 10.160000 7.620000 0.000000
vt 8.175625 3.810000 0.000000
vt 8.156693 3.666194 0.000000
vt 8.101185 3.532187 0.000000
vt 0.000000 7.620000 0.000000
vt 7.476194 4.346693 0.000000
vt 7.620000 4.365625 0.000000
vt 7.763806 4.346693 0.000000
vt 1.984375 3.810000 0.000000
vt 2.003307 3.953806 0.000000
vt 2.058815 4.087812 0.000000
vt 7.083307 3.953806 0.000000
vt 3.076693 3.953806 0.000000
vt 7.064375 3.810000 0.000000
vt 3.095625 3.810000 0.000000
vt 7.083307 3.666194 0.000000
vt 3.076693 3.666194 0.000000
vt 7.138815 3.532187 0.000000
vt 3.021185 3.532187 0.000000
vt 7.227114 3.417114 0.000000
vt 2.932886 3.417114 0.000000
vt 7.342187 3.328815 0.000000
vt 2.817812 3.328815 0.000000
vt 7.476194 3.273307 0.000000
vt 3.021185 4.087812 0.000000
vt 7.138815 4.087812 0.000000
vt 2.932886 4.202886 0.000000
vt 7.227114 4.202886 0.000000
vt 2.817812 4.291185 0.000000
vt 7.342187 4.291185 0.000000
vt 2.683806 4.346693 0.000000
vt 7.897812 4.291185 0.000000
vt 8.012886 4.202886 0.000000
vt 8.101185 4.087812 0.000000
vt 8.156693 3.953806 0.000000
vt 8.012886 3.417114 0.000000
vt 7.897812 3.328815 0.000000
vt 7.763806 3.273307 0.000000
vt 7.620000 3.254375 0.000000
vt 2.147114 4.202886 0.000000
vt 2.262187 4.291185 0.000000
vt 2.396194 4.346693 0.000000
vt 2.540000 4.365625 0.000000
vt 2.262187 3.328815 0.000000
vt 2.147114 3.417114 0.000000
vt 2.058815 3.532187 0.000000
vt 2.003307 3.666194 0.000000
vt 5.080000 -4.236357 0.000000
vt 5.080000 2.113643 0.000000
vt 4.445000 1.478643 0.000000
vt -5.080000 2.113643 0.000000
vt -4.445000 1.478643 0.000000
vt -5.080000 -4.236357 0.000000
vt -4.445000 -4.236357 0.000000
vt 4.445000 -4.236357 0.000000
vt 5.080000 -4.236357 0.000000
vt 5.080000 2.113643 0.000000
vt 4.445000 1.478643 0.000000
vt -5.080000 2.113643 0.000000
vt -4.445000 1.478643 0.000000
vt -5.080000 -4.236357 0.000000
vt -4.445000 -4.236357 0.000000
vt 4.445000 -4.236357 0.000000
vn 0.025882 0.096593 0.000000
vn 0.025882 0.096593 0.000000
vn -0.000000 0.100000 0.000000
vn -0.000000 0.100000 0.000000
vn -0.025882 0.096593 -0.000000
vn -0.025882 0.096593 -0.000000
vn -0.050000 0.086603 -0.000000
vn -0.050000 0.086603 -0.000000
vn -0.070711 0.070711 -0.000000
vn -0.070711 0.070711 -0.000000
vn -0.086603 0.050000 -0.000000
vn -0.086603 0.050000 -0.000000
vn -0.096593 0.025882 -0.000000
vn -0.096593 0.025882 -0.000000
vn -0.100000 0.000000 -0.000000
vn -0.100000 -0.000000 -0.000000
vn -0.096593 -0.025882 -0.000000
vn -0.096593 -0.025882 -0.000000
vn -0.086603 -0.050000 -0.000000
vn -0.086603 -0.050000 -0.000000
vn -0.070711 -0.070711 -0.000000
vn -0.070711 -0.070711 -0.000000
vn -0.050000 -0.086603 -0.000000
vn -0.050000 -0.086603 -0.000000
vn -0.025882 -0.096593 -0.000000
vn -0.025882 -0.096593 -0.000000
vn 0.000000 -0.100000 -0.000000
vn 0.000000 -0.100000 -0.000000
vn 0.025882 -0.096593 0.000000
vn 0.025882 -0.096593 0.000000
vn 0.050000 -0.086603 0.000000
vn 0.050000 -0.086603 0.000000
vn 0.070711 -0.070711 0.000000
vn 0.070711 -0.070711 0.000000
vn 0.086603 -0.050000 0.000000
vn 0.086603 -0.050000 0.000000
vn 0.096593 -0.025882 0.000000
vn 0.096593 -0.025882 0.000000
vn 0.100000 0.000000 0.000000
vn 0.100000 -0.000000 0.000000
vn 0.096593 0.025882 0.000000
vn 0.096593 0.025882 0.000000
vn 0.086603 0.050000 0.000000
vn 0.086603 0.050000 0.000000
vn 0.070711 0.070711 0.000000
vn 0.070711 0.070711 0.000000
vn 0.050000 0.086603 0.000000
vn 0.050000 0.086603 0.000000
vn 0.025882 0.096593 0.000000
vn 0.025882 0.096593 0.000000
vn -0.000000 0.100000 0.000000
vn -0.000000 0.100000 0.000000
vn -0.025882 0.096593 -0.000000
vn -0.025882 0.096593 -0.000000
vn -0.050000 0.086603 -0.000000
vn -0.050000 0.086603 -0.000000
vn -0.070711 0.070711 -0.000000
vn -0.070711 0.070711 -0.000000
vn -0.086603 0.050000 -0.000000
vn -0.086603 0.050000 -0.000000
vn -0.096593 0.025882 -0.000000
vn -0.096593 0.025882 -0.000000
vn -0.100000 -0.000000 -0.000000
vn -0.100000 -0.000000 -0.000000
vn -0.096593 -0.025882 -0.000000
vn -0.096593 -0.025882 -0.000000
vn -0.086603 -0.050000 -0.000000
vn -0.086603 -0.050000 -0.000000
vn -0.070711 -0.070711 -0.000000
vn -0.070711 -0.070711 -0.000000
vn -0.050000 -0.086603 -0.000000
vn -0.050000 -0.086603 -0.000000
vn -0.025882 -0.096593 -0.000000
vn -0.025882 -0.096593 -0.000000
vn 0.000000 -0.100000 -0.000000
vn 0.000000 -0.100000 -0.000000
vn 0.025882 -0.096593 0.000000
vn 0.025882 -0.096593 0.000000
vn 0.050000 -0.086603 0.000000
vn 0.050000 -0.086603 0.000000
vn 0.070711 -0.070711 0.000000
vn 0.070711 -0.070711 0.000000
vn 0.086603 -0.050000 0.000000
vn 0.086603 -0.050000 0.000000
vn 0.096593 -0.025882 0.000000
vn 0.096593 -0.025882 0.000000
vn 0.100000 -0.000000 0.000000
vn 0.100000 -0.000000 0.000000
vn 0.096593 0.025882 0.000000
vn 0.096593 0.025882 0.000000
vn 0.086603 0.050000 0.000000
vn 0.086603 0.050000 0.000000
vn 0.070711 0.070711 0.000000
vn 0.070711 0.070711 0.000000
vn 0.050000 0.086603 0.000000
vn 0.050000 0.086603 0.000000
vn 0.000000 -0.100000 -0.000000
vn 0.000000 -0.100000 -0.000000
vn 0.000000 -0.100000 -0.000000
vn 0.000000 -0.100000 -0.000000
vn -0.000000 -0.000000 0.100000
vn -0.000000 -0.000000 0.100000
vn -0.000000 -0.000000 0.100000
vn -0.000000 -0.000000 0.100000
vn -0.000000 0.100000 0.000000
vn -0.000000 0.100000 0.000000
vn -0.000000 0.100000 0.000000
vn -0.000000 0.100000 0.000000
vn -0.000000 -0.000000 0.100000
vn -0.000000 -0.000000 0.100000
vn -0.000000 -0.000000 0.100000
vn -0.000000 -0.000000 0.100000
vn -0.000000 -0.000000 0.100000
vn -0.000000 -0.000000 0.100000
vn -0.000000 -0.000000 0.100000
vn -0.000000 -0.000000 0.100000
vn -0.000000 -0.000000 0.100000
vn -0.000000 -0.000000 0.100000
vn -0.000000 -0.000000 0.100000
vn -0.000000 -0.000000 0.100000
vn -0.000000 -0.000000 0.100000
vn -0.000000 -0.000000 0.100000
vn -0.000000 -0.000000 0.100000
vn -0.000000 -0.000000 0.100000
vn -0.000000 -0.000000 0.100000
vn -0.000000 -0.000000 0.100000
vn -0.000000 -0.000000 0.100000
vn -0.000000 -0.000000 0.100000
vn -0.000000 -0.000000 0.100000
vn -0.000000 -0.000000 0.100000
vn -0.000000 -0.000000 0.100000
vn -0.000000 -0.000000 0.100000
vn -0.000000 -0.000000 0.100000
vn -0.000000 -0.000000 0.100000
vn -0.000000 -0.000000 0.100000
vn -0.000000 -0.000000 0.100000
vn -0.000000 -0.000000 0.100000
vn -0.000000 -0.000000 0.100000
vn -0.000000 -0.000000 0.100000
vn -0.000000 -0.000000 0.100000
vn -0.000000 -0.000000 0.100000
vn -0.000000 -0.000000 0.100000
vn -0.000000 -0.000000 0.100000
vn -0.000000 -0.000000 0.100000
vn -0.000000 -0.000000 0.100000
vn -0.000000 -0.000000 0.100000
vn -0.000000 -0.000000 0.100000
vn -0.000000 -0.000000 0.100000
vn -0.000000 -0.000000 0.100000
vn -0.000000 -0.000000 0.100000
vn -0.000000 -0.000000 0.100000
vn -0.000000 -0.000000 0.100000
vn -0.000000 -0.000000 0.100000
vn -0.000000 -0.000000 0.100000
vn -0.000000 -0.000000 0.100000
vn -0.000000 -0.000000 0.100000
vn -0.000000 -0.000000 0.100000
vn -0.000000 -0.000000 0.100000
vn -0.000000 -0.000000 0.100000
vn -0.000000 -0.000000 0.100000
vn 0.000000 -0.100000 -0.000000
vn 0.000000 -0.100000 -0.000000
vn 0.000000 -0.100000 -0.000000
vn 0.000000 -0.100000 -0.000000
vn -0.000000 -0.000000 0.100000
vn -0.000000 -0.000000 0.100000
vn -0.000000 -0.000000 0.100000
vn -0.000000 -0.000000 0.100000
vn -0.000000 0.100000 0.000000
vn -0.000000 0.100000 0.000000
vn -0.000000 0.100000 0.000000
vn -0.000000 0.100000 0.000000
vn 0.000000 0.000000 -0.100000
vn 0.000000 0.000000 -0.100000
vn 0.000000 0.000000 -0.100000
vn 0.000000 0.000000 -0.100000
vn 0.000000 0.000000 -0.100000
vn 0.000000 0.000000 -0.100000
vn 0.000000 0.000000 -0.100000
vn 0.000000 0.000000 -0.100000
vn 0.000000 0.000000 -0.100000
vn 0.000000 0.000000 -0.100000
vn 0.000000 0.000000 -0.100000
vn 0.000000 0.000000 -0.100000
vn 0.000000 0.000000 -0.100000
vn 0.000000 0.000000 -0.100000
vn 0.000000 0.000000 -0.100000
vn 0.000000 0.000000 -0.100000
vn 0.000000 0.000000 -0.100000
vn 0.000000 0.000000 -0.100000
vn 0.000000 0.000000 -0.100000
vn 0.000000 0.000000 -0.100000
vn 0.000000 0.000000 -0.100000
vn 0.000000 0.000000 -0.100000
vn 0.000000 0.000000 -0.100000
vn 0.000000 0.000000 -0.100000
vn 0.000000 0.000000 -0.100000
vn 0.000000 0.000000 -0.100000
vn 0.000000 0.000000 -0.100000
vn 0.000000 0.000000 -0.100000
vn 0.000000 0.000000 -0.100000
vn 0.000000 0.000000 -0.100000
vn 0.000000 0.000000 -0.100000
vn 0.000000 0.000000 -0.100000
vn 0.000000 0.000000 -0.100000
vn 0.000000 0.000000 -0.100000
vn 0.000000 0.000000 -0.100000
vn 0.000000 0.000000 -0.100000
vn 0.000000 0.000000 -0.100000
vn 0.000000 0.000000 -0.100000
vn 0.000000 0.000000 -0.100000
vn 0.000000 0.000000 -0.100000
vn 0.000000 0.000000 -0.100000
vn 0.000000 0.000000 -0.100000
vn 0.000000 0.000000 -0.100000
vn 0.000000 0.000000 -0.100000
vn 0.000000 0.000000 -0.100000
vn 0.000000 0.000000 -0.100000
vn 0.000000 0.000000 -0.100000
vn 0.000000 0.000000 -0.100000
vn 0.000000 0.000000 -0.100000
vn 0.000000 0.000000 -0.100000
vn 0.000000 0.000000 -0.100000
vn 0.000000 0.000000 -0.100000
vn -0.100000 -0.000000 -0.000000
vn -0.100000 -0.000000 -0.000000
vn -0.100000 -0.000000 -0.000000
vn -0.100000 -0.000000 -0.000000
vn -0.100000 -0.000000 -0.000000
vn -0.100000 -0.000000 -0.000000
vn -0.100000 -0.000000 -0.000000
vn -0.100000 -0.000000 -0.000000
vn 0.100000 0.000000 0.000000
vn 0.100000 0.000000 0.000000
vn 0.100000 0.000000 0.000000
vn 0.100000 0.000000 0.000000
vn 0.100000 0.000000 0.000000
vn 0.100000 0.000000 0.000000
vn 0.100000 0.000000 0.000000
vn 0.100000 0.000000 0.000000
f 3282/5453/5287 3328/5454/5288 3281/5455/5289
f 3281/5455/5289 3328/5454/5288 3305/5456/5290
f 3281/5457/5289 3305/5458/5290 3304/5459/5291
f 3304/5459/5291 3305/5458/5290 3306/5460/5292
f 3304/5459/5291 3306/5460/5292 3303/5461/5293
f 3303/5461/5293 3306/5460/5292 3307/5462/5294
f 3303/5461/5293 3307/5462/5294 3302/5463/5295
f 3302/5463/5295 3307/5462/5294 3308/5464/5296
f 3302/5463/5295 3308/5464/5296 3301/5465/5297
f 3301/5465/5297 3308/5464/5296 3309/5466/5298
f 3301/5465/5297 3309/5466/5298 3300/5467/5299
f 3300/5467/5299 3309/5466/5298 3310/5468/5300
f 3300/5467/5299 3310/5468/5300 3299/5469/5301
f 3299/5469/5301 3310/5468/5300 3311/5470/5302
f 3299/5469/5301 3311/5470/5302 3298/5471/5303
f 3298/5471/5303 3311/5470/5302 3312/5472/5304
f 3298/5471/5303 3312/5472/5304 3297/5473/5305
f 3297/5473/5305 3312/5472/5304 3313/5474/5306
f 3297/5473/5305 3313/5474/5306 3296/5475/5307
f 3296/5475/5307 3313/5474/5306 3314/5476/5308
f 3296/5475/5307 3314/5476/5308 3295/5477/5309
f 3295/5477/5309 3314/5476/5308 3315/5478/5310
f 3295/5477/5309 3315/5478/5310 3294/5479/5311
f 3294/5479/5311 3315/5478/5310 3316/5480/5312
f 3294/5479/5311 3316/5480/5312 3293/5481/5313
f 3293/5481/5313 3316/5480/5312 3317/5482/5314
f 3293/5481/5313 3317/5482/5314 3292/5483/5315
f 3292/5483/5315 3317/5482/5314 3318/5484/5316
f 3292/5483/5315 3318/5484/5316 3291/5485/5317
f 3291/5485/5317 3318/5484/5316 3319/5486/5318
f 3291/5485/5317 3319/5486/5318 3290/5487/5319
f 3290/5487/5319 3319/5486/5318 3320/5488/5320
f 3290/5487/5319 3320/5488/5320 3289/5489/5321
f 3289/5489/5321 3320/5488/5320 3321/5490/5322
f 3289/5489/5321 3321/5490/5322 3288/5491/5323
f 3288/5491/5323 3321/5490/5322 3322/5492/5324
f 3288/5491/5323 3322/5492/5324 3287/5493/5325
f 3287/5493/5325 3322/5492/5324 3323/5494/5326
f 3287/5493/5325 3323/5494/5326 3286/5495/5327
f 3286/5495/5327 3323/5494/5326 3324/5496/5328
f 3286/5495/5327 3324/5496/5328 3285/5497/5329
f 3285/5497/5329 3324/5496/5328 3325/5498/5330
f 3285/5497/5329 3325/5498/5330 3284/5499/5331
f 3284/5499/5331 3325/5498/5330 3326/5500/5332
f 3284/5499/5331 3326/5500/5332 3283/5501/5333
f 3283/5501/5333 3326/5500/5332 3327/5502/5334
f 3283/5501/5333 3327/5502/5334 3282/5453/5287
f 3282/5453/5287 3327/5502/5334 3328/5454/5288
f 3330/5503/5335 3376/5504/5336 3329/5505/5337
f 3329/5505/5337 3376/5504/5336 3353/5506/5338
f 3329/5507/5337 3353/5508/5338 3352/5509/5339
f 3352/5509/5339 3353/5508/5338 3354/5510/5340
f 3352/5509/5339 3354/5510/5340 3351/5511/5341
f 3351/5511/5341 3354/5510/5340 3355/5512/5342
f 3351/5511/5341 3355/5512/5342 3350/5513/5343
f 3350/5513/5343 3355/5512/5342 3356/5514/5344
f 3350/5513/5343 3356/5514/5344 3349/5515/5345
f 3349/5515/5345 3356/5514/5344 3357/5516/5346
f 3349/5515/5345 3357/5516/5346 3348/5517/5347
f 3348/5517/5347 3357/5516/5346 3358/5518/5348
f 3348/5517/5347 3358/5518/5348 3347/5519/5349
f 3347/5519/5349 3358/5518/5348 3359/5520/5350
f 3347/5519/5349 3359/5520/5350 3346/5521/5351
f 3346/5521/5351 3359/5520/5350 3360/5522/5352
f 3346/5521/5351 3360/5522/5352 3345/5523/5353
f 3345/5523/5353 3360/5522/5352 3361/5524/5354
f 3345/5523/5353 3361/5524/5354 3344/5525/5355
f 3344/5525/5355 3361/5524/5354 3362/5526/5356
f 3344/5525/5355 3362/5526/5356 3343/5527/5357
f 3343/5527/5357 3362/5526/5356 3363/5528/5358
f 3343/5527/5357 3363/5528/5358 3342/5529/5359
f 3342/5529/5359 3363/5528/5358 3364/5530/5360
f 3342/5529/5359 3364/5530/5360 3341/5531/5361
f 3341/5531/5361 3364/5530/5360 3365/5532/5362
f 3341/5531/5361 3365/5532/5362 3340/5533/5363
f 3340/5533/5363 3365/5532/5362 3366/5534/5364
f 3340/5533/5363 3366/5534/5364 3339/5535/5365
f 3339/5535/5365 3366/5534/5364 3367/5536/5366
f 3339/5535/5365 3367/5536/5366 3338/5537/5367
f 3338/5537/5367 3367/5536/5366 3368/5538/5368
f 3338/5537/5367 3368/5538/5368 3337/5539/5369
f 3337/5539/5369 3368/5538/5368 3369/5540/5370
f 3337/5539/5369 3369/5540/5370 3336/5541/5371
f 3336/5541/5371 3369/5540/5370 3370/5542/5372
f 3336/5541/5371 3370/5542/5372 3335/5543/5373
f 3335/5543/5373 3370/5542/5372 3371/5544/5374
f 3335/5543/5373 3371/5544/5374 3334/5545/5375
f 3334/5545/5375 3371/5544/5374 3372/5546/5376
f 3334/5545/5375 3372/5546/5376 3333/5547/5377
f 3333/5547/5377 3372/5546/5376 3373/5548/5378
f 3333/5547/5377 3373/5548/5378 3332/5549/5379
f 3332/5549/5379 3373/5548/5378 3374/5550/5380
f 3332/5549/5379 3374/5550/5380 3331/5551/5381
f 3331/5551/5381 3374/5550/5380 3375/5552/5382
f 3331/5551/5381 3375/5552/5382 3330/5503/5335
f 3330/5503/5335 3375/5552/5382 3376/5504/5336
f 3377/5553/5383 3378/5554/5384 3380/5555/5385
f 3380/5555/5385 3378/5554/5384 3379/5556/5386
f 3381/5557/5387 3377/5558/5388 3382/5559/5389
f 3382/5559/5389 3377/5558/5388 3380/5560/5390
f 3383/5561/5391 3381/5562/5392 3384/5563/5393
f 3384/5563/5393 3381/5562/5392 3382/5564/5394
f 3383/5565/5395 3325/5566/5396 3385/5567/5397
f 3385/5567/5397 3325/5566/5396 3324/5568/5398
f 3385/5567/5397 3324/5568/5398 3323/5569/5399
f 3384/5570/5400 3353/5571/5401 3383/5565/5395
f 3383/5565/5395 3353/5571/5401 3376/5572/5402
f 3383/5565/5395 3376/5572/5402 3375/5573/5403
f 3386/5574/5404 3361/5575/5405 3384/5570/5400
f 3384/5570/5400 3361/5575/5405 3360/5576/5406
f 3384/5570/5400 3360/5576/5406 3359/5577/5407
f 3385/5567/5397 3317/5578/5408 3386/5574/5404
f 3386/5574/5404 3317/5578/5408 3316/5579/5409
f 3386/5574/5404 3316/5579/5409 3315/5580/5410
f 3328/5581/5411 3366/5582/5412 3305/5583/5413
f 3305/5583/5413 3366/5582/5412 3365/5584/5414
f 3305/5583/5413 3365/5584/5414 3306/5585/5415
f 3306/5585/5415 3365/5584/5414 3364/5586/5416
f 3306/5585/5415 3364/5586/5416 3307/5587/5417
f 3307/5587/5417 3364/5586/5416 3363/5588/5418
f 3307/5587/5417 3363/5588/5418 3308/5589/5419
f 3308/5589/5419 3363/5588/5418 3362/5590/5420
f 3308/5589/5419 3362/5590/5420 3309/5591/5421
f 3309/5591/5421 3362/5590/5420 3361/5575/5405
f 3309/5591/5421 3361/5575/5405 3386/5574/5404
f 3366/5582/5412 3328/5581/5411 3367/5592/5422
f 3367/5592/5422 3328/5581/5411 3327/5593/5423
f 3367/5592/5422 3327/5593/5423 3368/5594/5424
f 3368/5594/5424 3327/5593/5423 3326/5595/5425
f 3368/5594/5424 3326/5595/5425 3369/5596/5426
f 3369/5596/5426 3326/5595/5425 3325/5566/5396
f 3369/5596/5426 3325/5566/5396 3383/5565/5395
f 3323/5569/5399 3322/5597/5427 3385/5567/5397
f 3385/5567/5397 3322/5597/5427 3321/5598/5428
f 3385/5567/5397 3321/5598/5428 3320/5599/5429
f 3320/5599/5429 3319/5600/5430 3385/5567/5397
f 3385/5567/5397 3319/5600/5430 3318/5601/5431
f 3385/5567/5397 3318/5601/5431 3317/5578/5408
f 3315/5580/5410 3314/5602/5432 3386/5574/5404
f 3386/5574/5404 3314/5602/5432 3313/5603/5433
f 3386/5574/5404 3313/5603/5433 3312/5604/5434
f 3312/5604/5434 3311/5605/5435 3386/5574/5404
f 3386/5574/5404 3311/5605/5435 3310/5606/5436
f 3386/5574/5404 3310/5606/5436 3309/5591/5421
f 3375/5573/5403 3374/5607/5437 3383/5565/5395
f 3383/5565/5395 3374/5607/5437 3373/5608/5438
f 3383/5565/5395 3373/5608/5438 3372/5609/5439
f 3372/5609/5439 3371/5610/5440 3383/5565/5395
f 3383/5565/5395 3371/5610/5440 3370/5611/5441
f 3383/5565/5395 3370/5611/5441 3369/5596/5426
f 3359/5577/5407 3358/5612/5442 3384/5570/5400
f 3384/5570/5400 3358/5612/5442 3357/5613/5443
f 3384/5570/5400 3357/5613/5443 3356/5614/5444
f 3356/5614/5444 3355/5615/5445 3384/5570/5400
f 3384/5570/5400 3355/5615/5445 3354/5616/5446
f 3384/5570/5400 3354/5616/5446 3353/5571/5401
f 3387/5617/5447 3385/5618/5448 3388/5619/5449
f 3388/5619/5449 3385/5618/5448 3386/5620/5450
f 3389/5621/5451 3387/5622/5452 3390/5623/5453
f 3390/5623/5453 3387/5622/5452 3388/5624/5454
f 3391/5625/5455 3389/5626/5456 3392/5627/5457
f 3392/5627/5457 3389/5626/5456 3390/5628/5458
f 3391/5629/5459 3336/5630/5460 3378/5631/5461
f 3378/5631/5461 3336/5630/5460 3335/5632/5462
f 3378/5631/5461 3335/5632/5462 3334/5633/5463
f 3392/5634/5464 3293/5635/5465 3391/5629/5459
f 3391/5629/5459 3293/5635/5465 3292/5636/5466
f 3391/5629/5459 3292/5636/5466 3291/5637/5467
f 3379/5638/5468 3300/5639/5469 3392/5634/5464
f 3392/5634/5464 3300/5639/5469 3299/5640/5470
f 3392/5634/5464 3299/5640/5470 3298/5641/5471
f 3378/5631/5461 3329/5642/5472 3379/5638/5468
f 3379/5638/5468 3329/5642/5472 3352/5643/5473
f 3379/5638/5468 3352/5643/5473 3351/5644/5474
f 3304/5645/5475 3342/5646/5476 3281/5647/5477
f 3281/5647/5477 3342/5646/5476 3341/5648/5478
f 3281/5647/5477 3341/5648/5478 3282/5649/5479
f 3282/5649/5479 3341/5648/5478 3340/5650/5480
f 3282/5649/5479 3340/5650/5480 3283/5651/5481
f 3283/5651/5481 3340/5650/5480 3339/5652/5482
f 3283/5651/5481 3339/5652/5482 3284/5653/5483
f 3284/5653/5483 3339/5652/5482 3338/5654/5484
f 3284/5653/5483 3338/5654/5484 3285/5655/5485
f 3285/5655/5485 3338/5654/5484 3337/5656/5486
f 3285/5655/5485 3337/5656/5486 3286/5657/5487
f 3286/5657/5487 3337/5656/5486 3336/5630/5460
f 3286/5657/5487 3336/5630/5460 3391/5629/5459
f 3342/5646/5476 3304/5645/5475 3343/5658/5488
f 3343/5658/5488 3304/5645/5475 3303/5659/5489
f 3343/5658/5488 3303/5659/5489 3344/5660/5490
f 3344/5660/5490 3303/5659/5489 3302/5661/5491
f 3344/5660/5490 3302/5661/5491 3345/5662/5492
f 3345/5662/5492 3302/5661/5491 3301/5663/5493
f 3345/5662/5492 3301/5663/5493 3346/5664/5494
f 3346/5664/5494 3301/5663/5493 3300/5639/5469
f 3346/5664/5494 3300/5639/5469 3379/5638/5468
f 3298/5641/5471 3297/5665/5495 3392/5634/5464
f 3392/5634/5464 3297/5665/5495 3296/5666/5496
f 3392/5634/5464 3296/5666/5496 3295/5667/5497
f 3295/5667/5497 3294/5668/5498 3392/5634/5464
f 3392/5634/5464 3294/5668/5498 3293/5635/5465
f 3291/5637/5467 3290/5669/5499 3391/5629/5459
f 3391/5629/5459 3290/5669/5499 3289/5670/5500
f 3391/5629/5459 3289/5670/5500 3288/5671/5501
f 3288/5671/5501 3287/5672/5502 3391/5629/5459
f 3391/5629/5459 3287/5672/5502 3286/5657/5487
f 3351/5644/5474 3350/5673/5503 3379/5638/5468
f 3379/5638/5468 3350/5673/5503 3349/5674/5504
f 3379/5638/5468 3349/5674/5504 3348/5675/5505
f 3348/5675/5505 3347/5676/5506 3379/5638/5468
f 3379/5638/5468 3347/5676/5506 3346/5664/5494
f 3334/5633/5463 3333/5677/5507 3378/5631/5461
f 3378/5631/5461 3333/5677/5507 3332/5678/5508
f 3378/5631/5461 3332/5678/5508 3331/5679/5509
f 3331/5679/5509 3330/5680/5510 3378/5631/5461
f 3378/5631/5461 3330/5680/5510 3329/5642/5472
f 3389/5681/5511 3391/5682/5512 3385/5683/5513
f 3385/5683/5513 3391/5682/5512 3378/5684/5514
f 3385/5683/5513 3378/5684/5514 3383/5685/5515
f 3383/5685/5515 3378/5684/5514 3377/5686/5516
f 3383/5685/5515 3377/5686/5516 3381/5687/5517
f 3385/5683/5513 3387/5688/5518 3389/5681/5511
f 3380/5689/5519 3379/5690/5520 3384/5691/5521
f 3384/5691/5521 3379/5690/5520 3392/5692/5522
f 3384/5691/5521 3392/5692/5522 3386/5693/5523
f 3386/5693/5523 3392/5692/5522 3390/5694/5524
f 3386/5693/5523 3390/5694/5524 3388/5695/5525
f 3384/5691/5521 3382/5696/5526 3380/5689/5519
g Body11

v 280.737296 4703.651043 -108.865044
v 279.299233 4703.840368 -108.865044
v 277.959171 4704.395440 -108.865044
v 276.808434 4705.278431 -108.865044
v 275.925443 4706.429168 -108.865044
v 275.370371 4707.769230 -108.865044
v 275.181046 4709.207293 -108.865044
v 275.370371 4710.645357 -108.865044
v 275.925443 4711.985418 -108.865044
v 276.808434 4713.136155 -108.865044
v 277.959171 4714.019147 -108.865044
v 279.299233 4714.574219 -108.865044
v 280.737296 4714.763543 -108.865044
v 282.175360 4714.574219 -108.865044
v 283.515421 4714.019147 -108.865044
v 284.666158 4713.136155 -108.865044
v 285.549150 4711.985418 -108.865044
v 286.104222 4710.645357 -108.865044
v 286.293546 4709.207293 -108.865044
v 286.104222 4707.769230 -108.865044
v 285.549150 4706.429168 -108.865044
v 284.666158 4705.278431 -108.865044
v 283.515421 4704.395440 -108.865044
v 282.175360 4703.840368 -108.865044
v 280.737296 4703.651043 -102.515044
v 282.175360 4703.840368 -102.515044
v 283.515421 4704.395440 -102.515044
v 284.666158 4705.278431 -102.515044
v 285.549150 4706.429168 -102.515044
v 286.104222 4707.769230 -102.515044
v 286.293546 4709.207293 -102.515044
v 286.104222 4710.645357 -102.515044
v 285.549150 4711.985418 -102.515044
v 284.666158 4713.136155 -102.515044
v 283.515421 4714.019147 -102.515044
v 282.175360 4714.574219 -102.515044
v 280.737296 4714.763543 -102.515044
v 279.299233 4714.574219 -102.515044
v 277.959171 4714.019147 -102.515044
v 276.808434 4713.136155 -102.515044
v 275.925443 4711.985418 -102.515044
v 275.370371 4710.645357 -102.515044
v 275.181046 4709.207293 -102.515044
v 275.370371 4707.769230 -102.515044
v 275.925443 4706.429168 -102.515044
v 276.808434 4705.278431 -102.515044
v 277.959171 4704.395440 -102.515044
v 279.299233 4703.840368 -102.515044
v 280.737296 4652.851043 -108.865044
v 279.299233 4653.040368 -108.865044
v 277.959171 4653.595440 -108.865044
v 276.808434 4654.478431 -108.865044
v 275.925443 4655.629168 -108.865044
v 275.370371 4656.969230 -108.865044
v 275.181046 4658.407293 -108.865044
v 275.370371 4659.845357 -108.865044
v 275.925443 4661.185418 -108.865044
v 276.808434 4662.336155 -108.865044
v 277.959171 4663.219147 -108.865044
v 279.299233 4663.774219 -108.865044
v 280.737296 4663.963543 -108.865044
v 282.175360 4663.774219 -108.865044
v 283.515421 4663.219147 -108.865044
v 284.666158 4662.336155 -108.865044
v 285.549150 4661.185418 -108.865044
v 286.104222 4659.845357 -108.865044
v 286.293546 4658.407293 -108.865044
v 286.104222 4656.969230 -108.865044
v 285.549150 4655.629168 -108.865044
v 284.666158 4654.478431 -108.865044
v 283.515421 4653.595440 -108.865044
v 282.175360 4653.040368 -108.865044
v 280.737296 4652.851043 -102.515044
v 282.175360 4653.040368 -102.515044
v 283.515421 4653.595440 -102.515044
v 284.666158 4654.478431 -102.515044
v 285.549150 4655.629168 -102.515044
v 286.104222 4656.969230 -102.515044
v 286.293546 4658.407293 -102.515044
v 286.104222 4659.845357 -102.515044
v 285.549150 4661.185418 -102.515044
v 284.666158 4662.336155 -102.515044
v 283.515421 4663.219147 -102.515044
v 282.175360 4663.774219 -102.515044
v 280.737296 4663.963543 -102.515044
v 279.299233 4663.774219 -102.515044
v 277.959171 4663.219147 -102.515044
v 276.808434 4662.336155 -102.515044
v 275.925443 4661.185418 -102.515044
v 275.370371 4659.845357 -102.515044
v 275.181046 4658.407293 -102.515044
v 275.370371 4656.969230 -102.515044
v 275.925443 4655.629168 -102.515044
v 276.808434 4654.478431 -102.515044
v 277.959171 4653.595440 -102.515044
v 279.299233 4653.040368 -102.515044
v 242.637296 4633.007293 -45.365044
v 242.637296 4633.007293 -108.865044
v 318.837296 4633.007293 -108.865044
v 318.837296 4633.007293 -45.365044
v 242.637296 4639.357293 -45.365044
v 318.837296 4639.357293 -45.365044
v 242.637296 4639.357293 -102.515044
v 318.837296 4639.357293 -102.515044
v 242.637296 4728.257293 -102.515044
v 318.837296 4728.257293 -102.515044
v 242.637296 4728.257293 -45.365044
v 318.837296 4728.257293 -45.365044
v 242.637296 4734.607293 -45.365044
v 318.837296 4734.607293 -45.365044
v 242.637296 4734.607293 -108.865044
v 318.837296 4734.607293 -108.865044
vt 0.635000 -1.600085 0.000000
vt -0.000000 -1.600085 0.000000
vt 0.635000 -1.745547 0.000000
vt -0.000000 -1.745547 0.000000
vt 0.635000 1.745547 0.000000
vt -0.000000 1.745547 0.000000
vt 0.635000 1.600085 0.000000
vt 0.000000 1.600085 0.000000
vt 0.635000 1.454623 0.000000
vt 0.000000 1.454623 0.000000
vt 0.635000 1.309161 0.000000
vt 0.000000 1.309161 0.000000
vt 0.635000 1.163698 0.000000
vt 0.000000 1.163698 0.000000
vt 0.635000 1.018236 0.000000
vt 0.000000 1.018236 0.000000
vt 0.635000 0.872774 0.000000
vt 0.000000 0.872774 0.000000
vt 0.635000 0.727311 0.000000
vt 0.000000 0.727311 0.000000
vt 0.635000 0.581849 0.000000
vt 0.000000 0.581849 0.000000
vt 0.635000 0.436387 0.000000
vt 0.000000 0.436387 0.000000
vt 0.635000 0.290925 0.000000
vt 0.000000 0.290925 0.000000
vt 0.635000 0.145462 0.000000
vt 0.000000 0.145462 0.000000
vt 0.635000 0.000000 0.000000
vt 0.000000 0.000000 0.000000
vt 0.635000 -0.145462 0.000000
vt -0.000000 -0.145462 0.000000
vt 0.635000 -0.290925 0.000000
vt -0.000000 -0.290925 0.000000
vt 0.635000 -0.436387 0.000000
vt -0.000000 -0.436387 0.000000
vt 0.635000 -0.581849 0.000000
vt -0.000000 -0.581849 0.000000
vt 0.635000 -0.727311 0.000000
vt -0.000000 -0.727311 0.000000
vt 0.635000 -0.872774 0.000000
vt -0.000000 -0.872774 0.000000
vt 0.635000 -1.018236 0.000000
vt -0.000000 -1.018236 0.000000
vt 0.635000 -1.163698 0.000000
vt -0.000000 -1.163698 0.000000
vt 0.635000 -1.309161 0.000000
vt -0.000000 -1.309161 0.000000
vt 0.635000 -1.454623 0.000000
vt -0.000000 -1.454623 0.000000
vt 0.635000 -1.600085 0.000000
vt -0.000000 -1.600085 0.000000
vt 0.635000 -1.745547 0.000000
vt -0.000000 -1.745547 0.000000
vt 0.635000 1.745547 0.000000
vt -0.000000 1.745547 0.000000
vt 0.635000 1.600085 0.000000
vt 0.000000 1.600085 0.000000
vt 0.635000 1.454623 0.000000
vt 0.000000 1.454623 0.000000
vt 0.635000 1.309161 0.000000
vt 0.000000 1.309161 0.000000
vt 0.635000 1.163698 0.000000
vt 0.000000 1.163698 0.000000
vt 0.635000 1.018236 0.000000
vt 0.000000 1.018236 0.000000
vt 0.635000 0.872774 0.000000
vt 0.000000 0.872774 0.000000
vt 0.635000 0.727311 0.000000
vt 0.000000 0.727311 0.000000
vt 0.635000 0.581849 0.000000
vt 0.000000 0.581849 0.000000
vt 0.635000 0.436387 0.000000
vt 0.000000 0.436387 0.000000
vt 0.635000 0.290925 0.000000
vt 0.000000 0.290925 0.000000
vt 0.635000 0.145462 0.000000
vt 0.000000 0.145462 0.000000
vt 0.635000 0.000000 0.000000
vt 0.000000 0.000000 0.000000
vt 0.635000 -0.145462 0.000000
vt -0.000000 -0.145462 0.000000
vt 0.635000 -0.290925 0.000000
vt -0.000000 -0.290925 0.000000
vt 0.635000 -0.436387 0.000000
vt -0.000000 -0.436387 0.000000
vt 0.635000 -0.581849 0.000000
vt -0.000000 -0.581849 0.000000
vt 0.635000 -0.727311 0.000000
vt -0.000000 -0.727311 0.000000
vt 0.635000 -0.872774 0.000000
vt -0.000000 -0.872774 0.000000
vt 0.635000 -1.018236 0.000000
vt -0.000000 -1.018236 0.000000
vt 0.635000 -1.163698 0.000000
vt -0.000000 -1.163698 0.000000
vt 0.635000 -1.309161 0.000000
vt -0.000000 -1.309161 0.000000
vt 0.635000 -1.454623 0.000000
vt -0.000000 -1.454623 0.000000
vt 0.000000 0.000000 0.000000
vt 6.350000 -0.000000 0.000000
vt 0.000000 7.620000 0.000000
vt 6.350000 7.620000 0.000000
vt 0.000000 0.000000 0.000000
vt 0.635000 0.000000 0.000000
vt 0.000000 7.620000 0.000000
vt 0.635000 7.620000 0.000000
vt 0.000000 0.000000 0.000000
vt 5.715000 -0.000000 0.000000
vt 0.000000 7.620000 0.000000
vt 5.715000 7.620000 0.000000
vt 8.890000 -0.000000 0.000000
vt 2.182812 3.328815 0.000000
vt 0.000000 0.000000 0.000000
vt 2.048806 3.273307 0.000000
vt 1.905000 3.254375 0.000000
vt 8.890000 7.620000 0.000000
vt 7.540625 3.810000 0.000000
vt 7.521693 3.666194 0.000000
vt 7.466185 3.532187 0.000000
vt 0.000000 7.620000 0.000000
vt 6.707187 4.291185 0.000000
vt 6.841194 4.346693 0.000000
vt 6.985000 4.365625 0.000000
vt 1.349375 3.810000 0.000000
vt 1.368307 3.953806 0.000000
vt 1.423815 4.087812 0.000000
vt 2.441693 3.666194 0.000000
vt 6.448307 3.666194 0.000000
vt 2.460625 3.810000 0.000000
vt 6.429375 3.810000 0.000000
vt 2.441693 3.953806 0.000000
vt 6.448307 3.953806 0.000000
vt 2.386185 4.087812 0.000000
vt 6.503815 4.087812 0.000000
vt 2.297886 4.202886 0.000000
vt 6.592114 4.202886 0.000000
vt 2.182812 4.291185 0.000000
vt 6.503815 3.532187 0.000000
vt 2.386185 3.532187 0.000000
vt 6.592114 3.417114 0.000000
vt 2.297886 3.417114 0.000000
vt 6.707187 3.328815 0.000000
vt 1.761194 3.273307 0.000000
vt 1.627187 3.328815 0.000000
vt 1.512114 3.417114 0.000000
vt 1.423815 3.532187 0.000000
vt 1.368307 3.666194 0.000000
vt 1.512114 4.202886 0.000000
vt 1.627187 4.291185 0.000000
vt 1.761194 4.346693 0.000000
vt 1.905000 4.365625 0.000000
vt 2.048806 4.346693 0.000000
vt 7.377886 3.417114 0.000000
vt 7.262812 3.328815 0.000000
vt 7.128806 3.273307 0.000000
vt 6.985000 3.254375 0.000000
vt 6.841194 3.273307 0.000000
vt 7.128806 4.346693 0.000000
vt 7.262812 4.291185 0.000000
vt 7.377886 4.202886 0.000000
vt 7.466185 4.087812 0.000000
vt 7.521693 3.953806 0.000000
vt 0.000000 0.000000 0.000000
vt 5.715000 0.000000 0.000000
vt 0.000000 7.620000 0.000000
vt 5.715000 7.620000 0.000000
vt 0.000000 0.000000 0.000000
vt 0.635000 -0.000000 0.000000
vt 0.000000 7.620000 0.000000
vt 0.635000 7.620000 0.000000
vt 0.000000 0.000000 0.000000
vt 6.350000 0.000000 0.000000
vt 0.000000 7.620000 0.000000
vt 6.350000 7.620000 0.000000
vt 10.160000 -0.000000 0.000000
vt 2.683806 3.273307 0.000000
vt 0.000000 0.000000 0.000000
vt 2.540000 3.254375 0.000000
vt 2.396194 3.273307 0.000000
vt 10.160000 7.620000 0.000000
vt 8.175625 3.810000 0.000000
vt 8.156693 3.666194 0.000000
vt 8.101185 3.532188 0.000000
vt 0.000000 7.620000 0.000000
vt 7.476194 4.346693 0.000000
vt 7.620000 4.365625 0.000000
vt 7.763806 4.346693 0.000000
vt 1.984375 3.810000 0.000000
vt 2.003307 3.953806 0.000000
vt 2.058815 4.087813 0.000000
vt 7.083307 3.953806 0.000000
vt 3.076693 3.953806 0.000000
vt 7.064375 3.810000 0.000000
vt 3.095625 3.810000 0.000000
vt 7.083307 3.666194 0.000000
vt 3.076693 3.666194 0.000000
vt 7.138815 3.532188 0.000000
vt 3.021185 3.532188 0.000000
vt 7.227114 3.417114 0.000000
vt 2.932886 3.417114 0.000000
vt 7.342188 3.328815 0.000000
vt 2.817813 3.328815 0.000000
vt 7.476194 3.273307 0.000000
vt 3.021185 4.087813 0.000000
vt 7.138815 4.087813 0.000000
vt 2.932886 4.202886 0.000000
vt 7.227114 4.202886 0.000000
vt 2.817813 4.291185 0.000000
vt 7.342188 4.291185 0.000000
vt 2.683806 4.346693 0.000000
vt 7.897813 4.291185 0.000000
vt 8.012886 4.202886 0.000000
vt 8.101185 4.087813 0.000000
vt 8.156693 3.953806 0.000000
vt 8.012886 3.417114 0.000000
vt 7.897813 3.328815 0.000000
vt 7.763806 3.273307 0.000000
vt 7.620000 3.254375 0.000000
vt 2.147114 4.202886 0.000000
vt 2.262188 4.291185 0.000000
vt 2.396194 4.346693 0.000000
vt 2.540000 4.365625 0.000000
vt 2.262188 3.328815 0.000000
vt 2.147114 3.417114 0.000000
vt 2.058815 3.532188 0.000000
vt 2.003307 3.666194 0.000000
vt 5.080000 -4.236357 0.000000
vt 5.080000 2.113643 0.000000
vt 4.445000 1.478643 0.000000
vt -5.080000 2.113643 0.000000
vt -4.445000 1.478643 0.000000
vt -5.080000 -4.236357 0.000000
vt -4.445000 -4.236357 0.000000
vt 4.445000 -4.236357 0.000000
vt 5.080000 -4.236357 0.000000
vt 5.080000 2.113643 0.000000
vt 4.445000 1.478643 0.000000
vt -5.080000 2.113643 0.000000
vt -4.445000 1.478643 0.000000
vt -5.080000 -4.236357 0.000000
vt -4.445000 -4.236357 0.000000
vt 4.445000 -4.236357 0.000000
vn 0.025882 0.096593 0.000000
vn 0.025882 0.096593 0.000000
vn -0.000000 0.100000 0.000000
vn -0.000000 0.100000 0.000000
vn -0.025882 0.096593 -0.000000
vn -0.025882 0.096593 -0.000000
vn -0.050000 0.086603 -0.000000
vn -0.050000 0.086603 -0.000000
vn -0.070711 0.070711 -0.000000
vn -0.070711 0.070711 -0.000000
vn -0.086603 0.050000 -0.000000
vn -0.086603 0.050000 -0.000000
vn -0.096593 0.025882 -0.000000
vn -0.096593 0.025882 -0.000000
vn -0.100000 0.000000 -0.000000
vn -0.100000 -0.000000 -0.000000
vn -0.096593 -0.025882 -0.000000
vn -0.096593 -0.025882 -0.000000
vn -0.086603 -0.050000 -0.000000
vn -0.086603 -0.050000 -0.000000
vn -0.070711 -0.070711 -0.000000
vn -0.070711 -0.070711 -0.000000
vn -0.050000 -0.086603 -0.000000
vn -0.050000 -0.086603 -0.000000
vn -0.025882 -0.096593 -0.000000
vn -0.025882 -0.096593 -0.000000
vn 0.000000 -0.100000 -0.000000
vn 0.000000 -0.100000 -0.000000
vn 0.025882 -0.096593 0.000000
vn 0.025882 -0.096593 0.000000
vn 0.050000 -0.086603 0.000000
vn 0.050000 -0.086603 0.000000
vn 0.070711 -0.070711 0.000000
vn 0.070711 -0.070711 0.000000
vn 0.086603 -0.050000 0.000000
vn 0.086603 -0.050000 0.000000
vn 0.096593 -0.025882 0.000000
vn 0.096593 -0.025882 0.000000
vn 0.100000 0.000000 0.000000
vn 0.100000 -0.000000 0.000000
vn 0.096593 0.025882 0.000000
vn 0.096593 0.025882 0.000000
vn 0.086603 0.050000 0.000000
vn 0.086603 0.050000 0.000000
vn 0.070711 0.070711 0.000000
vn 0.070711 0.070711 0.000000
vn 0.050000 0.086603 0.000000
vn 0.050000 0.086603 0.000000
vn 0.025882 0.096593 0.000000
vn 0.025882 0.096593 0.000000
vn -0.000000 0.100000 0.000000
vn -0.000000 0.100000 0.000000
vn -0.025882 0.096593 -0.000000
vn -0.025882 0.096593 -0.000000
vn -0.050000 0.086603 -0.000000
vn -0.050000 0.086603 -0.000000
vn -0.070711 0.070711 -0.000000
vn -0.070711 0.070711 -0.000000
vn -0.086603 0.050000 -0.000000
vn -0.086603 0.050000 -0.000000
vn -0.096593 0.025882 -0.000000
vn -0.096593 0.025882 -0.000000
vn -0.100000 -0.000000 -0.000000
vn -0.100000 -0.000000 -0.000000
vn -0.096593 -0.025882 -0.000000
vn -0.096593 -0.025882 -0.000000
vn -0.086603 -0.050000 -0.000000
vn -0.086603 -0.050000 -0.000000
vn -0.070711 -0.070711 -0.000000
vn -0.070711 -0.070711 -0.000000
vn -0.050000 -0.086603 -0.000000
vn -0.050000 -0.086603 -0.000000
vn -0.025882 -0.096593 -0.000000
vn -0.025882 -0.096593 -0.000000
vn 0.000000 -0.100000 -0.000000
vn 0.000000 -0.100000 -0.000000
vn 0.025882 -0.096593 0.000000
vn 0.025882 -0.096593 0.000000
vn 0.050000 -0.086603 0.000000
vn 0.050000 -0.086603 0.000000
vn 0.070711 -0.070711 0.000000
vn 0.070711 -0.070711 0.000000
vn 0.086603 -0.050000 0.000000
vn 0.086603 -0.050000 0.000000
vn 0.096593 -0.025882 0.000000
vn 0.096593 -0.025882 0.000000
vn 0.100000 -0.000000 0.000000
vn 0.100000 -0.000000 0.000000
vn 0.096593 0.025882 0.000000
vn 0.096593 0.025882 0.000000
vn 0.086603 0.050000 0.000000
vn 0.086603 0.050000 0.000000
vn 0.070711 0.070711 0.000000
vn 0.070711 0.070711 0.000000
vn 0.050000 0.086603 0.000000
vn 0.050000 0.086603 0.000000
vn 0.000000 -0.100000 -0.000000
vn 0.000000 -0.100000 -0.000000
vn 0.000000 -0.100000 -0.000000
vn 0.000000 -0.100000 -0.000000
vn -0.000000 -0.000000 0.100000
vn -0.000000 -0.000000 0.100000
vn -0.000000 -0.000000 0.100000
vn -0.000000 -0.000000 0.100000
vn -0.000000 0.100000 0.000000
vn -0.000000 0.100000 0.000000
vn -0.000000 0.100000 0.000000
vn -0.000000 0.100000 0.000000
vn -0.000000 -0.000000 0.100000
vn -0.000000 -0.000000 0.100000
vn -0.000000 -0.000000 0.100000
vn -0.000000 -0.000000 0.100000
vn -0.000000 -0.000000 0.100000
vn -0.000000 -0.000000 0.100000
vn -0.000000 -0.000000 0.100000
vn -0.000000 -0.000000 0.100000
vn -0.000000 -0.000000 0.100000
vn -0.000000 -0.000000 0.100000
vn -0.000000 -0.000000 0.100000
vn -0.000000 -0.000000 0.100000
vn -0.000000 -0.000000 0.100000
vn -0.000000 -0.000000 0.100000
vn -0.000000 -0.000000 0.100000
vn -0.000000 -0.000000 0.100000
vn -0.000000 -0.000000 0.100000
vn -0.000000 -0.000000 0.100000
vn -0.000000 -0.000000 0.100000
vn -0.000000 -0.000000 0.100000
vn -0.000000 -0.000000 0.100000
vn -0.000000 -0.000000 0.100000
vn -0.000000 -0.000000 0.100000
vn -0.000000 -0.000000 0.100000
vn -0.000000 -0.000000 0.100000
vn -0.000000 -0.000000 0.100000
vn -0.000000 -0.000000 0.100000
vn -0.000000 -0.000000 0.100000
vn -0.000000 -0.000000 0.100000
vn -0.000000 -0.000000 0.100000
vn -0.000000 -0.000000 0.100000
vn -0.000000 -0.000000 0.100000
vn -0.000000 -0.000000 0.100000
vn -0.000000 -0.000000 0.100000
vn -0.000000 -0.000000 0.100000
vn -0.000000 -0.000000 0.100000
vn -0.000000 -0.000000 0.100000
vn -0.000000 -0.000000 0.100000
vn -0.000000 -0.000000 0.100000
vn -0.000000 -0.000000 0.100000
vn -0.000000 -0.000000 0.100000
vn -0.000000 -0.000000 0.100000
vn -0.000000 -0.000000 0.100000
vn -0.000000 -0.000000 0.100000
vn -0.000000 -0.000000 0.100000
vn -0.000000 -0.000000 0.100000
vn -0.000000 -0.000000 0.100000
vn -0.000000 -0.000000 0.100000
vn -0.000000 -0.000000 0.100000
vn -0.000000 -0.000000 0.100000
vn -0.000000 -0.000000 0.100000
vn -0.000000 -0.000000 0.100000
vn 0.000000 -0.100000 -0.000000
vn 0.000000 -0.100000 -0.000000
vn 0.000000 -0.100000 -0.000000
vn 0.000000 -0.100000 -0.000000
vn -0.000000 -0.000000 0.100000
vn -0.000000 -0.000000 0.100000
vn -0.000000 -0.000000 0.100000
vn -0.000000 -0.000000 0.100000
vn -0.000000 0.100000 0.000000
vn -0.000000 0.100000 0.000000
vn -0.000000 0.100000 0.000000
vn -0.000000 0.100000 0.000000
vn 0.000000 0.000000 -0.100000
vn 0.000000 0.000000 -0.100000
vn 0.000000 0.000000 -0.100000
vn 0.000000 0.000000 -0.100000
vn 0.000000 0.000000 -0.100000
vn 0.000000 0.000000 -0.100000
vn 0.000000 0.000000 -0.100000
vn 0.000000 0.000000 -0.100000
vn 0.000000 0.000000 -0.100000
vn 0.000000 0.000000 -0.100000
vn 0.000000 0.000000 -0.100000
vn 0.000000 0.000000 -0.100000
vn 0.000000 0.000000 -0.100000
vn 0.000000 0.000000 -0.100000
vn 0.000000 0.000000 -0.100000
vn 0.000000 0.000000 -0.100000
vn 0.000000 0.000000 -0.100000
vn 0.000000 0.000000 -0.100000
vn 0.000000 0.000000 -0.100000
vn 0.000000 0.000000 -0.100000
vn 0.000000 0.000000 -0.100000
vn 0.000000 0.000000 -0.100000
vn 0.000000 0.000000 -0.100000
vn 0.000000 0.000000 -0.100000
vn 0.000000 0.000000 -0.100000
vn 0.000000 0.000000 -0.100000
vn 0.000000 0.000000 -0.100000
vn 0.000000 0.000000 -0.100000
vn 0.000000 0.000000 -0.100000
vn 0.000000 0.000000 -0.100000
vn 0.000000 0.000000 -0.100000
vn 0.000000 0.000000 -0.100000
vn 0.000000 0.000000 -0.100000
vn 0.000000 0.000000 -0.100000
vn 0.000000 0.000000 -0.100000
vn 0.000000 0.000000 -0.100000
vn 0.000000 0.000000 -0.100000
vn 0.000000 0.000000 -0.100000
vn 0.000000 0.000000 -0.100000
vn 0.000000 0.000000 -0.100000
vn 0.000000 0.000000 -0.100000
vn 0.000000 0.000000 -0.100000
vn 0.000000 0.000000 -0.100000
vn 0.000000 0.000000 -0.100000
vn 0.000000 0.000000 -0.100000
vn 0.000000 0.000000 -0.100000
vn 0.000000 0.000000 -0.100000
vn 0.000000 0.000000 -0.100000
vn 0.000000 0.000000 -0.100000
vn 0.000000 0.000000 -0.100000
vn 0.000000 0.000000 -0.100000
vn 0.000000 0.000000 -0.100000
vn -0.100000 -0.000000 -0.000000
vn -0.100000 -0.000000 -0.000000
vn -0.100000 -0.000000 -0.000000
vn -0.100000 -0.000000 -0.000000
vn -0.100000 -0.000000 -0.000000
vn -0.100000 -0.000000 -0.000000
vn -0.100000 -0.000000 -0.000000
vn -0.100000 -0.000000 -0.000000
vn 0.100000 0.000000 0.000000
vn 0.100000 0.000000 0.000000
vn 0.100000 0.000000 0.000000
vn 0.100000 0.000000 0.000000
vn 0.100000 0.000000 0.000000
vn 0.100000 0.000000 0.000000
vn 0.100000 0.000000 0.000000
vn 0.100000 0.000000 0.000000
f 3394/5697/5527 3440/5698/5528 3393/5699/5529
f 3393/5699/5529 3440/5698/5528 3417/5700/5530
f 3393/5701/5529 3417/5702/5530 3416/5703/5531
f 3416/5703/5531 3417/5702/5530 3418/5704/5532
f 3416/5703/5531 3418/5704/5532 3415/5705/5533
f 3415/5705/5533 3418/5704/5532 3419/5706/5534
f 3415/5705/5533 3419/5706/5534 3414/5707/5535
f 3414/5707/5535 3419/5706/5534 3420/5708/5536
f 3414/5707/5535 3420/5708/5536 3413/5709/5537
f 3413/5709/5537 3420/5708/5536 3421/5710/5538
f 3413/5709/5537 3421/5710/5538 3412/5711/5539
f 3412/5711/5539 3421/5710/5538 3422/5712/5540
f 3412/5711/5539 3422/5712/5540 3411/5713/5541
f 3411/5713/5541 3422/5712/5540 3423/5714/5542
f 3411/5713/5541 3423/5714/5542 3410/5715/5543
f 3410/5715/5543 3423/5714/5542 3424/5716/5544
f 3410/5715/5543 3424/5716/5544 3409/5717/5545
f 3409/5717/5545 3424/5716/5544 3425/5718/5546
f 3409/5717/5545 3425/5718/5546 3408/5719/5547
f 3408/5719/5547 3425/5718/5546 3426/5720/5548
f 3408/5719/5547 3426/5720/5548 3407/5721/5549
f 3407/5721/5549 3426/5720/5548 3427/5722/5550
f 3407/5721/5549 3427/5722/5550 3406/5723/5551
f 3406/5723/5551 3427/5722/5550 3428/5724/5552
f 3406/5723/5551 3428/5724/5552 3405/5725/5553
f 3405/5725/5553 3428/5724/5552 3429/5726/5554
f 3405/5725/5553 3429/5726/5554 3404/5727/5555
f 3404/5727/5555 3429/5726/5554 3430/5728/5556
f 3404/5727/5555 3430/5728/5556 3403/5729/5557
f 3403/5729/5557 3430/5728/5556 3431/5730/5558
f 3403/5729/5557 3431/5730/5558 3402/5731/5559
f 3402/5731/5559 3431/5730/5558 3432/5732/5560
f 3402/5731/5559 3432/5732/5560 3401/5733/5561
f 3401/5733/5561 3432/5732/5560 3433/5734/5562
f 3401/5733/5561 3433/5734/5562 3400/5735/5563
f 3400/5735/5563 3433/5734/5562 3434/5736/5564
f 3400/5735/5563 3434/5736/5564 3399/5737/5565
f 3399/5737/5565 3434/5736/5564 3435/5738/5566
f 3399/5737/5565 3435/5738/5566 3398/5739/5567
f 3398/5739/5567 3435/5738/5566 3436/5740/5568
f 3398/5739/5567 3436/5740/5568 3397/5741/5569
f 3397/5741/5569 3436/5740/5568 3437/5742/5570
f 3397/5741/5569 3437/5742/5570 3396/5743/5571
f 3396/5743/5571 3437/5742/5570 3438/5744/5572
f 3396/5743/5571 3438/5744/5572 3395/5745/5573
f 3395/5745/5573 3438/5744/5572 3439/5746/5574
f 3395/5745/5573 3439/5746/5574 3394/5697/5527
f 3394/5697/5527 3439/5746/5574 3440/5698/5528
f 3442/5747/5575 3488/5748/5576 3441/5749/5577
f 3441/5749/5577 3488/5748/5576 3465/5750/5578
f 3441/5751/5577 3465/5752/5578 3464/5753/5579
f 3464/5753/5579 3465/5752/5578 3466/5754/5580
f 3464/5753/5579 3466/5754/5580 3463/5755/5581
f 3463/5755/5581 3466/5754/5580 3467/5756/5582
f 3463/5755/5581 3467/5756/5582 3462/5757/5583
f 3462/5757/5583 3467/5756/5582 3468/5758/5584
f 3462/5757/5583 3468/5758/5584 3461/5759/5585
f 3461/5759/5585 3468/5758/5584 3469/5760/5586
f 3461/5759/5585 3469/5760/5586 3460/5761/5587
f 3460/5761/5587 3469/5760/5586 3470/5762/5588
f 3460/5761/5587 3470/5762/5588 3459/5763/5589
f 3459/5763/5589 3470/5762/5588 3471/5764/5590
f 3459/5763/5589 3471/5764/5590 3458/5765/5591
f 3458/5765/5591 3471/5764/5590 3472/5766/5592
f 3458/5765/5591 3472/5766/5592 3457/5767/5593
f 3457/5767/5593 3472/5766/5592 3473/5768/5594
f 3457/5767/5593 3473/5768/5594 3456/5769/5595
f 3456/5769/5595 3473/5768/5594 3474/5770/5596
f 3456/5769/5595 3474/5770/5596 3455/5771/5597
f 3455/5771/5597 3474/5770/5596 3475/5772/5598
f 3455/5771/5597 3475/5772/5598 3454/5773/5599
f 3454/5773/5599 3475/5772/5598 3476/5774/5600
f 3454/5773/5599 3476/5774/5600 3453/5775/5601
f 3453/5775/5601 3476/5774/5600 3477/5776/5602
f 3453/5775/5601 3477/5776/5602 3452/5777/5603
f 3452/5777/5603 3477/5776/5602 3478/5778/5604
f 3452/5777/5603 3478/5778/5604 3451/5779/5605
f 3451/5779/5605 3478/5778/5604 3479/5780/5606
f 3451/5779/5605 3479/5780/5606 3450/5781/5607
f 3450/5781/5607 3479/5780/5606 3480/5782/5608
f 3450/5781/5607 3480/5782/5608 3449/5783/5609
f 3449/5783/5609 3480/5782/5608 3481/5784/5610
f 3449/5783/5609 3481/5784/5610 3448/5785/5611
f 3448/5785/5611 3481/5784/5610 3482/5786/5612
f 3448/5785/5611 3482/5786/5612 3447/5787/5613
f 3447/5787/5613 3482/5786/5612 3483/5788/5614
f 3447/5787/5613 3483/5788/5614 3446/5789/5615
f 3446/5789/5615 3483/5788/5614 3484/5790/5616
f 3446/5789/5615 3484/5790/5616 3445/5791/5617
f 3445/5791/5617 3484/5790/5616 3485/5792/5618
f 3445/5791/5617 3485/5792/5618 3444/5793/5619
f 3444/5793/5619 3485/5792/5618 3486/5794/5620
f 3444/5793/5619 3486/5794/5620 3443/5795/5621
f 3443/5795/5621 3486/5794/5620 3487/5796/5622
f 3443/5795/5621 3487/5796/5622 3442/5747/5575
f 3442/5747/5575 3487/5796/5622 3488/5748/5576
f 3489/5797/5623 3490/5798/5624 3492/5799/5625
f 3492/5799/5625 3490/5798/5624 3491/5800/5626
f 3493/5801/5627 3489/5802/5628 3494/5803/5629
f 3494/5803/5629 3489/5802/5628 3492/5804/5630
f 3495/5805/5631 3493/5806/5632 3496/5807/5633
f 3496/5807/5633 3493/5806/5632 3494/5808/5634
f 3495/5809/5635 3437/5810/5636 3497/5811/5637
f 3497/5811/5637 3437/5810/5636 3436/5812/5638
f 3497/5811/5637 3436/5812/5638 3435/5813/5639
f 3496/5814/5640 3465/5815/5641 3495/5809/5635
f 3495/5809/5635 3465/5815/5641 3488/5816/5642
f 3495/5809/5635 3488/5816/5642 3487/5817/5643
f 3498/5818/5644 3473/5819/5645 3496/5814/5640
f 3496/5814/5640 3473/5819/5645 3472/5820/5646
f 3496/5814/5640 3472/5820/5646 3471/5821/5647
f 3497/5811/5637 3429/5822/5648 3498/5818/5644
f 3498/5818/5644 3429/5822/5648 3428/5823/5649
f 3498/5818/5644 3428/5823/5649 3427/5824/5650
f 3440/5825/5651 3478/5826/5652 3417/5827/5653
f 3417/5827/5653 3478/5826/5652 3477/5828/5654
f 3417/5827/5653 3477/5828/5654 3418/5829/5655
f 3418/5829/5655 3477/5828/5654 3476/5830/5656
f 3418/5829/5655 3476/5830/5656 3419/5831/5657
f 3419/5831/5657 3476/5830/5656 3475/5832/5658
f 3419/5831/5657 3475/5832/5658 3420/5833/5659
f 3420/5833/5659 3475/5832/5658 3474/5834/5660
f 3420/5833/5659 3474/5834/5660 3421/5835/5661
f 3421/5835/5661 3474/5834/5660 3473/5819/5645
f 3421/5835/5661 3473/5819/5645 3498/5818/5644
f 3478/5826/5652 3440/5825/5651 3479/5836/5662
f 3479/5836/5662 3440/5825/5651 3439/5837/5663
f 3479/5836/5662 3439/5837/5663 3480/5838/5664
f 3480/5838/5664 3439/5837/5663 3438/5839/5665
f 3480/5838/5664 3438/5839/5665 3481/5840/5666
f 3481/5840/5666 3438/5839/5665 3437/5810/5636
f 3481/5840/5666 3437/5810/5636 3495/5809/5635
f 3435/5813/5639 3434/5841/5667 3497/5811/5637
f 3497/5811/5637 3434/5841/5667 3433/5842/5668
f 3497/5811/5637 3433/5842/5668 3432/5843/5669
f 3432/5843/5669 3431/5844/5670 3497/5811/5637
f 3497/5811/5637 3431/5844/5670 3430/5845/5671
f 3497/5811/5637 3430/5845/5671 3429/5822/5648
f 3427/5824/5650 3426/5846/5672 3498/5818/5644
f 3498/5818/5644 3426/5846/5672 3425/5847/5673
f 3498/5818/5644 3425/5847/5673 3424/5848/5674
f 3424/5848/5674 3423/5849/5675 3498/5818/5644
f 3498/5818/5644 3423/5849/5675 3422/5850/5676
f 3498/5818/5644 3422/5850/5676 3421/5835/5661
f 3487/5817/5643 3486/5851/5677 3495/5809/5635
f 3495/5809/5635 3486/5851/5677 3485/5852/5678
f 3495/5809/5635 3485/5852/5678 3484/5853/5679
f 3484/5853/5679 3483/5854/5680 3495/5809/5635
f 3495/5809/5635 3483/5854/5680 3482/5855/5681
f 3495/5809/5635 3482/5855/5681 3481/5840/5666
f 3471/5821/5647 3470/5856/5682 3496/5814/5640
f 3496/5814/5640 3470/5856/5682 3469/5857/5683
f 3496/5814/5640 3469/5857/5683 3468/5858/5684
f 3468/5858/5684 3467/5859/5685 3496/5814/5640
f 3496/5814/5640 3467/5859/5685 3466/5860/5686
f 3496/5814/5640 3466/5860/5686 3465/5815/5641
f 3499/5861/5687 3497/5862/5688 3500/5863/5689
f 3500/5863/5689 3497/5862/5688 3498/5864/5690
f 3501/5865/5691 3499/5866/5692 3502/5867/5693
f 3502/5867/5693 3499/5866/5692 3500/5868/5694
f 3503/5869/5695 3501/5870/5696 3504/5871/5697
f 3504/5871/5697 3501/5870/5696 3502/5872/5698
f 3503/5873/5699 3448/5874/5700 3490/5875/5701
f 3490/5875/5701 3448/5874/5700 3447/5876/5702
f 3490/5875/5701 3447/5876/5702 3446/5877/5703
f 3504/5878/5704 3405/5879/5705 3503/5873/5699
f 3503/5873/5699 3405/5879/5705 3404/5880/5706
f 3503/5873/5699 3404/5880/5706 3403/5881/5707
f 3491/5882/5708 3412/5883/5709 3504/5878/5704
f 3504/5878/5704 3412/5883/5709 3411/5884/5710
f 3504/5878/5704 3411/5884/5710 3410/5885/5711
f 3490/5875/5701 3441/5886/5712 3491/5882/5708
f 3491/5882/5708 3441/5886/5712 3464/5887/5713
f 3491/5882/5708 3464/5887/5713 3463/5888/5714
f 3416/5889/5715 3454/5890/5716 3393/5891/5717
f 3393/5891/5717 3454/5890/5716 3453/5892/5718
f 3393/5891/5717 3453/5892/5718 3394/5893/5719
f 3394/5893/5719 3453/5892/5718 3452/5894/5720
f 3394/5893/5719 3452/5894/5720 3395/5895/5721
f 3395/5895/5721 3452/5894/5720 3451/5896/5722
f 3395/5895/5721 3451/5896/5722 3396/5897/5723
f 3396/5897/5723 3451/5896/5722 3450/5898/5724
f 3396/5897/5723 3450/5898/5724 3397/5899/5725
f 3397/5899/5725 3450/5898/5724 3449/5900/5726
f 3397/5899/5725 3449/5900/5726 3398/5901/5727
f 3398/5901/5727 3449/5900/5726 3448/5874/5700
f 3398/5901/5727 3448/5874/5700 3503/5873/5699
f 3454/5890/5716 3416/5889/5715 3455/5902/5728
f 3455/5902/5728 3416/5889/5715 3415/5903/5729
f 3455/5902/5728 3415/5903/5729 3456/5904/5730
f 3456/5904/5730 3415/5903/5729 3414/5905/5731
f 3456/5904/5730 3414/5905/5731 3457/5906/5732
f 3457/5906/5732 3414/5905/5731 3413/5907/5733
f 3457/5906/5732 3413/5907/5733 3458/5908/5734
f 3458/5908/5734 3413/5907/5733 3412/5883/5709
f 3458/5908/5734 3412/5883/5709 3491/5882/5708
f 3410/5885/5711 3409/5909/5735 3504/5878/5704
f 3504/5878/5704 3409/5909/5735 3408/5910/5736
f 3504/5878/5704 3408/5910/5736 3407/5911/5737
f 3407/5911/5737 3406/5912/5738 3504/5878/5704
f 3504/5878/5704 3406/5912/5738 3405/5879/5705
f 3403/5881/5707 3402/5913/5739 3503/5873/5699
f 3503/5873/5699 3402/5913/5739 3401/5914/5740
f 3503/5873/5699 3401/5914/5740 3400/5915/5741
f 3400/5915/5741 3399/5916/5742 3503/5873/5699
f 3503/5873/5699 3399/5916/5742 3398/5901/5727
f 3463/5888/5714 3462/5917/5743 3491/5882/5708
f 3491/5882/5708 3462/5917/5743 3461/5918/5744
f 3491/5882/5708 3461/5918/5744 3460/5919/5745
f 3460/5919/5745 3459/5920/5746 3491/5882/5708
f 3491/5882/5708 3459/5920/5746 3458/5908/5734
f 3446/5877/5703 3445/5921/5747 3490/5875/5701
f 3490/5875/5701 3445/5921/5747 3444/5922/5748
f 3490/5875/5701 3444/5922/5748 3443/5923/5749
f 3443/5923/5749 3442/5924/5750 3490/5875/5701
f 3490/5875/5701 3442/5924/5750 3441/5886/5712
f 3501/5925/5751 3503/5926/5752 3497/5927/5753
f 3497/5927/5753 3503/5926/5752 3490/5928/5754
f 3497/5927/5753 3490/5928/5754 3495/5929/5755
f 3495/5929/5755 3490/5928/5754 3489/5930/5756
f 3495/5929/5755 3489/5930/5756 3493/5931/5757
f 3497/5927/5753 3499/5932/5758 3501/5925/5751
f 3492/5933/5759 3491/5934/5760 3496/5935/5761
f 3496/5935/5761 3491/5934/5760 3504/5936/5762
f 3496/5935/5761 3504/5936/5762 3498/5937/5763
f 3498/5937/5763 3504/5936/5762 3502/5938/5764
f 3498/5937/5763 3502/5938/5764 3500/5939/5765
f 3496/5935/5761 3494/5940/5766 3492/5933/5759
g Body12

v 610.937296 4703.651043 -108.865044
v 609.499233 4703.840368 -108.865044
v 608.159171 4704.395440 -108.865044
v 607.008434 4705.278431 -108.865044
v 606.125443 4706.429168 -108.865044
v 605.570371 4707.769230 -108.865044
v 605.381046 4709.207293 -108.865044
v 605.570371 4710.645357 -108.865044
v 606.125443 4711.985418 -108.865044
v 607.008434 4713.136155 -108.865044
v 608.159171 4714.019147 -108.865044
v 609.499233 4714.574219 -108.865044
v 610.937296 4714.763543 -108.865044
v 612.375360 4714.574219 -108.865044
v 613.715421 4714.019147 -108.865044
v 614.866158 4713.136155 -108.865044
v 615.749150 4711.985418 -108.865044
v 616.304222 4710.645357 -108.865044
v 616.493546 4709.207293 -108.865044
v 616.304222 4707.769230 -108.865044
v 615.749150 4706.429168 -108.865044
v 614.866158 4705.278431 -108.865044
v 613.715421 4704.395440 -108.865044
v 612.375360 4703.840368 -108.865044
v 610.937296 4703.651043 -102.515044
v 612.375360 4703.840368 -102.515044
v 613.715421 4704.395440 -102.515044
v 614.866158 4705.278431 -102.515044
v 615.749150 4706.429168 -102.515044
v 616.304222 4707.769230 -102.515044
v 616.493546 4709.207293 -102.515044
v 616.304222 4710.645357 -102.515044
v 615.749150 4711.985418 -102.515044
v 614.866158 4713.136155 -102.515044
v 613.715421 4714.019147 -102.515044
v 612.375360 4714.574219 -102.515044
v 610.937296 4714.763543 -102.515044
v 609.499233 4714.574219 -102.515044
v 608.159171 4714.019147 -102.515044
v 607.008434 4713.136155 -102.515044
v 606.125443 4711.985418 -102.515044
v 605.570371 4710.645357 -102.515044
v 605.381046 4709.207293 -102.515044
v 605.570371 4707.769230 -102.515044
v 606.125443 4706.429168 -102.515044
v 607.008434 4705.278431 -102.515044
v 608.159171 4704.395440 -102.515044
v 609.499233 4703.840368 -102.515044
v 610.937296 4652.851043 -108.865044
v 609.499233 4653.040368 -108.865044
v 608.159171 4653.595440 -108.865044
v 607.008434 4654.478431 -108.865044
v 606.125443 4655.629168 -108.865044
v 605.570371 4656.969230 -108.865044
v 605.381046 4658.407293 -108.865044
v 605.570371 4659.845357 -108.865044
v 606.125443 4661.185418 -108.865044
v 607.008434 4662.336155 -108.865044
v 608.159171 4663.219147 -108.865044
v 609.499233 4663.774219 -108.865044
v 610.937296 4663.963543 -108.865044
v 612.375360 4663.774219 -108.865044
v 613.715421 4663.219147 -108.865044
v 614.866158 4662.336155 -108.865044
v 615.749150 4661.185418 -108.865044
v 616.304222 4659.845357 -108.865044
v 616.493546 4658.407293 -108.865044
v 616.304222 4656.969230 -108.865044
v 615.749150 4655.629168 -108.865044
v 614.866158 4654.478431 -108.865044
v 613.715421 4653.595440 -108.865044
v 612.375360 4653.040368 -108.865044
v 610.937296 4652.851043 -102.515044
v 612.375360 4653.040368 -102.515044
v 613.715421 4653.595440 -102.515044
v 614.866158 4654.478431 -102.515044
v 615.749150 4655.629168 -102.515044
v 616.304222 4656.969230 -102.515044
v 616.493546 4658.407293 -102.515044
v 616.304222 4659.845357 -102.515044
v 615.749150 4661.185418 -102.515044
v 614.866158 4662.336155 -102.515044
v 613.715421 4663.219147 -102.515044
v 612.375360 4663.774219 -102.515044
v 610.937296 4663.963543 -102.515044
v 609.499233 4663.774219 -102.515044
v 608.159171 4663.219147 -102.515044
v 607.008434 4662.336155 -102.515044
v 606.125443 4661.185418 -102.515044
v 605.570371 4659.845357 -102.515044
v 605.381046 4658.407293 -102.515044
v 605.570371 4656.969230 -102.515044
v 606.125443 4655.629168 -102.515044
v 607.008434 4654.478431 -102.515044
v 608.159171 4653.595440 -102.515044
v 609.499233 4653.040368 -102.515044
v 572.837296 4633.007293 -45.365044
v 572.837296 4633.007293 -108.865044
v 649.037296 4633.007293 -108.865044
v 649.037296 4633.007293 -45.365044
v 572.837296 4639.357293 -45.365044
v 649.037296 4639.357293 -45.365044
v 572.837296 4639.357293 -102.515044
v 649.037296 4639.357293 -102.515044
v 572.837296 4728.257293 -102.515044
v 649.037296 4728.257293 -102.515044
v 572.837296 4728.257293 -45.365044
v 649.037296 4728.257293 -45.365044
v 572.837296 4734.607293 -45.365044
v 649.037296 4734.607293 -45.365044
v 572.837296 4734.607293 -108.865044
v 649.037296 4734.607293 -108.865044
vt 0.635000 -1.600085 0.000000
vt -0.000000 -1.600085 0.000000
vt 0.635000 -1.745547 0.000000
vt -0.000000 -1.745547 0.000000
vt 0.635000 1.745547 0.000000
vt -0.000000 1.745547 0.000000
vt 0.635000 1.600085 0.000000
vt 0.000000 1.600085 0.000000
vt 0.635000 1.454623 0.000000
vt 0.000000 1.454623 0.000000
vt 0.635000 1.309161 0.000000
vt 0.000000 1.309161 0.000000
vt 0.635000 1.163698 0.000000
vt 0.000000 1.163698 0.000000
vt 0.635000 1.018236 0.000000
vt 0.000000 1.018236 0.000000
vt 0.635000 0.872774 0.000000
vt 0.000000 0.872774 0.000000
vt 0.635000 0.727311 0.000000
vt 0.000000 0.727311 0.000000
vt 0.635000 0.581849 0.000000
vt 0.000000 0.581849 0.000000
vt 0.635000 0.436387 0.000000
vt 0.000000 0.436387 0.000000
vt 0.635000 0.290925 0.000000
vt 0.000000 0.290925 0.000000
vt 0.635000 0.145462 0.000000
vt 0.000000 0.145462 0.000000
vt 0.635000 0.000000 0.000000
vt 0.000000 0.000000 0.000000
vt 0.635000 -0.145462 0.000000
vt -0.000000 -0.145462 0.000000
vt 0.635000 -0.290925 0.000000
vt -0.000000 -0.290925 0.000000
vt 0.635000 -0.436387 0.000000
vt -0.000000 -0.436387 0.000000
vt 0.635000 -0.581849 0.000000
vt -0.000000 -0.581849 0.000000
vt 0.635000 -0.727311 0.000000
vt -0.000000 -0.727311 0.000000
vt 0.635000 -0.872774 0.000000
vt -0.000000 -0.872774 0.000000
vt 0.635000 -1.018236 0.000000
vt -0.000000 -1.018236 0.000000
vt 0.635000 -1.163698 0.000000
vt -0.000000 -1.163698 0.000000
vt 0.635000 -1.309161 0.000000
vt -0.000000 -1.309161 0.000000
vt 0.635000 -1.454623 0.000000
vt -0.000000 -1.454623 0.000000
vt 0.635000 -1.600085 0.000000
vt -0.000000 -1.600085 0.000000
vt 0.635000 -1.745547 0.000000
vt -0.000000 -1.745547 0.000000
vt 0.635000 1.745547 0.000000
vt -0.000000 1.745547 0.000000
vt 0.635000 1.600085 0.000000
vt 0.000000 1.600085 0.000000
vt 0.635000 1.454623 0.000000
vt 0.000000 1.454623 0.000000
vt 0.635000 1.309161 0.000000
vt 0.000000 1.309161 0.000000
vt 0.635000 1.163698 0.000000
vt 0.000000 1.163698 0.000000
vt 0.635000 1.018236 0.000000
vt 0.000000 1.018236 0.000000
vt 0.635000 0.872774 0.000000
vt 0.000000 0.872774 0.000000
vt 0.635000 0.727311 0.000000
vt 0.000000 0.727311 0.000000
vt 0.635000 0.581849 0.000000
vt 0.000000 0.581849 0.000000
vt 0.635000 0.436387 0.000000
vt 0.000000 0.436387 0.000000
vt 0.635000 0.290925 0.000000
vt 0.000000 0.290925 0.000000
vt 0.635000 0.145462 0.000000
vt 0.000000 0.145462 0.000000
vt 0.635000 0.000000 0.000000
vt 0.000000 0.000000 0.000000
vt 0.635000 -0.145462 0.000000
vt -0.000000 -0.145462 0.000000
vt 0.635000 -0.290925 0.000000
vt -0.000000 -0.290925 0.000000
vt 0.635000 -0.436387 0.000000
vt -0.000000 -0.436387 0.000000
vt 0.635000 -0.581849 0.000000
vt -0.000000 -0.581849 0.000000
vt 0.635000 -0.727311 0.000000
vt -0.000000 -0.727311 0.000000
vt 0.635000 -0.872774 0.000000
vt -0.000000 -0.872774 0.000000
vt 0.635000 -1.018236 0.000000
vt -0.000000 -1.018236 0.000000
vt 0.635000 -1.163698 0.000000
vt -0.000000 -1.163698 0.000000
vt 0.635000 -1.309161 0.000000
vt -0.000000 -1.309161 0.000000
vt 0.635000 -1.454623 0.000000
vt -0.000000 -1.454623 0.000000
vt 0.000000 0.000000 0.000000
vt 6.350000 -0.000000 0.000000
vt 0.000000 7.620000 0.000000
vt 6.350000 7.620000 0.000000
vt 0.000000 0.000000 0.000000
vt 0.635000 -0.000000 0.000000
vt 0.000000 7.620000 0.000000
vt 0.635000 7.620000 0.000000
vt 0.000000 0.000000 0.000000
vt 5.715000 0.000000 0.000000
vt 0.000000 7.620000 0.000000
vt 5.715000 7.620000 0.000000
vt 8.890000 -0.000000 0.000000
vt 2.182812 3.328815 0.000000
vt 0.000000 0.000000 0.000000
vt 2.048806 3.273307 0.000000
vt 1.905000 3.254375 0.000000
vt 8.890000 7.620000 0.000000
vt 7.540625 3.810000 0.000000
vt 7.521693 3.666194 0.000000
vt 7.466185 3.532187 0.000000
vt 0.000000 7.620000 0.000000
vt 6.707187 4.291185 0.000000
vt 6.841194 4.346693 0.000000
vt 6.985000 4.365625 0.000000
vt 1.349375 3.810000 0.000000
vt 1.368307 3.953806 0.000000
vt 1.423815 4.087812 0.000000
vt 2.441693 3.666194 0.000000
vt 6.448307 3.666194 0.000000
vt 2.460625 3.810000 0.000000
vt 6.429375 3.810000 0.000000
vt 2.441693 3.953806 0.000000
vt 6.448307 3.953806 0.000000
vt 2.386185 4.087812 0.000000
vt 6.503815 4.087812 0.000000
vt 2.297886 4.202886 0.000000
vt 6.592114 4.202886 0.000000
vt 2.182812 4.291185 0.000000
vt 6.503815 3.532187 0.000000
vt 2.386185 3.532187 0.000000
vt 6.592114 3.417114 0.000000
vt 2.297886 3.417114 0.000000
vt 6.707187 3.328815 0.000000
vt 1.761194 3.273307 0.000000
vt 1.627187 3.328815 0.000000
vt 1.512114 3.417114 0.000000
vt 1.423815 3.532187 0.000000
vt 1.368307 3.666194 0.000000
vt 1.512114 4.202886 0.000000
vt 1.627187 4.291185 0.000000
vt 1.761194 4.346693 0.000000
vt 1.905000 4.365625 0.000000
vt 2.048806 4.346693 0.000000
vt 7.377886 3.417114 0.000000
vt 7.262812 3.328815 0.000000
vt 7.128806 3.273307 0.000000
vt 6.985000 3.254375 0.000000
vt 6.841194 3.273307 0.000000
vt 7.128806 4.346693 0.000000
vt 7.262812 4.291185 0.000000
vt 7.377886 4.202886 0.000000
vt 7.466185 4.087812 0.000000
vt 7.521693 3.953806 0.000000
vt 0.000000 0.000000 0.000000
vt 5.715000 -0.000000 0.000000
vt 0.000000 7.620000 0.000000
vt 5.715000 7.620000 0.000000
vt 0.000000 0.000000 0.000000
vt 0.635000 0.000000 0.000000
vt 0.000000 7.620000 0.000000
vt 0.635000 7.620000 0.000000
vt 0.000000 0.000000 0.000000
vt 6.350000 -0.000000 0.000000
vt 0.000000 7.620000 0.000000
vt 6.350000 7.620000 0.000000
vt 10.160000 0.000000 0.000000
vt 2.683806 3.273307 0.000000
vt 0.000000 0.000000 0.000000
vt 2.540000 3.254375 0.000000
vt 2.396194 3.273307 0.000000
vt 10.160000 7.620000 0.000000
vt 8.175625 3.810000 0.000000
vt 8.156693 3.666194 0.000000
vt 8.101185 3.532187 0.000000
vt 0.000000 7.620000 0.000000
vt 7.476194 4.346693 0.000000
vt 7.620000 4.365625 0.000000
vt 7.763806 4.346693 0.000000
vt 1.984375 3.810000 0.000000
vt 2.003307 3.953806 0.000000
vt 2.058815 4.087812 0.000000
vt 7.083307 3.953806 0.000000
vt 3.076693 3.953806 0.000000
vt 7.064375 3.810000 0.000000
vt 3.095625 3.810000 0.000000
vt 7.083307 3.666194 0.000000
vt 3.076693 3.666194 0.000000
vt 7.138815 3.532187 0.000000
vt 3.021185 3.532187 0.000000
vt 7.227114 3.417114 0.000000
vt 2.932886 3.417114 0.000000
vt 7.342187 3.328815 0.000000
vt 2.817812 3.328815 0.000000
vt 7.476194 3.273307 0.000000
vt 3.021185 4.087812 0.000000
vt 7.138815 4.087812 0.000000
vt 2.932886 4.202886 0.000000
vt 7.227114 4.202886 0.000000
vt 2.817812 4.291185 0.000000
vt 7.342187 4.291185 0.000000
vt 2.683806 4.346693 0.000000
vt 7.897812 4.291185 0.000000
vt 8.012886 4.202886 0.000000
vt 8.101185 4.087812 0.000000
vt 8.156693 3.953806 0.000000
vt 8.012886 3.417114 0.000000
vt 7.897812 3.328815 0.000000
vt 7.763806 3.273307 0.000000
vt 7.620000 3.254375 0.000000
vt 2.147114 4.202886 0.000000
vt 2.262187 4.291185 0.000000
vt 2.396194 4.346693 0.000000
vt 2.540000 4.365625 0.000000
vt 2.262187 3.328815 0.000000
vt 2.147114 3.417114 0.000000
vt 2.058815 3.532187 0.000000
vt 2.003307 3.666194 0.000000
vt 5.080000 -4.236357 0.000000
vt 5.080000 2.113643 0.000000
vt 4.445000 1.478643 0.000000
vt -5.080000 2.113643 0.000000
vt -4.445000 1.478643 0.000000
vt -5.080000 -4.236357 0.000000
vt -4.445000 -4.236357 0.000000
vt 4.445000 -4.236357 0.000000
vt 5.080000 -4.236357 0.000000
vt 5.080000 2.113643 0.000000
vt 4.445000 1.478643 0.000000
vt -5.080000 2.113643 0.000000
vt -4.445000 1.478643 0.000000
vt -5.080000 -4.236357 0.000000
vt -4.445000 -4.236357 0.000000
vt 4.445000 -4.236357 0.000000
vn 0.025882 0.096593 0.000000
vn 0.025882 0.096593 0.000000
vn -0.000000 0.100000 0.000000
vn -0.000000 0.100000 0.000000
vn -0.025882 0.096593 -0.000000
vn -0.025882 0.096593 -0.000000
vn -0.050000 0.086603 -0.000000
vn -0.050000 0.086603 -0.000000
vn -0.070711 0.070711 -0.000000
vn -0.070711 0.070711 -0.000000
vn -0.086603 0.050000 -0.000000
vn -0.086603 0.050000 -0.000000
vn -0.096593 0.025882 -0.000000
vn -0.096593 0.025882 -0.000000
vn -0.100000 0.000000 -0.000000
vn -0.100000 -0.000000 -0.000000
vn -0.096593 -0.025882 -0.000000
vn -0.096593 -0.025882 -0.000000
vn -0.086603 -0.050000 -0.000000
vn -0.086603 -0.050000 -0.000000
vn -0.070711 -0.070711 -0.000000
vn -0.070711 -0.070711 -0.000000
vn -0.050000 -0.086603 -0.000000
vn -0.050000 -0.086603 -0.000000
vn -0.025882 -0.096593 -0.000000
vn -0.025882 -0.096593 -0.000000
vn 0.000000 -0.100000 -0.000000
vn 0.000000 -0.100000 -0.000000
vn 0.025882 -0.096593 0.000000
vn 0.025882 -0.096593 0.000000
vn 0.050000 -0.086603 0.000000
vn 0.050000 -0.086603 0.000000
vn 0.070711 -0.070711 0.000000
vn 0.070711 -0.070711 0.000000
vn 0.086603 -0.050000 0.000000
vn 0.086603 -0.050000 0.000000
vn 0.096593 -0.025882 0.000000
vn 0.096593 -0.025882 0.000000
vn 0.100000 0.000000 0.000000
vn 0.100000 -0.000000 0.000000
vn 0.096593 0.025882 0.000000
vn 0.096593 0.025882 0.000000
vn 0.086603 0.050000 0.000000
vn 0.086603 0.050000 0.000000
vn 0.070711 0.070711 0.000000
vn 0.070711 0.070711 0.000000
vn 0.050000 0.086603 0.000000
vn 0.050000 0.086603 0.000000
vn 0.025882 0.096593 0.000000
vn 0.025882 0.096593 0.000000
vn -0.000000 0.100000 0.000000
vn -0.000000 0.100000 0.000000
vn -0.025882 0.096593 -0.000000
vn -0.025882 0.096593 -0.000000
vn -0.050000 0.086603 -0.000000
vn -0.050000 0.086603 -0.000000
vn -0.070711 0.070711 -0.000000
vn -0.070711 0.070711 -0.000000
vn -0.086603 0.050000 -0.000000
vn -0.086603 0.050000 -0.000000
vn -0.096593 0.025882 -0.000000
vn -0.096593 0.025882 -0.000000
vn -0.100000 -0.000000 -0.000000
vn -0.100000 -0.000000 -0.000000
vn -0.096593 -0.025882 -0.000000
vn -0.096593 -0.025882 -0.000000
vn -0.086603 -0.050000 -0.000000
vn -0.086603 -0.050000 -0.000000
vn -0.070711 -0.070711 -0.000000
vn -0.070711 -0.070711 -0.000000
vn -0.050000 -0.086603 -0.000000
vn -0.050000 -0.086603 -0.000000
vn -0.025882 -0.096593 -0.000000
vn -0.025882 -0.096593 -0.000000
vn 0.000000 -0.100000 -0.000000
vn 0.000000 -0.100000 -0.000000
vn 0.025882 -0.096593 0.000000
vn 0.025882 -0.096593 0.000000
vn 0.050000 -0.086603 0.000000
vn 0.050000 -0.086603 0.000000
vn 0.070711 -0.070711 0.000000
vn 0.070711 -0.070711 0.000000
vn 0.086603 -0.050000 0.000000
vn 0.086603 -0.050000 0.000000
vn 0.096593 -0.025882 0.000000
vn 0.096593 -0.025882 0.000000
vn 0.100000 -0.000000 0.000000
vn 0.100000 -0.000000 0.000000
vn 0.096593 0.025882 0.000000
vn 0.096593 0.025882 0.000000
vn 0.086603 0.050000 0.000000
vn 0.086603 0.050000 0.000000
vn 0.070711 0.070711 0.000000
vn 0.070711 0.070711 0.000000
vn 0.050000 0.086603 0.000000
vn 0.050000 0.086603 0.000000
vn 0.000000 -0.100000 -0.000000
vn 0.000000 -0.100000 -0.000000
vn 0.000000 -0.100000 -0.000000
vn 0.000000 -0.100000 -0.000000
vn -0.000000 -0.000000 0.100000
vn -0.000000 -0.000000 0.100000
vn -0.000000 -0.000000 0.100000
vn -0.000000 -0.000000 0.100000
vn -0.000000 0.100000 0.000000
vn -0.000000 0.100000 0.000000
vn -0.000000 0.100000 0.000000
vn -0.000000 0.100000 0.000000
vn -0.000000 -0.000000 0.100000
vn -0.000000 -0.000000 0.100000
vn -0.000000 -0.000000 0.100000
vn -0.000000 -0.000000 0.100000
vn -0.000000 -0.000000 0.100000
vn -0.000000 -0.000000 0.100000
vn -0.000000 -0.000000 0.100000
vn -0.000000 -0.000000 0.100000
vn -0.000000 -0.000000 0.100000
vn -0.000000 -0.000000 0.100000
vn -0.000000 -0.000000 0.100000
vn -0.000000 -0.000000 0.100000
vn -0.000000 -0.000000 0.100000
vn -0.000000 -0.000000 0.100000
vn -0.000000 -0.000000 0.100000
vn -0.000000 -0.000000 0.100000
vn -0.000000 -0.000000 0.100000
vn -0.000000 -0.000000 0.100000
vn -0.000000 -0.000000 0.100000
vn -0.000000 -0.000000 0.100000
vn -0.000000 -0.000000 0.100000
vn -0.000000 -0.000000 0.100000
vn -0.000000 -0.000000 0.100000
vn -0.000000 -0.000000 0.100000
vn -0.000000 -0.000000 0.100000
vn -0.000000 -0.000000 0.100000
vn -0.000000 -0.000000 0.100000
vn -0.000000 -0.000000 0.100000
vn -0.000000 -0.000000 0.100000
vn -0.000000 -0.000000 0.100000
vn -0.000000 -0.000000 0.100000
vn -0.000000 -0.000000 0.100000
vn -0.000000 -0.000000 0.100000
vn -0.000000 -0.000000 0.100000
vn -0.000000 -0.000000 0.100000
vn -0.000000 -0.000000 0.100000
vn -0.000000 -0.000000 0.100000
vn -0.000000 -0.000000 0.100000
vn -0.000000 -0.000000 0.100000
vn -0.000000 -0.000000 0.100000
vn -0.000000 -0.000000 0.100000
vn -0.000000 -0.000000 0.100000
vn -0.000000 -0.000000 0.100000
vn -0.000000 -0.000000 0.100000
vn -0.000000 -0.000000 0.100000
vn -0.000000 -0.000000 0.100000
vn -0.000000 -0.000000 0.100000
vn -0.000000 -0.000000 0.100000
vn -0.000000 -0.000000 0.100000
vn -0.000000 -0.000000 0.100000
vn -0.000000 -0.000000 0.100000
vn -0.000000 -0.000000 0.100000
vn 0.000000 -0.100000 -0.000000
vn 0.000000 -0.100000 -0.000000
vn 0.000000 -0.100000 -0.000000
vn 0.000000 -0.100000 -0.000000
vn -0.000000 -0.000000 0.100000
vn -0.000000 -0.000000 0.100000
vn -0.000000 -0.000000 0.100000
vn -0.000000 -0.000000 0.100000
vn -0.000000 0.100000 0.000000
vn -0.000000 0.100000 0.000000
vn -0.000000 0.100000 0.000000
vn -0.000000 0.100000 0.000000
vn 0.000000 0.000000 -0.100000
vn 0.000000 0.000000 -0.100000
vn 0.000000 0.000000 -0.100000
vn 0.000000 0.000000 -0.100000
vn 0.000000 0.000000 -0.100000
vn 0.000000 0.000000 -0.100000
vn 0.000000 0.000000 -0.100000
vn 0.000000 0.000000 -0.100000
vn 0.000000 0.000000 -0.100000
vn 0.000000 0.000000 -0.100000
vn 0.000000 0.000000 -0.100000
vn 0.000000 0.000000 -0.100000
vn 0.000000 0.000000 -0.100000
vn 0.000000 0.000000 -0.100000
vn 0.000000 0.000000 -0.100000
vn 0.000000 0.000000 -0.100000
vn 0.000000 0.000000 -0.100000
vn 0.000000 0.000000 -0.100000
vn 0.000000 0.000000 -0.100000
vn 0.000000 0.000000 -0.100000
vn 0.000000 0.000000 -0.100000
vn 0.000000 0.000000 -0.100000
vn 0.000000 0.000000 -0.100000
vn 0.000000 0.000000 -0.100000
vn 0.000000 0.000000 -0.100000
vn 0.000000 0.000000 -0.100000
vn 0.000000 0.000000 -0.100000
vn 0.000000 0.000000 -0.100000
vn 0.000000 0.000000 -0.100000
vn 0.000000 0.000000 -0.100000
vn 0.000000 0.000000 -0.100000
vn 0.000000 0.000000 -0.100000
vn 0.000000 0.000000 -0.100000
vn 0.000000 0.000000 -0.100000
vn 0.000000 0.000000 -0.100000
vn 0.000000 0.000000 -0.100000
vn 0.000000 0.000000 -0.100000
vn 0.000000 0.000000 -0.100000
vn 0.000000 0.000000 -0.100000
vn 0.000000 0.000000 -0.100000
vn 0.000000 0.000000 -0.100000
vn 0.000000 0.000000 -0.100000
vn 0.000000 0.000000 -0.100000
vn 0.000000 0.000000 -0.100000
vn 0.000000 0.000000 -0.100000
vn 0.000000 0.000000 -0.100000
vn 0.000000 0.000000 -0.100000
vn 0.000000 0.000000 -0.100000
vn 0.000000 0.000000 -0.100000
vn 0.000000 0.000000 -0.100000
vn 0.000000 0.000000 -0.100000
vn 0.000000 0.000000 -0.100000
vn -0.100000 -0.000000 -0.000000
vn -0.100000 -0.000000 -0.000000
vn -0.100000 -0.000000 -0.000000
vn -0.100000 -0.000000 -0.000000
vn -0.100000 -0.000000 -0.000000
vn -0.100000 -0.000000 -0.000000
vn -0.100000 -0.000000 -0.000000
vn -0.100000 -0.000000 -0.000000
vn 0.100000 0.000000 0.000000
vn 0.100000 0.000000 0.000000
vn 0.100000 0.000000 0.000000
vn 0.100000 0.000000 0.000000
vn 0.100000 0.000000 0.000000
vn 0.100000 0.000000 0.000000
vn 0.100000 0.000000 0.000000
vn 0.100000 0.000000 0.000000
f 3506/5941/5767 3552/5942/5768 3505/5943/5769
f 3505/5943/5769 3552/5942/5768 3529/5944/5770
f 3505/5945/5769 3529/5946/5770 3528/5947/5771
f 3528/5947/5771 3529/5946/5770 3530/5948/5772
f 3528/5947/5771 3530/5948/5772 3527/5949/5773
f 3527/5949/5773 3530/5948/5772 3531/5950/5774
f 3527/5949/5773 3531/5950/5774 3526/5951/5775
f 3526/5951/5775 3531/5950/5774 3532/5952/5776
f 3526/5951/5775 3532/5952/5776 3525/5953/5777
f 3525/5953/5777 3532/5952/5776 3533/5954/5778
f 3525/5953/5777 3533/5954/5778 3524/5955/5779
f 3524/5955/5779 3533/5954/5778 3534/5956/5780
f 3524/5955/5779 3534/5956/5780 3523/5957/5781
f 3523/5957/5781 3534/5956/5780 3535/5958/5782
f 3523/5957/5781 3535/5958/5782 3522/5959/5783
f 3522/5959/5783 3535/5958/5782 3536/5960/5784
f 3522/5959/5783 3536/5960/5784 3521/5961/5785
f 3521/5961/5785 3536/5960/5784 3537/5962/5786
f 3521/5961/5785 3537/5962/5786 3520/5963/5787
f 3520/5963/5787 3537/5962/5786 3538/5964/5788
f 3520/5963/5787 3538/5964/5788 3519/5965/5789
f 3519/5965/5789 3538/5964/5788 3539/5966/5790
f 3519/5965/5789 3539/5966/5790 3518/5967/5791
f 3518/5967/5791 3539/5966/5790 3540/5968/5792
f 3518/5967/5791 3540/5968/5792 3517/5969/5793
f 3517/5969/5793 3540/5968/5792 3541/5970/5794
f 3517/5969/5793 3541/5970/5794 3516/5971/5795
f 3516/5971/5795 3541/5970/5794 3542/5972/5796
f 3516/5971/5795 3542/5972/5796 3515/5973/5797
f 3515/5973/5797 3542/5972/5796 3543/5974/5798
f 3515/5973/5797 3543/5974/5798 3514/5975/5799
f 3514/5975/5799 3543/5974/5798 3544/5976/5800
f 3514/5975/5799 3544/5976/5800 3513/5977/5801
f 3513/5977/5801 3544/5976/5800 3545/5978/5802
f 3513/5977/5801 3545/5978/5802 3512/5979/5803
f 3512/5979/5803 3545/5978/5802 3546/5980/5804
f 3512/5979/5803 3546/5980/5804 3511/5981/5805
f 3511/5981/5805 3546/5980/5804 3547/5982/5806
f 3511/5981/5805 3547/5982/5806 3510/5983/5807
f 3510/5983/5807 3547/5982/5806 3548/5984/5808
f 3510/5983/5807 3548/5984/5808 3509/5985/5809
f 3509/5985/5809 3548/5984/5808 3549/5986/5810
f 3509/5985/5809 3549/5986/5810 3508/5987/5811
f 3508/5987/5811 3549/5986/5810 3550/5988/5812
f 3508/5987/5811 3550/5988/5812 3507/5989/5813
f 3507/5989/5813 3550/5988/5812 3551/5990/5814
f 3507/5989/5813 3551/5990/5814 3506/5941/5767
f 3506/5941/5767 3551/5990/5814 3552/5942/5768
f 3554/5991/5815 3600/5992/5816 3553/5993/5817
f 3553/5993/5817 3600/5992/5816 3577/5994/5818
f 3553/5995/5817 3577/5996/5818 3576/5997/5819
f 3576/5997/5819 3577/5996/5818 3578/5998/5820
f 3576/5997/5819 3578/5998/5820 3575/5999/5821
f 3575/5999/5821 3578/5998/5820 3579/6000/5822
f 3575/5999/5821 3579/6000/5822 3574/6001/5823
f 3574/6001/5823 3579/6000/5822 3580/6002/5824
f 3574/6001/5823 3580/6002/5824 3573/6003/5825
f 3573/6003/5825 3580/6002/5824 3581/6004/5826
f 3573/6003/5825 3581/6004/5826 3572/6005/5827
f 3572/6005/5827 3581/6004/5826 3582/6006/5828
f 3572/6005/5827 3582/6006/5828 3571/6007/5829
f 3571/6007/5829 3582/6006/5828 3583/6008/5830
f 3571/6007/5829 3583/6008/5830 3570/6009/5831
f 3570/6009/5831 3583/6008/5830 3584/6010/5832
f 3570/6009/5831 3584/6010/5832 3569/6011/5833
f 3569/6011/5833 3584/6010/5832 3585/6012/5834
f 3569/6011/5833 3585/6012/5834 3568/6013/5835
f 3568/6013/5835 3585/6012/5834 3586/6014/5836
f 3568/6013/5835 3586/6014/5836 3567/6015/5837
f 3567/6015/5837 3586/6014/5836 3587/6016/5838
f 3567/6015/5837 3587/6016/5838 3566/6017/5839
f 3566/6017/5839 3587/6016/5838 3588/6018/5840
f 3566/6017/5839 3588/6018/5840 3565/6019/5841
f 3565/6019/5841 3588/6018/5840 3589/6020/5842
f 3565/6019/5841 3589/6020/5842 3564/6021/5843
f 3564/6021/5843 3589/6020/5842 3590/6022/5844
f 3564/6021/5843 3590/6022/5844 3563/6023/5845
f 3563/6023/5845 3590/6022/5844 3591/6024/5846
f 3563/6023/5845 3591/6024/5846 3562/6025/5847
f 3562/6025/5847 3591/6024/5846 3592/6026/5848
f 3562/6025/5847 3592/6026/5848 3561/6027/5849
f 3561/6027/5849 3592/6026/5848 3593/6028/5850
f 3561/6027/5849 3593/6028/5850 3560/6029/5851
f 3560/6029/5851 3593/6028/5850 3594/6030/5852
f 3560/6029/5851 3594/6030/5852 3559/6031/5853
f 3559/6031/5853 3594/6030/5852 3595/6032/5854
f 3559/6031/5853 3595/6032/5854 3558/6033/5855
f 3558/6033/5855 3595/6032/5854 3596/6034/5856
f 3558/6033/5855 3596/6034/5856 3557/6035/5857
f 3557/6035/5857 3596/6034/5856 3597/6036/5858
f 3557/6035/5857 3597/6036/5858 3556/6037/5859
f 3556/6037/5859 3597/6036/5858 3598/6038/5860
f 3556/6037/5859 3598/6038/5860 3555/6039/5861
f 3555/6039/5861 3598/6038/5860 3599/6040/5862
f 3555/6039/5861 3599/6040/5862 3554/5991/5815
f 3554/5991/5815 3599/6040/5862 3600/5992/5816
f 3601/6041/5863 3602/6042/5864 3604/6043/5865
f 3604/6043/5865 3602/6042/5864 3603/6044/5866
f 3605/6045/5867 3601/6046/5868 3606/6047/5869
f 3606/6047/5869 3601/6046/5868 3604/6048/5870
f 3607/6049/5871 3605/6050/5872 3608/6051/5873
f 3608/6051/5873 3605/6050/5872 3606/6052/5874
f 3607/6053/5875 3549/6054/5876 3609/6055/5877
f 3609/6055/5877 3549/6054/5876 3548/6056/5878
f 3609/6055/5877 3548/6056/5878 3547/6057/5879
f 3608/6058/5880 3577/6059/5881 3607/6053/5875
f 3607/6053/5875 3577/6059/5881 3600/6060/5882
f 3607/6053/5875 3600/6060/5882 3599/6061/5883
f 3610/6062/5884 3585/6063/5885 3608/6058/5880
f 3608/6058/5880 3585/6063/5885 3584/6064/5886
f 3608/6058/5880 3584/6064/5886 3583/6065/5887
f 3609/6055/5877 3541/6066/5888 3610/6062/5884
f 3610/6062/5884 3541/6066/5888 3540/6067/5889
f 3610/6062/5884 3540/6067/5889 3539/6068/5890
f 3552/6069/5891 3590/6070/5892 3529/6071/5893
f 3529/6071/5893 3590/6070/5892 3589/6072/5894
f 3529/6071/5893 3589/6072/5894 3530/6073/5895
f 3530/6073/5895 3589/6072/5894 3588/6074/5896
f 3530/6073/5895 3588/6074/5896 3531/6075/5897
f 3531/6075/5897 3588/6074/5896 3587/6076/5898
f 3531/6075/5897 3587/6076/5898 3532/6077/5899
f 3532/6077/5899 3587/6076/5898 3586/6078/5900
f 3532/6077/5899 3586/6078/5900 3533/6079/5901
f 3533/6079/5901 3586/6078/5900 3585/6063/5885
f 3533/6079/5901 3585/6063/5885 3610/6062/5884
f 3590/6070/5892 3552/6069/5891 3591/6080/5902
f 3591/6080/5902 3552/6069/5891 3551/6081/5903
f 3591/6080/5902 3551/6081/5903 3592/6082/5904
f 3592/6082/5904 3551/6081/5903 3550/6083/5905
f 3592/6082/5904 3550/6083/5905 3593/6084/5906
f 3593/6084/5906 3550/6083/5905 3549/6054/5876
f 3593/6084/5906 3549/6054/5876 3607/6053/5875
f 3547/6057/5879 3546/6085/5907 3609/6055/5877
f 3609/6055/5877 3546/6085/5907 3545/6086/5908
f 3609/6055/5877 3545/6086/5908 3544/6087/5909
f 3544/6087/5909 3543/6088/5910 3609/6055/5877
f 3609/6055/5877 3543/6088/5910 3542/6089/5911
f 3609/6055/5877 3542/6089/5911 3541/6066/5888
f 3539/6068/5890 3538/6090/5912 3610/6062/5884
f 3610/6062/5884 3538/6090/5912 3537/6091/5913
f 3610/6062/5884 3537/6091/5913 3536/6092/5914
f 3536/6092/5914 3535/6093/5915 3610/6062/5884
f 3610/6062/5884 3535/6093/5915 3534/6094/5916
f 3610/6062/5884 3534/6094/5916 3533/6079/5901
f 3599/6061/5883 3598/6095/5917 3607/6053/5875
f 3607/6053/5875 3598/6095/5917 3597/6096/5918
f 3607/6053/5875 3597/6096/5918 3596/6097/5919
f 3596/6097/5919 3595/6098/5920 3607/6053/5875
f 3607/6053/5875 3595/6098/5920 3594/6099/5921
f 3607/6053/5875 3594/6099/5921 3593/6084/5906
f 3583/6065/5887 3582/6100/5922 3608/6058/5880
f 3608/6058/5880 3582/6100/5922 3581/6101/5923
f 3608/6058/5880 3581/6101/5923 3580/6102/5924
f 3580/6102/5924 3579/6103/5925 3608/6058/5880
f 3608/6058/5880 3579/6103/5925 3578/6104/5926
f 3608/6058/5880 3578/6104/5926 3577/6059/5881
f 3611/6105/5927 3609/6106/5928 3612/6107/5929
f 3612/6107/5929 3609/6106/5928 3610/6108/5930
f 3613/6109/5931 3611/6110/5932 3614/6111/5933
f 3614/6111/5933 3611/6110/5932 3612/6112/5934
f 3615/6113/5935 3613/6114/5936 3616/6115/5937
f 3616/6115/5937 3613/6114/5936 3614/6116/5938
f 3615/6117/5939 3560/6118/5940 3602/6119/5941
f 3602/6119/5941 3560/6118/5940 3559/6120/5942
f 3602/6119/5941 3559/6120/5942 3558/6121/5943
f 3616/6122/5944 3517/6123/5945 3615/6117/5939
f 3615/6117/5939 3517/6123/5945 3516/6124/5946
f 3615/6117/5939 3516/6124/5946 3515/6125/5947
f 3603/6126/5948 3524/6127/5949 3616/6122/5944
f 3616/6122/5944 3524/6127/5949 3523/6128/5950
f 3616/6122/5944 3523/6128/5950 3522/6129/5951
f 3602/6119/5941 3553/6130/5952 3603/6126/5948
f 3603/6126/5948 3553/6130/5952 3576/6131/5953
f 3603/6126/5948 3576/6131/5953 3575/6132/5954
f 3528/6133/5955 3566/6134/5956 3505/6135/5957
f 3505/6135/5957 3566/6134/5956 3565/6136/5958
f 3505/6135/5957 3565/6136/5958 3506/6137/5959
f 3506/6137/5959 3565/6136/5958 3564/6138/5960
f 3506/6137/5959 3564/6138/5960 3507/6139/5961
f 3507/6139/5961 3564/6138/5960 3563/6140/5962
f 3507/6139/5961 3563/6140/5962 3508/6141/5963
f 3508/6141/5963 3563/6140/5962 3562/6142/5964
f 3508/6141/5963 3562/6142/5964 3509/6143/5965
f 3509/6143/5965 3562/6142/5964 3561/6144/5966
f 3509/6143/5965 3561/6144/5966 3510/6145/5967
f 3510/6145/5967 3561/6144/5966 3560/6118/5940
f 3510/6145/5967 3560/6118/5940 3615/6117/5939
f 3566/6134/5956 3528/6133/5955 3567/6146/5968
f 3567/6146/5968 3528/6133/5955 3527/6147/5969
f 3567/6146/5968 3527/6147/5969 3568/6148/5970
f 3568/6148/5970 3527/6147/5969 3526/6149/5971
f 3568/6148/5970 3526/6149/5971 3569/6150/5972
f 3569/6150/5972 3526/6149/5971 3525/6151/5973
f 3569/6150/5972 3525/6151/5973 3570/6152/5974
f 3570/6152/5974 3525/6151/5973 3524/6127/5949
f 3570/6152/5974 3524/6127/5949 3603/6126/5948
f 3522/6129/5951 3521/6153/5975 3616/6122/5944
f 3616/6122/5944 3521/6153/5975 3520/6154/5976
f 3616/6122/5944 3520/6154/5976 3519/6155/5977
f 3519/6155/5977 3518/6156/5978 3616/6122/5944
f 3616/6122/5944 3518/6156/5978 3517/6123/5945
f 3515/6125/5947 3514/6157/5979 3615/6117/5939
f 3615/6117/5939 3514/6157/5979 3513/6158/5980
f 3615/6117/5939 3513/6158/5980 3512/6159/5981
f 3512/6159/5981 3511/6160/5982 3615/6117/5939
f 3615/6117/5939 3511/6160/5982 3510/6145/5967
f 3575/6132/5954 3574/6161/5983 3603/6126/5948
f 3603/6126/5948 3574/6161/5983 3573/6162/5984
f 3603/6126/5948 3573/6162/5984 3572/6163/5985
f 3572/6163/5985 3571/6164/5986 3603/6126/5948
f 3603/6126/5948 3571/6164/5986 3570/6152/5974
f 3558/6121/5943 3557/6165/5987 3602/6119/5941
f 3602/6119/5941 3557/6165/5987 3556/6166/5988
f 3602/6119/5941 3556/6166/5988 3555/6167/5989
f 3555/6167/5989 3554/6168/5990 3602/6119/5941
f 3602/6119/5941 3554/6168/5990 3553/6130/5952
f 3613/6169/5991 3615/6170/5992 3609/6171/5993
f 3609/6171/5993 3615/6170/5992 3602/6172/5994
f 3609/6171/5993 3602/6172/5994 3607/6173/5995
f 3607/6173/5995 3602/6172/5994 3601/6174/5996
f 3607/6173/5995 3601/6174/5996 3605/6175/5997
f 3609/6171/5993 3611/6176/5998 3613/6169/5991
f 3604/6177/5999 3603/6178/6000 3608/6179/6001
f 3608/6179/6001 3603/6178/6000 3616/6180/6002
f 3608/6179/6001 3616/6180/6002 3610/6181/6003
f 3610/6181/6003 3616/6180/6002 3614/6182/6004
f 3610/6181/6003 3614/6182/6004 3612/6183/6005
f 3608/6179/6001 3606/6184/6006 3604/6177/5999
# 3616 vertices
# 6184 texture params
# 6006 normals
# 7352 facets

# 12 groups
